schedule_id,project,schedule_label,phase,phase_name,tasks,task_days,median_task_days,mean_task_days,p90_task_days,max_task_days,span_days,active_days,peak_concurrency,first_start,last_finish,start_position,finish_position,critical_tasks,critical_share,person_days,floors,zones,contractors,project_span_days,task_days_share
pred_bau07,pred_bau07,Roche pRED Bau 07,PROC,Beschaffung / AVOR,1965,39622.0,15.0,20.163867684478372,40.0,280.0,1689.0,1476.0,118.0,2019-07-04,2024-02-16,0.09539121114683816,1.0,196,0.09974554707379135,,30,7,0,1866.0,0.4813109656102331
dc30,dc30,DC30 Rechenzentrum,MEP,TGA-Installation,3671,29508.0,5.0,8.03813674748025,15.0,82.0,421.0,417.0,316.0,2026-03-02,2027-04-26,0.0,0.9836065573770492,52,0.014165077635521656,,7,17,0,427.0,0.8094140882159315
pred_bau07,pred_bau07,Roche pRED Bau 07,FITOUT,Ausbau,2630,25972.0,10.0,9.87528517110266,20.0,45.0,1597.0,831.0,104.0,2019-01-07,2023-05-22,0.0,0.8553054662379421,564,0.21444866920152092,,25,3,0,1866.0,0.315496653344833
usb,usb,USB NBK2 Basel,COMM,Inbetriebnahme,883,20184.0,20.0,22.858437146092864,40.0,120.0,1670.0,1527.0,94.0,2027-02-02,2031-08-29,0.07688053097345132,1.0,0,0.0,,20,0,0,1808.0,0.4463610429244344
pred_bau07,pred_bau07,Roche pRED Bau 07,PLAN,Planung,671,14200.0,15.0,21.162444113263785,40.0,160.0,1587.0,1351.0,57.0,2019-08-05,2023-12-08,0.11254019292604502,0.962486602357985,172,0.2563338301043219,,29,1,0,1866.0,0.1724954750306726
pred_bau05,pred_bau05,Roche pRED Bau 05,PROC,Beschaffung / AVOR,645,13136.0,12.0,20.365891472868217,50.0,300.0,1311.0,1169.0,44.0,2019-07-04,2023-02-03,0.0,0.9472161966738973,38,0.05891472868217054,,11,6,0,1383.0,0.3816247230998293
pred_bau04,pred_bau04,Roche pRED Bau 04,PROC,Beschaffung / AVOR,698,12529.0,10.0,17.949856733524356,45.0,247.0,1366.0,1222.0,72.0,2019-09-02,2023-05-29,0.0,1.0,33,0.04727793696275072,,10,6,0,1365.0,0.40716247176770715
elp_v6,elp,ELP Masterterminplan V6,MEP,TGA-Installation,2282,11429.0,3.0,5.008326029798423,10.0,151.0,1796.0,917.0,114.0,2024-05-27,2029-04-26,0.09844299347061777,1.0,4,0.0017528483786152498,,3,24,31,1991.0,0.4488914200428114
usb,usb,USB NBK2 Basel,MEP,TGA-Installation,1000,11101.0,10.0,11.101,20.0,50.0,1093.0,938.0,41.0,2026-09-17,2029-09-13,0.0005530973451327434,0.6045353982300885,0,0.0,,20,0,1,1808.0,0.24549415068886973
uh1,uh1,UH1 CS Master Schedule V6,FITOUT,Ausbau,968,10216.0,10.0,10.553719008264462,20.0,89.0,1780.0,1344.0,34.0,2023-11-29,2028-10-12,0.2462568951930654,0.9472025216706068,0,0.0,,12,7,5,2538.0,0.23283269138728718
usb,usb,USB NBK2 Basel,FITOUT,Ausbau,904,9759.0,10.0,10.795353982300885,20.0,172.0,1080.0,1030.0,33.0,2026-09-16,2029-08-30,0.0,0.5967920353982301,0,0.0,,20,0,0,1808.0,0.2158163603794865
uh1,uh1,UH1 CS Master Schedule V6,PLAN,Planung,274,8400.0,20.0,30.656934306569344,55.0,714.0,1884.0,1884.0,55.0,2022-03-15,2027-05-11,0.0003940110323089047,0.7423167848699763,0,0.0,,0,0,6,2538.0,0.1914442646489049
pred_bau05,pred_bau05,Roche pRED Bau 05,FITOUT,Ausbau,644,8225.25,10.0,12.772127329192546,20.0,173.0,934.0,816.0,38.0,2020-09-16,2023-04-07,0.31814895155459144,0.9927693420101229,56,0.08695652173913043,,5,4,0,1383.0,0.23895849221048043
uh1,uh1,UH1 CS Master Schedule V6,MEP,TGA-Installation,743,6664.0,10.0,8.969044414535666,10.0,40.0,1834.0,1437.0,19.0,2023-11-17,2028-11-23,0.24152876280535854,0.9637509850275807,0,0.0,,12,7,4,2538.0,0.15187911662146455
pred_bau05,pred_bau05,Roche pRED Bau 05,PLAN,Planung,287,6571.0,20.0,22.89547038327526,34.00000000000034,269.0,859.0,852.0,36.0,2019-08-05,2021-12-10,0.023138105567606652,0.64352856109906,56,0.1951219512195122,,9,0,0,1383.0,0.19089951701347277
baeretower,baeretower,Zentrum Bären / BäreTower,FITOUT,Ausbau,969,5994.0,3.0,6.185758513931889,10.0,146.0,883.0,866.0,38.0,2019-08-08,2022-01-06,0.027410207939508508,0.8610586011342155,0,0.0,25012.0,36,0,0,1058.0,0.4273187424253226
elp_v6,elp,ELP Masterterminplan V6,SHELL,Rohbau,233,5897.0,10.0,25.30901287553648,60.0,550.0,1195.0,1195.0,22.0,2023-11-13,2027-02-19,0.0,0.5996986438975389,2,0.008583690987124463,,4,36,10,1991.0,0.23161367608648692
pred_bau04,pred_bau04,Roche pRED Bau 04,PLAN,Planung,253,5605.0,20.0,22.154150197628457,39.00000000000006,50.0,819.0,819.0,41.0,2020-01-21,2022-04-18,0.10329670329670329,0.7025641025641025,3,0.011857707509881422,,8,0,0,1365.0,0.18214906650634516
dc30,dc30,DC30 Rechenzentrum,FITOUT,Ausbau,838,5454.0,5.0,6.508353221957041,10.0,59.0,421.0,419.0,55.0,2026-03-09,2027-05-03,0.01639344262295082,1.0,3,0.003579952267303103,,6,15,0,427.0,0.14960500329163923
burckhardt,burckhardt,Burckhardt Laborgebäude,MEP,TGA-Installation,421,5420.0,10.0,12.874109263657957,20.0,315.0,614.0,614.0,30.0,2025-11-17,2027-07-23,0.3463541666666667,0.8784722222222222,0,0.0,,11,5,13,1152.0,0.41026417379456515
uh1,uh1,UH1 CS Master Schedule V6,OTHER,Sonstiges,235,5229.0,10.0,22.251063829787235,60.0,200.0,2497.0,1799.0,15.0,2022-03-14,2029-01-12,0.0,0.983451536643026,0,0.0,,11,7,2,2538.0,0.1191740547439433
pred_bau04,pred_bau04,Roche pRED Bau 04,SHELL,Rohbau,474,4997.0,10.0,10.542194092827005,20.0,141.0,822.0,742.0,43.0,2020-09-16,2022-12-16,0.2783882783882784,0.8798534798534798,89,0.1877637130801688,,7,4,0,1365.0,0.16239052369887721
burckhardt,burckhardt,Burckhardt Laborgebäude,FITOUT,Ausbau,513,4615.0,10.0,8.996101364522417,15.0,30.0,607.0,599.0,25.0,2025-10-27,2027-06-25,0.328125,0.8541666666666666,0,0.0,,11,5,18,1152.0,0.3493301037014609
elp_v6,elp,ELP Masterterminplan V6,ENVELOPE,Hülle / Fassade,562,4609.0,7.5,8.201067615658364,15.0,70.0,1349.0,1032.0,36.0,2023-11-13,2027-07-23,0.0,0.6770467101958815,0,0.0,,3,26,28,1991.0,0.1810255101038864
pred_bau05,pred_bau05,Roche pRED Bau 05,SHELL,Rohbau,477,4585.0,7.0,9.61215932914046,20.0,48.0,581.0,517.0,36.0,2021-05-28,2022-12-29,0.5018076644974693,0.9211858279103399,43,0.09014675052410902,,5,2,0,1383.0,0.13320260013799615
pred_bau04,pred_bau04,Roche pRED Bau 04,FITOUT,Ausbau,313,4491.5,10.0,14.349840255591054,20.0,178.0,943.0,736.0,29.0,2020-10-29,2023-05-29,0.3098901098901099,1.0,36,0.11501597444089456,,4,3,0,1365.0,0.1459629852298393
elp_v7,elp,ELP Masterterminplan V7,SHELL,Rohbau,192,4258.0,10.0,22.177083333333332,40.0,550.0,1362.0,1349.0,13.0,2023-11-13,2027-08-05,0.0,0.7646067415730337,0,0.0,,4,51,6,1780.0,0.513878831764422
usb,usb,USB NBK2 Basel,HANDOVER,Abnahme / Übergabe,196,3330.0,20.0,16.989795918367346,20.0,50.0,1277.0,788.0,30.0,2027-09-15,2031-03-14,0.2013274336283186,0.9070796460176991,0,0.0,,19,0,0,1808.0,0.07364161082730711
uh1,uh1,UH1 CS Master Schedule V6,SHELL,Rohbau,397,3155.0,10.0,7.947103274559194,10.0,20.0,1872.0,744.0,19.0,2023-11-29,2029-01-12,0.2462568951930654,0.983451536643026,0,0.0,,11,7,4,2538.0,0.07190555416277321
uh1,uh1,UH1 CS Master Schedule V6,ENVELOPE,Hülle / Fassade,231,2813.0,10.0,12.177489177489177,30.0,30.0,1646.0,1371.0,8.0,2024-06-06,2028-12-07,0.3211189913317573,0.9692671394799054,0,0.0,,9,7,4,2538.0,0.06411103767349637
baeretower,baeretower,Zentrum Bären / BäreTower,ENVELOPE,Hülle / Fassade,385,2704.0,2.0,7.023376623376623,18.0,323.0,590.0,554.0,14.0,2020-03-31,2021-11-10,0.2504725897920605,0.8071833648393195,0,0.0,8370.0,35,0,0,1058.0,0.1927710843373494
pred_bau04,pred_bau04,Roche pRED Bau 04,MEP,TGA-Installation,124,2414.0,10.0,19.467741935483872,37.00000000000003,157.0,631.0,531.0,19.0,2020-10-09,2022-07-01,0.29523809523809524,0.7567765567765568,5,0.04032258064516129,,2,2,0,1365.0,0.07844921437044018
baeretower,baeretower,Zentrum Bären / BäreTower,MEP,TGA-Installation,343,2254.0,3.0,6.571428571428571,10.0,180.0,849.0,556.0,17.0,2019-10-03,2022-01-28,0.08034026465028356,0.8818525519848771,0,0.0,3814.0,32,0,0,1058.0,0.16069009766878165
uh1,uh1,UH1 CS Master Schedule V6,COMM,Inbetriebnahme,205,1810.0,10.0,8.829268292682928,10.0,10.0,1339.0,400.0,12.0,2025-02-26,2028-10-26,0.425531914893617,0.9527186761229315,0,0.0,,8,7,0,2538.0,0.04125168083506165
uh1,uh1,UH1 CS Master Schedule V6,DEMO,Rückbau,184,1684.0,10.0,9.152173913043478,10.0,50.0,1926.0,584.0,12.0,2023-11-03,2029-02-09,0.2360126083530339,0.9944838455476753,0,0.0,,8,7,4,2538.0,0.038380016865328076
burckhardt,burckhardt,Burckhardt Laborgebäude,DEMO,Rückbau,142,1668.0,10.0,11.746478873239436,20.0,45.0,817.0,561.0,10.0,2024-12-09,2027-03-05,0.04861111111111111,0.7569444444444444,0,0.0,,11,1,2,1152.0,0.12625842101279236
elp_v6,elp,ELP Masterterminplan V6,COMM,Inbetriebnahme,100,1638.0,20.0,16.38,20.200000000000017,150.0,1404.0,423.0,40.0,2023-11-13,2027-09-16,0.0,0.7046710195881467,16,0.16,,1,2,1,1991.0,0.0643349502170028
baeretower,baeretower,Zentrum Bären / BäreTower,EARTH,Baugrube / Erdbau,85,1629.0,10.0,19.16470588235294,74.80000000000011,145.0,872.0,677.0,12.0,2019-11-18,2022-04-07,0.12381852551984877,0.947069943289225,0,0.0,100.0,1,0,0,1058.0,0.1161331717402153
uh1,uh1,UH1 CS Master Schedule V6,PROC,Beschaffung / AVOR,28,1627.0,44.5,58.107142857142854,116.80000000000001,169.0,655.0,596.0,8.0,2022-11-25,2024-09-09,0.1008668242710796,0.35855003940110325,0,0.0,,0,0,5,2538.0,0.03708093078378193
elp_v7,elp,ELP Masterterminplan V7,ENVELOPE,Hülle / Fassade,154,1571.0,10.0,10.2012987012987,15.0,80.0,1438.0,435.0,21.0,2023-11-13,2027-10-20,0.0,0.8073033707865168,0,0.0,,4,11,1,1780.0,0.18959691045136376
uh1,uh1,UH1 CS Master Schedule V6,HANDOVER,Abnahme / Übergabe,171,1518.0,10.0,8.87719298245614,10.0,10.0,1366.0,322.0,12.0,2025-03-27,2028-12-21,0.4369582348305753,0.9747832939322301,0,0.0,,8,7,0,2538.0,0.03459671354012353
elp_v7,elp,ELP Masterterminplan V7,MEP,TGA-Installation,289,1380.0,5.0,4.775086505190312,10.0,20.0,258.0,258.0,20.0,2026-12-16,2027-08-30,0.6342696629213483,0.7786516853932585,0,0.0,,1,5,9,1780.0,0.166545981173063
pred_bau07,pred_bau07,Roche pRED Bau 07,MEP,TGA-Installation,92,1087.0,10.0,11.815217391304348,29.50000000000003,42.0,1081.0,637.0,7.0,2020-11-11,2023-10-27,0.3612004287245445,0.939978563772776,9,0.09782608695652174,,9,1,0,1866.0,0.013204407137911347
elp_v6,elp,ELP Masterterminplan V6,OTHER,Sonstiges,12,1078.5,65.0,89.875,148.25,248.0,1207.0,923.0,4.0,2026-01-05,2029-04-25,0.3937719738824711,0.9994977398292315,1,0.08333333333333333,,2,4,3,1991.0,0.042359733705151115
burckhardt,burckhardt,Burckhardt Laborgebäude,ENVELOPE,Hülle / Fassade,77,945.0,10.0,12.272727272727273,20.0,60.0,593.0,500.0,7.0,2025-07-07,2027-02-19,0.2309027777777778,0.7447916666666666,0,0.0,,9,3,5,1152.0,0.07153129967451366
baeretower,baeretower,Zentrum Bären / BäreTower,SHELL,Rohbau,8,906.0,19.0,113.25,352.7,415.0,706.0,706.0,5.0,2019-07-10,2021-06-14,0.0,0.666351606805293,0,0.0,125.0,1,0,0,1058.0,0.06458971982604976
pred_bau07,pred_bau07,Roche pRED Bau 07,SHELL,Rohbau,63,889.0,10.0,14.11111111111111,20.0,60.0,1021.0,554.0,6.0,2020-11-11,2023-08-28,0.3612004287245445,0.9078242229367631,4,0.06349206349206349,,3,0,0,1866.0,0.010799188542413235
frankfurt_four,frankfurt_four,Frankfurt Four RT4,ENVELOPE,Hülle / Fassade,73,795.0,5.0,10.89041095890411,5.0,130.0,624.0,574.0,5.0,2022-02-11,2023-10-27,0.038580246913580245,1.0,0,0.0,627.0,5,7,0,648.0,0.38629737609329445
pred_bau05,pred_bau05,Roche pRED Bau 05,OTHER,Sonstiges,78,775.0,9.5,9.935897435897436,20.0,35.0,1128.0,462.0,5.0,2020-03-16,2023-04-17,0.18510484454085321,1.0,21,0.2692307692307692,,3,1,0,1383.0,0.022515161419181466
pred_bau05,pred_bau05,Roche pRED Bau 05,MEP,TGA-Installation,74,767.0,10.0,10.364864864864865,20.0,30.0,555.0,361.0,10.0,2021-04-01,2022-10-07,0.46059291395516994,0.8611713665943601,6,0.08108108108108109,,2,0,0,1383.0,0.02228274684969314
uh1,uh1,UH1 CS Master Schedule V6,MOVE,Umzug,36,714.0,20.0,19.833333333333332,40.0,40.0,1390.0,356.0,9.0,2025-05-06,2029-02-23,0.45271867612293143,1.0,0,0.0,,5,7,3,2538.0,0.016272762495156915
frankfurt_four,frankfurt_four,Frankfurt Four RT4,FITOUT,Ausbau,161,704.0,5.0,4.372670807453416,5.0,15.0,458.0,350.0,8.0,2022-01-24,2023-04-26,0.010802469135802469,0.7160493827160493,0,0.0,1621.0,5,8,0,648.0,0.34207968901846453
elp_v6,elp,ELP Masterterminplan V6,PROC,Beschaffung / AVOR,13,680.0,50.0,52.30769230769231,50.0,80.0,845.0,260.0,6.0,2025-05-02,2027-08-24,0.2692114515318935,0.6931190356604722,1,0.07692307692307693,,0,0,0,1991.0,0.026708037941124488
dc30,dc30,DC30 Rechenzentrum,SHELL,Rohbau,108,676.0,5.0,6.2592592592592595,10.0,22.0,287.0,263.0,17.0,2026-05-29,2027-03-11,0.20608899297423888,0.8758782201405152,0,0.0,,6,12,0,427.0,0.018542901031380295
usb,usb,USB NBK2 Basel,SHELL,Rohbau,95,672.0,3.0,7.073684210526316,20.0,50.0,722.0,491.0,6.0,2026-09-21,2028-09-11,0.0027654867256637168,0.40154867256637167,0,0.0,,7,0,0,1808.0,0.01486100975253765
dc30,dc30,DC30 Rechenzentrum,ENVELOPE,Hülle / Fassade,60,603.0,10.0,10.05,15.100000000000001,26.0,359.0,213.0,10.0,2026-03-23,2027-03-16,0.04918032786885246,0.8875878220140515,0,0.0,,7,10,0,427.0,0.01654048716260698
elp_v7,elp,ELP Masterterminplan V7,MOVE,Umzug,25,490.0,10.0,19.6,39.00000000000002,120.0,256.0,256.0,6.0,2027-05-03,2028-01-13,0.7117977528089887,0.8550561797752809,0,0.0,,2,2,0,1780.0,0.05913589186579773
elp_v7,elp,ELP Masterterminplan V7,COMM,Inbetriebnahme,3,413.0,150.0,137.66666666666666,188.4,198.0,605.0,601.0,2.0,2027-02-01,2028-09-27,0.6606741573033708,1.0,0,0.0,,0,1,0,1780.0,0.04984310885831523
frankfurt_four,frankfurt_four,Frankfurt Four RT4,MEP,TGA-Installation,105,390.0,5.0,3.7142857142857144,5.0,10.0,458.0,294.0,5.0,2022-01-17,2023-04-19,0.0,0.7052469135802469,0,0.0,985.0,5,8,0,648.0,0.18950437317784258
baeretower,baeretower,Zentrum Bären / BäreTower,COMM,Inbetriebnahme,12,329.0,10.0,27.416666666666668,78.9,85.0,459.0,373.0,3.0,2021-03-01,2022-06-02,0.5671077504725898,1.0,0,0.0,,2,0,0,1058.0,0.02345476580879732
pred_bau04,pred_bau04,Roche pRED Bau 04,OTHER,Sonstiges,24,276.0,10.0,11.5,20.0,20.0,1073.0,163.0,7.0,2020-03-16,2023-02-21,0.14358974358974358,0.928937728937729,0,0.0,,8,0,0,1365.0,0.008969338511284793
pred_bau07,pred_bau07,Roche pRED Bau 07,OTHER,Sonstiges,38,256.0,5.0,6.7368421052631575,10.0,30.0,911.0,227.0,3.0,2020-05-18,2022-11-14,0.26634512325830656,0.7540192926045016,7,0.18421052631578946,,2,0,0,1866.0,0.0031097775780177597
pred_bau04,pred_bau04,Roche pRED Bau 04,DEMO,Rückbau,14,209.0,10.0,14.928571428571429,27.30000000000001,41.0,1055.0,186.0,3.0,2019-10-21,2022-09-09,0.035897435897435895,0.8080586080586081,0,0.0,,7,0,0,1365.0,0.006791999090067107
burckhardt,burckhardt,Burckhardt Laborgebäude,COMM,Inbetriebnahme,17,178.0,10.0,10.470588235294118,17.0,30.0,543.0,143.0,4.0,2026-04-06,2027-09-30,0.4678819444444444,0.9383680555555556,0,0.0,,0,1,1,1152.0,0.013473620467791991
pred_bau04,pred_bau04,Roche pRED Bau 04,COMM,Inbetriebnahme,13,175.0,10.0,13.461538461538462,18.000000000000007,45.0,694.0,152.0,3.0,2021-03-04,2023-01-26,0.4021978021978022,0.9098901098901099,6,0.46153846153846156,,5,4,0,1365.0,0.005687080577807387
burckhardt,burckhardt,Burckhardt Laborgebäude,SHELL,Rohbau,15,170.0,10.0,11.333333333333334,15.0,30.0,904.0,195.0,3.0,2024-10-14,2027-04-05,0.0,0.7838541666666666,0,0.0,,3,3,3,1152.0,0.012868064491711453
pred_bau07,pred_bau07,Roche pRED Bau 07,HANDOVER,Abnahme / Übergabe,9,160.0,10.0,17.77777777777778,24.000000000000014,80.0,607.0,178.0,3.0,2022-02-21,2023-10-20,0.6114683815648446,0.9362272240085745,1,0.1111111111111111,,1,0,0,1866.0,0.0019436109862610998
pred_bau05,pred_bau05,Roche pRED Bau 05,DEMO,Rückbau,14,152.0,10.0,10.857142857142858,17.00000000000001,30.0,633.0,185.0,2.0,2020-11-04,2022-07-29,0.35357917570498915,0.8105567606652205,1,0.07142857142857142,,9,1,0,1383.0,0.004415876820278171
elp_v7,elp,ELP Masterterminplan V7,OTHER,Sonstiges,3,150.0,65.0,50.0,65.0,65.0,469.0,185.0,2.0,2027-06-17,2028-09-27,0.7370786516853932,1.0,0,0.0,,0,0,0,1780.0,0.018102824040550327
baeretower,baeretower,Zentrum Bären / BäreTower,HANDOVER,Abnahme / Übergabe,21,145.0,1.0,6.904761904761905,15.0,60.0,346.0,182.0,2.0,2021-04-06,2022-03-17,0.6011342155009451,0.9272211720226843,0,0.0,,3,0,0,1058.0,0.01033720681542739
dc30,dc30,DC30 Rechenzentrum,PROC,Beschaffung / AVOR,9,142.0,15.0,15.777777777777779,23.000000000000007,51.0,255.0,124.0,3.0,2026-05-27,2027-02-05,0.20140515222482436,0.7962529274004684,0,0.0,,3,6,0,427.0,0.0038951064296686416
pred_bau05,pred_bau05,Roche pRED Bau 05,COMM,Inbetriebnahme,14,140.0,10.0,10.0,10.0,10.0,597.0,88.0,3.0,2021-03-25,2022-11-11,0.455531453362256,0.8864786695589298,0,0.0,,6,2,0,1383.0,0.004067254966045684
usb,usb,USB NBK2 Basel,MOVE,Umzug,1,120.0,120.0,120.0,120.0,120.0,166.0,166.0,1.0,2031-03-17,2031-08-29,0.9087389380530974,1.0,0,0.0,,0,0,0,1808.0,0.0026537517415245802
frankfurt_four,frankfurt_four,Frankfurt Four RT4,COMM,Inbetriebnahme,1,119.0,119.0,119.0,119.0,119.0,173.0,173.0,1.0,2023-01-09,2023-06-30,0.5509259259259259,0.816358024691358,0,0.0,,0,0,0,648.0,0.05782312925170068
burckhardt,burckhardt,Burckhardt Laborgebäude,OTHER,Sonstiges,9,100.0,10.0,11.11111111111111,16.0,20.0,437.0,128.0,2.0,2026-08-10,2027-10-20,0.5772569444444444,0.9557291666666666,0,0.0,,2,2,2,1152.0,0.007569449701006737
burckhardt,burckhardt,Burckhardt Laborgebäude,HANDOVER,Abnahme / Übergabe,5,95.0,10.0,19.0,36.0,50.0,180.0,105.0,3.0,2027-06-14,2027-12-10,0.8446180555555556,1.0,0,0.0,,0,1,1,1152.0,0.0071909772159564
pred_bau07,pred_bau07,Roche pRED Bau 07,COMM,Inbetriebnahme,8,80.0,10.0,10.0,10.0,10.0,198.0,68.0,3.0,2022-02-07,2022-08-23,0.6039657020364416,0.7095391211146839,0,0.0,,0,0,0,1866.0,0.0009718054931305499
pred_bau04,pred_bau04,Roche pRED Bau 04,EARTH,Baugrube / Erdbau,1,75.0,75.0,75.0,75.0,75.0,105.0,105.0,1.0,2021-08-18,2021-11-30,0.5245421245421246,0.6007326007326007,0,0.0,,0,0,0,1365.0,0.0024373202476317374
dc30,dc30,DC30 Rechenzentrum,DEMO,Rückbau,12,73.0,5.0,6.083333333333333,6.0,16.0,142.0,78.0,2.0,2026-10-12,2027-03-02,0.5245901639344263,0.8548009367681498,0,0.0,,1,5,0,427.0,0.0020024138687733156
pred_bau05,pred_bau05,Roche pRED Bau 05,ENVELOPE,Hülle / Fassade,8,70.0,7.5,8.75,15.0,15.0,264.0,65.0,2.0,2021-10-25,2022-07-15,0.6102675343456254,0.8004338394793926,1,0.125,,1,1,0,1383.0,0.002033627483022842
elp_v6,elp,ELP Masterterminplan V6,HANDOVER,Abnahme / Übergabe,9,70.0,5.0,7.777777777777778,10.000000000000004,30.0,360.0,99.0,2.0,2026-06-10,2027-06-04,0.4721245605223506,0.652435961828227,8,0.8888888888888888,,0,1,0,1991.0,0.0027493568468804617
baeretower,baeretower,Zentrum Bären / BäreTower,DEMO,Rückbau,13,66.0,5.0,5.076923076923077,10.8,12.0,583.0,68.0,4.0,2020-04-28,2021-12-01,0.276937618147448,0.8270321361058601,0,0.0,,0,0,0,1058.0,0.004705211378056605
elp_v6,elp,ELP Masterterminplan V6,FITOUT,Ausbau,1,59.0,59.0,59.0,59.0,59.0,84.0,84.0,1.0,2026-08-26,2026-11-17,0.5107985936715218,0.5524861878453039,0,0.0,,0,1,1,1991.0,0.002317315056656389
usb,usb,USB NBK2 Basel,ENVELOPE,Hülle / Fassade,15,53.0,1.0,3.533333333333333,12.399999999999993,20.0,412.0,67.0,2.0,2027-06-23,2028-08-07,0.15486725663716813,0.3821902654867257,0,0.0,,14,0,0,1808.0,0.001172073685840023
frankfurt_four,frankfurt_four,Frankfurt Four RT4,EARTH,Baugrube / Erdbau,1,50.0,50.0,50.0,50.0,50.0,78.0,78.0,1.0,2023-04-03,2023-06-19,0.6805555555555556,0.7993827160493827,0,0.0,,0,0,0,648.0,0.024295432458697766
uh1,uh1,UH1 CS Master Schedule V6,EARTH,Baugrube / Erdbau,18,47.0,2.0,2.611111111111111,2.900000000000002,10.0,644.0,57.0,1.0,2023-10-24,2025-07-28,0.23207249802994484,0.4854215918045705,0,0.0,,0,0,0,2538.0,0.0010711762426783963
pred_bau07,pred_bau07,Roche pRED Bau 07,DEMO,Rückbau,5,45.0,10.0,9.0,13.8,15.0,372.0,57.0,2.0,2021-09-10,2022-09-16,0.5235798499464094,0.722400857449089,0,0.0,,2,0,0,1866.0,0.0005466405898859343
elp_v7,elp,ELP Masterterminplan V7,PLAN,Planung,24,24.0,1.0,1.0,1.0,1.0,1.0,1.0,24.0,2023-11-13,2023-11-13,0.0,0.0,0,0.0,,0,0,0,1780.0,0.002896451846488052
burckhardt,burckhardt,Burckhardt Laborgebäude,EARTH,Baugrube / Erdbau,1,20.0,20.0,20.0,20.0,20.0,26.0,26.0,1.0,2024-11-11,2024-12-06,0.024305555555555556,0.04600694444444445,0,0.0,,0,0,1,1152.0,0.0015138899402013474
pred_bau07,pred_bau07,Roche pRED Bau 07,ENVELOPE,Hülle / Fassade,1,10.0,10.0,10.0,10.0,10.0,14.0,14.0,1.0,2022-03-29,2022-04-11,0.6307609860664523,0.6377277599142551,0,0.0,,0,0,0,1866.0,0.00012147568664131874
