schedule_id,project,schedule_label,component,component_name,tasks,task_days,median_task_days,mean_task_days,p90_task_days,max_task_days,span_days,active_days,peak_concurrency,first_start,last_finish,start_position,finish_position,critical_tasks,critical_share,person_days,floors,zones,contractors,project_span_days,task_days_share
pred_bau07,pred_bau07,Roche pRED Bau 07,INT.06,Boden,3486,40907.0,10.0,11.7346528973035,20.0,100.0,1867.0,1433.0,120.0,2019-01-07,2024-02-16,0.0,1.0,619,0.17756741250717153,,26,6,0,1866.0,0.5075939942920958
pred_bau05,pred_bau05,Roche pRED Bau 05,INT.03,Tür/Fenster innen,503,7732.25,10.0,15.372266401590457,30.0,173.0,1156.0,999.0,27.0,2019-12-06,2023-02-03,0.11207519884309472,0.9472161966738973,29,0.05765407554671968,,6,3,0,1383.0,0.24860741586219645
dc30,dc30,DC30 Rechenzentrum,EL.02,Kabel,832,7027.0,5.0,8.445913461538462,15.0,75.0,393.0,393.0,98.0,2026-03-16,2027-04-12,0.03278688524590164,0.9508196721311475,2,0.002403846153846154,,6,17,0,427.0,0.19565641097034664
usb,usb,USB NBK2 Basel,LF.99,Sonstige Lüftung,295,6249.0,20.0,21.183050847457626,40.0,60.0,1346.0,1187.0,29.0,2026-10-21,2030-06-27,0.019358407079646017,0.7632743362831859,0,0.0,,20,0,0,1808.0,0.14248905508938345
pred_bau04,pred_bau04,Roche pRED Bau 04,KO.99,Sonstige Konstruktion,512,6072.5,7.0,11.8603515625,20.0,247.0,1162.0,1160.0,35.0,2019-12-06,2023-02-09,0.0695970695970696,0.9201465201465201,94,0.18359375,,8,6,0,1365.0,0.2060185577852793
pred_bau05,pred_bau05,Roche pRED Bau 05,KO.99,Sonstige Konstruktion,478,5149.0,10.0,10.771966527196653,20.0,50.0,1120.0,1035.0,36.0,2019-12-06,2022-12-29,0.11207519884309472,0.9211858279103399,28,0.058577405857740586,,9,4,0,1383.0,0.16555072382223152
usb,usb,USB NBK2 Basel,SN.99,Sonstige Sanitär,299,4974.0,10.0,16.63545150501672,40.0,40.0,1309.0,1230.0,25.0,2026-11-27,2030-06-27,0.03982300884955752,0.7632743362831859,0,0.0,,20,0,0,1808.0,0.11341663626413717
pred_bau07,pred_bau07,Roche pRED Bau 07,KO.99,Sonstige Konstruktion,256,4821.0,15.0,18.83203125,40.0,129.0,1347.0,1262.0,22.0,2020-06-10,2024-02-16,0.27867095391211144,1.0,44,0.171875,,20,3,0,1866.0,0.05982131778136245
usb,usb,USB NBK2 Basel,INT.99,Sonstiger Ausbau,222,4534.0,15.0,20.423423423423422,50.0,80.0,1376.0,1324.0,16.0,2026-09-21,2030-06-27,0.0027654867256637168,0.7632743362831859,0,0.0,,20,0,0,1808.0,0.10338380153228749
usb,usb,USB NBK2 Basel,EL.99,Sonstige Elektro,329,4446.0,10.0,13.513677811550153,20.0,40.0,1447.0,1280.0,13.0,2026-11-02,2030-10-18,0.025995575221238937,0.8257743362831859,0,0.0,,20,0,0,1808.0,0.10137723458591755
pred_bau07,pred_bau07,Roche pRED Bau 07,INT.05,Deckenfinish,205,4059.0,15.0,19.8,40.0,80.0,1121.0,936.0,25.0,2020-04-03,2023-04-28,0.2422293676312969,0.842443729903537,67,0.32682926829268294,,14,4,0,1866.0,0.050366050378458864
usb,usb,USB NBK2 Basel,HZ.99,Sonstige Heizung,226,3911.0,15.0,17.305309734513273,30.0,40.0,1361.0,1336.0,15.0,2026-10-06,2030-06-27,0.011061946902654867,0.7632743362831859,0,0.0,,20,0,0,1808.0,0.08917821962787303
pred_bau04,pred_bau04,Roche pRED Bau 04,INT.05,Deckenfinish,247,3702.0,10.0,14.987854251012147,25.0,110.0,772.0,691.0,23.0,2020-04-30,2022-06-10,0.17655677655677657,0.7413919413919414,16,0.06477732793522267,,6,3,0,1365.0,0.12559583382809453
pred_bau07,pred_bau07,Roche pRED Bau 07,HZ.10,Heizungshalterung,189,3527.0,15.0,18.66137566137566,40.0,50.0,581.0,581.0,15.0,2020-06-19,2022-01-20,0.2834941050375134,0.5943193997856377,23,0.12169312169312169,,12,0,0,1866.0,0.043764735078793894
pred_bau04,pred_bau04,Roche pRED Bau 04,SN.99,Sonstige Sanitär,178,3265.0,15.0,18.34269662921348,30.0,157.0,926.0,799.0,18.0,2020-02-26,2022-09-08,0.12967032967032968,0.8073260073260073,5,0.028089887640449437,,7,2,0,1365.0,0.1107699614934437
elp_v6,elp,ELP Masterterminplan V6,KO.99,Sonstige Konstruktion,91,3239.0,10.0,35.59340659340659,75.0,550.0,1157.0,1157.0,13.0,2023-11-13,2027-01-12,0.0,0.5806127574083375,1,0.01098901098901099,,4,29,8,1991.0,0.15266060234717443
elp_v7,elp,ELP Masterterminplan V7,KO.99,Sonstige Konstruktion,82,3112.0,11.0,37.951219512195124,79.50000000000003,550.0,1438.0,1422.0,11.0,2023-11-13,2027-10-20,0.0,0.8073033707865168,0,0.0,,4,19,5,1780.0,0.42438292649665893
usb,usb,USB NBK2 Basel,AUTO.99,Sonstige Automation,190,3044.0,12.5,16.021052631578947,30.0,40.0,1212.0,1113.0,13.0,2027-02-02,2030-05-28,0.07688053097345132,0.7466814159292036,0,0.0,,20,0,0,1808.0,0.06940897482670558
dc30,dc30,DC30 Rechenzentrum,EL.99,Sonstige Elektro,323,3015.0,10.0,9.3343653250774,15.0,82.0,386.0,376.0,32.0,2026-03-23,2027-04-12,0.04918032786885246,0.9508196721311475,2,0.006191950464396285,,6,16,0,427.0,0.08394821105387722
uh1,uh1,UH1 CS Master Schedule V6,EL.99,Sonstige Elektro,340,2979.0,10.0,8.761764705882353,10.0,10.0,2216.0,1015.0,11.0,2022-10-31,2028-11-23,0.09101654846335698,0.9637509850275807,0,0.0,,9,7,4,2538.0,0.1061124171831588
dc30,dc30,DC30 Rechenzentrum,AUTO.05,MSR-Schrank,303,2936.0,5.0,9.689768976897689,20.0,51.0,347.0,263.0,35.0,2026-05-15,2027-04-26,0.17330210772833723,0.9836065573770492,0,0.0,,7,17,0,427.0,0.08174857301962968
pred_bau05,pred_bau05,Roche pRED Bau 05,INT.05,Deckenfinish,210,2909.0,10.0,13.852380952380953,20.0,80.0,759.0,704.0,17.0,2020-04-22,2022-05-20,0.2118582791033984,0.759942154736081,19,0.09047619047619047,,6,2,0,1383.0,0.09353021083683656
uh1,uh1,UH1 CS Master Schedule V6,INT.06,Boden,285,2842.0,10.0,9.971929824561403,15.0,20.0,1766.0,899.0,13.0,2023-11-29,2028-09-28,0.2462568951930654,0.9416863672182821,0,0.0,,12,7,4,2538.0,0.10123245707772316
pred_bau04,pred_bau04,Roche pRED Bau 04,INT.06,Boden,181,2667.0,10.0,14.734806629834255,25.0,80.0,971.0,791.0,16.0,2020-03-19,2022-11-14,0.1457875457875458,0.8564102564102564,24,0.13259668508287292,,4,1,0,1365.0,0.09048192566707944
usb,usb,USB NBK2 Basel,SPR.99,Sonstige Sprinkler,164,2621.0,17.5,15.981707317073171,20.0,50.0,1282.0,1115.0,11.0,2026-10-26,2030-04-29,0.022123893805309734,0.730641592920354,0,0.0,,20,0,0,1808.0,0.059763772345859174
uh1,uh1,UH1 CS Master Schedule V6,KO.99,Sonstige Konstruktion,286,2565.0,10.0,8.968531468531468,10.0,120.0,2466.0,1244.0,13.0,2022-05-12,2029-02-09,0.023246650906225373,0.9944838455476753,0,0.0,,11,7,5,2538.0,0.09136567642658688
pred_bau07,pred_bau07,Roche pRED Bau 07,TRANS.01,Aufzug,93,2550.0,20.0,27.419354838709676,69.59999999999995,160.0,817.0,817.0,10.0,2020-10-19,2023-01-13,0.34887459807073956,0.7861736334405145,0,0.0,,25,1,0,1866.0,0.031641642883732474
uh1,uh1,UH1 CS Master Schedule V6,INT.99,Sonstiger Ausbau,246,2450.0,10.0,9.959349593495935,20.0,20.0,2261.0,1078.0,11.0,2022-08-05,2028-10-12,0.05673758865248227,0.9472025216706068,0,0.0,,12,7,4,2538.0,0.08726935954976134
pred_bau05,pred_bau05,Roche pRED Bau 05,INT.06,Boden,193,2328.0,10.0,12.062176165803109,24.000000000000057,80.0,1131.0,848.0,15.0,2020-03-03,2023-04-07,0.175704989154013,0.9927693420101229,10,0.05181347150259067,,7,1,0,1383.0,0.07484989028124975
baeretower,baeretower,Zentrum Bären / BäreTower,INT.06,Boden,234,2273.0,5.0,9.713675213675213,40.0,40.0,526.0,470.0,17.0,2020-08-17,2022-01-24,0.3818525519848771,0.8780718336483931,0,0.0,3439.0,31,0,0,1058.0,0.1655498907501821
elp_v6,elp,ELP Masterterminplan V6,LF.99,Sonstige Lüftung,443,2143.0,3.0,4.837471783295711,10.0,90.0,1992.0,571.0,24.0,2023-11-13,2029-04-26,0.0,1.0,7,0.01580135440180587,,3,22,26,1991.0,0.10100391195739265
pred_bau04,pred_bau04,Roche pRED Bau 04,INT.03,Tür/Fenster innen,121,2141.5,10.0,17.698347107438018,30.0,178.0,1257.0,593.0,19.0,2019-12-20,2023-05-29,0.07985347985347985,1.0,1,0.008264462809917356,,5,2,0,1365.0,0.07265355973605198
pred_bau07,pred_bau07,Roche pRED Bau 07,INT.08,Einbau,53,2120.0,40.0,40.0,60.0,60.0,1249.0,1017.0,8.0,2020-09-16,2024-02-16,0.3311897106109325,1.0,50,0.9433962264150944,,10,0,0,1866.0,0.0263059932994168
dc30,dc30,DC30 Rechenzentrum,KT.99,Sonstige Kälte,300,2117.0,5.0,7.056666666666667,16.0,31.0,333.0,260.0,23.0,2026-05-04,2027-04-01,0.14754098360655737,0.9250585480093677,12,0.04,,6,14,0,427.0,0.0589447306139496
baeretower,baeretower,Zentrum Bären / BäreTower,ENV.99,Sonstige Hülle,297,2040.0,2.0,6.8686868686868685,18.0,75.0,512.0,508.0,9.0,2020-06-17,2021-11-10,0.32419659735349715,0.8071833648393195,0,0.0,7232.0,34,0,0,1058.0,0.14857975236707938
pred_bau07,pred_bau07,Roche pRED Bau 07,SPEC.99,Sonstige Medien,130,2022.0,15.0,15.553846153846154,20.0,50.0,1187.0,849.0,7.0,2020-06-30,2023-09-29,0.28938906752411575,0.92497320471597,14,0.1076923076923077,,13,1,0,1866.0,0.025089961533689042
pred_bau07,pred_bau07,Roche pRED Bau 07,LF.99,Sonstige Lüftung,104,1972.0,15.0,18.96153846153846,30.0,50.0,594.0,594.0,8.0,2020-06-19,2022-02-02,0.2834941050375134,0.6012861736334405,10,0.09615384615384616,,12,0,0,1866.0,0.02446953716341978
baeretower,baeretower,Zentrum Bären / BäreTower,INT.99,Sonstiger Ausbau,198,1919.0,6.0,9.691919191919192,15.0,98.0,615.0,598.0,15.0,2020-05-27,2022-01-31,0.30434782608695654,0.8846880907372401,0,0.0,6315.0,31,0,0,1058.0,0.13976693372177712
usb,usb,USB NBK2 Basel,INT.06,Boden,157,1904.0,10.0,12.127388535031848,30.0,30.0,998.0,803.0,12.0,2026-09-25,2029-06-18,0.00497787610619469,0.5564159292035398,0,0.0,,19,0,0,1808.0,0.04341481211236775
usb,usb,USB NBK2 Basel,EQUIP.99,Sonstige Ausstattung,100,1895.0,20.0,18.95,20.0,40.0,1153.0,873.0,9.0,2027-03-19,2030-05-14,0.10176991150442478,0.7389380530973452,0,0.0,,16,0,0,1808.0,0.04320959503830719
dc30,dc30,DC30 Rechenzentrum,INT.06,Boden,310,1888.0,5.0,6.090322580645161,10.0,59.0,346.0,344.0,20.0,2026-04-07,2027-03-18,0.08430913348946135,0.892271662763466,2,0.0064516129032258064,,6,12,0,427.0,0.05256856466657386
pred_bau07,pred_bau07,Roche pRED Bau 07,EL.99,Sonstige Elektro,73,1811.0,20.0,24.80821917808219,40.0,42.0,1207.0,567.0,11.0,2020-07-08,2023-10-27,0.2936763129689175,0.939978563772776,2,0.0273972602739726,,11,0,0,1866.0,0.022471770691152748
dc30,dc30,DC30 Rechenzentrum,KT.03,Kaltwasserrohr,158,1785.0,10.0,11.29746835443038,15.300000000000011,51.0,261.0,261.0,18.0,2026-05-27,2027-02-11,0.20140515222482436,0.810304449648712,6,0.0379746835443038,,7,14,0,427.0,0.049700682166225814
pred_bau07,pred_bau07,Roche pRED Bau 07,SPR.99,Sonstige Sprinkler,105,1742.0,15.0,16.590476190476192,20.0,50.0,960.0,599.0,7.0,2020-06-05,2023-01-20,0.2759914255091104,0.789924973204716,12,0.11428571428571428,,13,0,0,1866.0,0.021615585060181165
pred_bau07,pred_bau07,Roche pRED Bau 07,SN.99,Sonstige Sanitär,99,1727.0,15.0,17.444444444444443,20.0,50.0,596.0,596.0,8.0,2020-06-05,2022-01-21,0.2759914255091104,0.594855305466238,14,0.1414141414141414,,11,1,0,1866.0,0.021429457749100385
pred_bau07,pred_bau07,Roche pRED Bau 07,INT.99,Sonstiger Ausbau,78,1713.0,15.0,21.96153846153846,40.0,90.0,1338.0,1064.0,9.0,2020-02-21,2023-10-20,0.21972132904608788,0.9362272240085745,9,0.11538461538461539,,5,0,0,1866.0,0.02125573892542499
elp_v6,elp,ELP Masterterminplan V6,EL.04,Elektrogerät,201,1687.0,5.0,8.393034825870647,15.0,50.0,1109.0,409.0,27.0,2024-07-29,2027-08-11,0.13008538422903063,0.6865896534404822,0,0.0,,3,19,3,1991.0,0.07951171230616957
elp_v6,elp,ELP Masterterminplan V6,INT.99,Sonstiger Ausbau,184,1650.0,10.0,8.967391304347826,15.0,80.0,1381.0,871.0,20.0,2023-11-13,2027-08-24,0.0,0.6931190356604722,1,0.005434782608695652,,3,22,5,1991.0,0.07776782768534665
pred_bau07,pred_bau07,Roche pRED Bau 07,KO.02,Wand,76,1647.0,15.0,21.67105263157895,80.0,80.0,1267.0,670.0,9.0,2020-03-10,2023-08-28,0.22936763129689175,0.9078242229367631,6,0.07894736842105263,,18,2,0,1866.0,0.020436778756669563
uh1,uh1,UH1 CS Master Schedule V6,INT.03,Tür/Fenster innen,148,1616.0,10.0,10.91891891891892,20.0,20.0,1309.0,469.0,11.0,2025-01-17,2028-08-17,0.4097714736012608,0.9251379038613081,0,0.0,,12,7,0,2538.0,0.057562157156087486
pred_bau07,pred_bau07,Roche pRED Bau 07,SEC.08,Brandmelder,55,1591.0,30.0,28.927272727272726,50.0,50.0,896.0,603.0,9.0,2020-10-28,2023-04-11,0.3536977491961415,0.8333333333333334,2,0.03636363636363636,,10,0,0,1866.0,0.019741903461967986
dc30,dc30,DC30 Rechenzentrum,KT.07,Kälteendgerät,181,1509.0,10.0,8.337016574585636,10.0,33.0,224.0,224.0,19.0,2026-05-13,2026-12-22,0.1686182669789227,0.6908665105386417,25,0.13812154696132597,,4,7,0,427.0,0.04201587080606989
dc30,dc30,DC30 Rechenzentrum,SPR.01,Sprinklerrohr,216,1484.0,5.0,6.87037037037037,10.0,65.0,361.0,334.0,21.0,2026-03-16,2027-03-11,0.03278688524590164,0.8758782201405152,1,0.004629629629629629,,4,9,0,427.0,0.04131978282054852
uh1,uh1,UH1 CS Master Schedule V6,HZ.99,Sonstige Heizung,164,1448.0,10.0,8.829268292682928,10.0,10.0,1463.0,788.0,8.0,2024-11-08,2028-11-09,0.3821907013396375,0.9582348305752562,0,0.0,,8,7,4,2538.0,0.051577972501246704
pred_bau04,pred_bau04,Roche pRED Bau 04,KO.02,Wand,120,1435.5,10.0,11.9625,20.0,141.0,1229.0,725.0,14.0,2019-09-09,2023-01-19,0.005128205128205128,0.9047619047619048,8,0.06666666666666667,,8,4,0,1365.0,0.04870146392766874
pred_bau07,pred_bau07,Roche pRED Bau 07,EQUIP.01,Mobiliar,50,1433.0,15.0,28.66,60.0,140.0,641.0,641.0,6.0,2020-07-10,2022-04-11,0.2947481243301179,0.6377277599142551,8,0.16,,8,0,0,1866.0,0.01778136245191711
pred_bau07,pred_bau07,Roche pRED Bau 07,EQUIP.99,Sonstige Ausstattung,50,1428.0,20.0,28.56,60.0,160.0,1013.0,825.0,6.0,2019-07-04,2022-04-11,0.09539121114683816,0.6377277599142551,4,0.08,,8,0,0,1866.0,0.017719320014890187
pred_bau07,pred_bau07,Roche pRED Bau 07,EL.03,Kabeltragsystem,69,1415.0,20.0,20.507246376811594,40.0,50.0,888.0,687.0,7.0,2020-06-10,2022-11-14,0.27867095391211144,0.7540192926045016,17,0.2463768115942029,,10,0,0,1866.0,0.017558009678620177
uh1,uh1,UH1 CS Master Schedule V6,EQUIP.99,Sonstige Ausstattung,78,1386.0,20.0,17.76923076923077,20.0,89.0,1592.0,504.0,11.0,2023-10-24,2028-03-02,0.23207249802994484,0.8589440504334122,0,0.0,,6,7,0,2538.0,0.049369523402436416
pred_bau05,pred_bau05,Roche pRED Bau 05,SN.99,Sonstige Sanitär,82,1369.0,15.0,16.695121951219512,24.50000000000003,50.0,737.0,673.0,8.0,2020-04-08,2022-04-14,0.2017353579175705,0.7339117859725235,12,0.14634146341463414,,7,0,0,1383.0,0.04401610815937754
burckhardt,burckhardt,Burckhardt Laborgebäude,INT.99,Sonstiger Ausbau,137,1330.0,10.0,9.708029197080291,15.0,15.0,656.0,542.0,9.0,2025-06-02,2027-03-19,0.20052083333333334,0.7690972222222222,0,0.0,,12,3,5,1152.0,0.10392248788873261
elp_v6,elp,ELP Masterterminplan V6,KO.02,Wand,61,1299.0,12.0,21.295081967213115,58.0,180.0,978.0,602.0,8.0,2024-02-05,2026-10-09,0.04218985434455048,0.532898041185334,0,0.0,,4,22,3,1991.0,0.061224489795918366
uh1,uh1,UH1 CS Master Schedule V6,LF.99,Sonstige Lüftung,138,1204.0,10.0,8.72463768115942,10.0,10.0,1836.0,553.0,6.0,2023-11-01,2028-11-09,0.23522458628841608,0.9582348305752562,0,0.0,,8,7,0,2538.0,0.04288665669302558
uh1,uh1,UH1 CS Master Schedule V6,SEC.99,Sonstige Sicherheit,130,1192.0,10.0,9.169230769230769,10.0,70.0,2307.0,939.0,4.0,2022-08-29,2028-12-21,0.06619385342789598,0.9747832939322301,0,0.0,,8,7,4,2538.0,0.04245921493196552
dc30,dc30,DC30 Rechenzentrum,SPR.99,Sonstige Sprinkler,168,1185.0,5.0,7.053571428571429,10.300000000000011,30.0,353.0,305.0,19.0,2026-04-07,2027-03-25,0.08430913348946135,0.9086651053864169,0,0.0,,6,12,0,427.0,0.032994570513712934
usb,usb,USB NBK2 Basel,INT.05,Deckenfinish,104,1159.0,10.0,11.14423076923077,15.0,30.0,1080.0,598.0,7.0,2026-09-16,2029-08-30,0.0,0.5967920353982301,0,0.0,,18,0,0,1808.0,0.026427398759576795
pred_bau05,pred_bau05,Roche pRED Bau 05,INT.01,Trennwand,33,1111.0,20.0,33.666666666666664,80.0,80.0,407.0,407.0,7.0,2020-09-09,2021-10-20,0.31308749096167754,0.6066522053506869,6,0.18181818181818182,,4,0,0,1383.0,0.03572088836016687
dc30,dc30,DC30 Rechenzentrum,INT.04,Wandfinish,146,1096.0,5.0,7.506849315068493,11.0,46.0,407.0,375.0,24.0,2026-03-09,2027-04-19,0.01639344262295082,0.9672131147540983,0,0.0,,6,11,0,427.0,0.030516497285256856
pred_bau05,pred_bau05,Roche pRED Bau 05,LF.99,Sonstige Lüftung,51,1088.0,20.0,21.333333333333332,30.0,50.0,489.0,487.0,6.0,2020-04-17,2021-08-18,0.20824295010845986,0.5610990600144613,1,0.0196078431372549,,7,0,0,1383.0,0.03498139202147755
pred_bau05,pred_bau05,Roche pRED Bau 05,SPR.99,Sonstige Sprinkler,54,1083.0,20.0,20.055555555555557,30.0,50.0,538.0,518.0,6.0,2020-02-28,2021-08-18,0.17281272595806219,0.5610990600144613,7,0.12962962962962962,,7,0,0,1383.0,0.034820631947849436
usb,usb,USB NBK2 Basel,EL.06,Elektroverteilung,65,1060.0,20.0,16.307692307692307,30.0,40.0,1191.0,525.0,6.0,2026-09-17,2029-12-20,0.0005530973451327434,0.6587389380530974,0,0.0,,20,0,0,1808.0,0.024170010944910617
burckhardt,burckhardt,Burckhardt Laborgebäude,KO.99,Sonstige Konstruktion,78,1052.0,15.0,13.487179487179487,20.0,45.0,904.0,602.0,6.0,2024-10-14,2027-04-05,0.0,0.7838541666666666,0,0.0,,11,2,3,1152.0,0.08220034380371934
uh1,uh1,UH1 CS Master Schedule V6,SN.99,Sonstige Sanitär,123,1045.0,10.0,8.495934959349594,10.0,10.0,2338.0,557.0,7.0,2022-06-17,2028-11-09,0.03743104806934594,0.9582348305752562,0,0.0,,8,6,0,2538.0,0.03722305335897984
baeretower,baeretower,Zentrum Bären / BäreTower,KO.99,Sonstige Konstruktion,18,1034.0,12.0,57.44444444444444,169.20000000000016,415.0,706.0,706.0,6.0,2019-07-10,2021-06-14,0.0,0.666351606805293,0,0.0,125.0,1,0,0,1058.0,0.07530954115076476
pred_bau05,pred_bau05,Roche pRED Bau 05,HZ.99,Sonstige Heizung,52,1028.0,20.0,19.76923076923077,30.0,50.0,468.0,465.0,6.0,2020-04-17,2021-07-28,0.20824295010845986,0.5459146782357195,11,0.21153846153846154,,7,0,0,1383.0,0.03305227113794018
uh1,uh1,UH1 CS Master Schedule V6,KO.05,Decke,117,1026.0,10.0,8.76923076923077,10.0,10.0,1302.0,420.0,8.0,2024-09-20,2028-04-13,0.3628841607565012,0.8754925137903862,0,0.0,,8,7,4,2538.0,0.036546270570634753
elp_v6,elp,ELP Masterterminplan V6,EL.02,Kabel,76,1016.0,15.0,13.368421052631579,20.0,30.0,1088.0,365.0,16.0,2024-07-15,2027-07-07,0.12305374183827222,0.6690105474635861,0,0.0,,3,19,3,1991.0,0.047886129047461944
pred_bau04,pred_bau04,Roche pRED Bau 04,SPR.99,Sonstige Sprinkler,49,1011.0,20.0,20.632653061224488,30.0,50.0,462.0,422.0,10.0,2020-02-28,2021-06-03,0.13113553113553114,0.46886446886446886,0,0.0,,7,0,0,1365.0,0.03429967260945531
pred_bau07,pred_bau07,Roche pRED Bau 07,EL.02,Kabel,49,997.0,15.0,20.346938775510203,40.0,40.0,839.0,532.0,10.0,2020-09-02,2022-12-19,0.3236870310825295,0.7727759914255091,3,0.061224489795918366,,11,0,0,1866.0,0.012371261943169128
dc30,dc30,DC30 Rechenzentrum,EL.01,Leerrohr,133,995.0,5.0,7.481203007518797,10.0,49.0,347.0,315.0,17.0,2026-03-16,2027-02-25,0.03278688524590164,0.8430913348946136,0,0.0,,4,9,0,427.0,0.027704301823750523
pred_bau04,pred_bau04,Roche pRED Bau 04,HZ.99,Sonstige Heizung,45,926.0,20.0,20.57777777777778,30.0,50.0,389.0,350.0,11.0,2020-04-17,2021-05-10,0.16703296703296702,0.4512820512820513,0,0.0,,7,0,0,1365.0,0.03141592169768113
frankfurt_four,frankfurt_four,Frankfurt Four RT4,ENV.99,Sonstige Hülle,71,908.0,5.0,12.788732394366198,10.0,130.0,624.0,574.0,5.0,2022-02-11,2023-10-27,0.038580246913580245,1.0,0,0.0,615.0,3,5,0,648.0,0.4497275879148093
pred_bau05,pred_bau05,Roche pRED Bau 05,EL.99,Sonstige Elektro,36,900.0,20.0,25.0,40.0,40.0,535.0,477.0,6.0,2020-05-04,2021-10-20,0.2205350686912509,0.6066522053506869,2,0.05555555555555555,,6,0,0,1383.0,0.02893681325306047
burckhardt,burckhardt,Burckhardt Laborgebäude,EL.02,Kabel,34,895.0,25.0,26.323529411764707,38.5,60.0,383.0,381.0,7.0,2026-02-02,2027-02-19,0.4131944444444444,0.7447916666666666,0,0.0,,11,4,2,1152.0,0.06993280200031254
uh1,uh1,UH1 CS Master Schedule V6,ENV.99,Sonstige Hülle,46,885.0,20.0,19.23913043478261,30.0,45.0,2314.0,913.0,3.0,2022-06-27,2028-10-26,0.041371158392434985,0.9527186761229315,0,0.0,,1,6,0,2538.0,0.031523829878179095
pred_bau04,pred_bau04,Roche pRED Bau 04,INT.99,Sonstiger Ausbau,22,880.0,30.0,40.0,78.00000000000004,80.0,820.0,762.0,3.0,2019-11-29,2022-02-25,0.06446886446886448,0.6644688644688644,3,0.13636363636363635,,4,0,0,1365.0,0.029855303557191567
pred_bau04,pred_bau04,Roche pRED Bau 04,KT.99,Sonstige Kälte,36,856.0,20.0,23.77777777777778,35.0,70.0,341.0,341.0,7.0,2020-06-04,2021-05-10,0.2021978021978022,0.4512820512820513,0,0.0,,5,0,0,1365.0,0.029041068005631797
pred_bau04,pred_bau04,Roche pRED Bau 04,INT.08,Einbau,20,840.0,40.0,42.0,60.0,60.0,475.0,475.0,4.0,2021-03-24,2022-07-11,0.41684981684981687,0.764102564102564,0,0.0,,3,0,0,1365.0,0.028498244304591948
pred_bau04,pred_bau04,Roche pRED Bau 04,LF.99,Sonstige Lüftung,41,831.0,20.0,20.26829268292683,30.0,50.0,413.0,374.0,9.0,2020-04-17,2021-06-03,0.16703296703296702,0.46886446886446886,0,0.0,,7,0,0,1365.0,0.028192905972757035
burckhardt,burckhardt,Burckhardt Laborgebäude,INT.06,Boden,66,820.0,10.0,12.424242424242424,20.0,30.0,894.0,454.0,6.0,2024-12-09,2027-05-21,0.04861111111111111,0.8237847222222222,0,0.0,,11,3,3,1152.0,0.06407251132989529
elp_v6,elp,ELP Masterterminplan V6,INT.06,Boden,83,819.0,10.0,9.867469879518072,15.0,50.0,858.0,433.0,8.0,2024-09-09,2027-01-14,0.1511803114013059,0.5816172777498745,0,0.0,,3,19,1,1991.0,0.03860112174199934
pred_bau07,pred_bau07,Roche pRED Bau 07,INT.03,Tür/Fenster innen,25,810.0,30.0,32.4,50.0,50.0,1248.0,655.0,4.0,2020-09-17,2024-02-16,0.3317256162915327,1.0,23,0.92,,11,0,0,1866.0,0.01005087479836208
usb,usb,USB NBK2 Basel,INT.03,Tür/Fenster innen,117,782.0,5.0,6.683760683760684,10.0,10.0,915.0,563.0,6.0,2027-01-21,2029-07-23,0.0702433628318584,0.5757743362831859,0,0.0,,20,0,0,1808.0,0.01783108354615104
pred_bau05,pred_bau05,Roche pRED Bau 05,EL.03,Kabeltragsystem,31,780.0,20.0,25.161290322580644,40.0,50.0,437.0,434.0,4.0,2020-05-04,2021-07-14,0.2205350686912509,0.5357917570498916,5,0.16129032258064516,,6,0,0,1383.0,0.025078571485985742
pred_bau04,pred_bau04,Roche pRED Bau 04,KO.05,Decke,86,780.0,8.0,9.069767441860465,15.0,36.0,1195.0,374.0,10.0,2019-09-02,2022-12-09,0.0,0.8747252747252747,18,0.20930232558139536,,8,4,0,1365.0,0.026462655425692524
elp_v6,elp,ELP Masterterminplan V6,AUTO.99,Sonstige Automation,65,767.0,10.0,11.8,20.0,40.0,1105.0,286.0,14.0,2024-08-08,2027-08-17,0.13510798593671522,0.6896032144650929,1,0.015384615384615385,,3,19,3,1991.0,0.03615025686949144
uh1,uh1,UH1 CS Master Schedule V6,KO.09,Bewehrung,90,764.0,10.0,8.488888888888889,10.0,10.0,1572.0,409.0,6.0,2023-12-11,2028-03-30,0.25098502758077224,0.8699763593380615,0,0.0,,8,7,4,2538.0,0.02721379212082354
usb,usb,USB NBK2 Basel,EQUIP.04,Medizintechnik,32,760.0,20.0,23.75,29.00000000000002,120.0,1251.0,681.0,4.0,2026-11-26,2030-04-29,0.03926991150442478,0.730641592920354,0,0.0,,15,0,0,1808.0,0.017329441809558557
burckhardt,burckhardt,Burckhardt Laborgebäude,INT.05,Deckenfinish,92,755.0,7.5,8.206521739130435,10.0,25.0,701.0,493.0,5.0,2025-05-30,2027-04-30,0.19791666666666666,0.8055555555555556,0,0.0,,11,3,6,1152.0,0.05899359274886701
pred_bau04,pred_bau04,Roche pRED Bau 04,EL.99,Sonstige Elektro,30,750.0,20.0,25.0,40.0,40.0,516.0,429.0,6.0,2020-05-04,2021-10-01,0.1794871794871795,0.5567765567765568,0,0.0,,5,0,0,1365.0,0.025444860986242813
burckhardt,burckhardt,Burckhardt Laborgebäude,EQUIP.03,Labor/Produktion,63,740.0,10.0,11.746031746031745,20.0,20.0,533.0,420.0,6.0,2026-02-09,2027-07-26,0.4192708333333333,0.8810763888888888,0,0.0,,9,2,6,1152.0,0.05782153461478356
uh1,uh1,UH1 CS Master Schedule V6,INT.04,Wandfinish,82,724.0,10.0,8.829268292682928,10.0,10.0,1387.0,564.0,3.0,2024-11-28,2028-09-14,0.3900709219858156,0.9361702127659575,0,0.0,,8,7,2,2538.0,0.025788986250623352
uh1,uh1,UH1 CS Master Schedule V6,KO.02,Wand,82,724.0,10.0,8.829268292682928,10.0,10.0,1302.0,420.0,5.0,2024-09-20,2028-04-13,0.3628841607565012,0.8754925137903862,0,0.0,,8,7,4,2538.0,0.025788986250623352
baeretower,baeretower,Zentrum Bären / BäreTower,SITE.99,Sonstige Umgebung,45,723.0,4.0,16.066666666666666,60.00000000000007,90.0,750.0,438.0,7.0,2020-01-27,2022-02-14,0.1899810964083176,0.8979206049149339,0,0.0,,0,0,0,1058.0,0.052658412235979606
pred_bau05,pred_bau05,Roche pRED Bau 05,EQUIP.03,Labor/Produktion,6,714.0,50.0,119.0,291.5,300.0,582.0,567.0,2.0,2020-09-04,2022-04-08,0.309472161966739,0.7295733911785972,0,0.0,,1,0,0,1383.0,0.02295653851409464
burckhardt,burckhardt,Burckhardt Laborgebäude,EL.99,Sonstige Elektro,67,700.0,10.0,10.447761194029852,15.0,50.0,572.0,419.0,7.0,2025-11-24,2027-06-18,0.3524305555555556,0.8480902777777778,0,0.0,,11,3,3,1152.0,0.05469604625722769
pred_bau04,pred_bau04,Roche pRED Bau 04,SN.01,Sanitärrohr,30,687.0,20.0,22.9,40.50000000000001,74.0,444.0,348.0,7.0,2020-09-30,2021-12-17,0.2886446886446886,0.6131868131868132,0,0.0,,2,2,0,1365.0,0.023307492663398415
baeretower,baeretower,Zentrum Bären / BäreTower,TRANS.01,Aufzug,12,686.0,30.0,57.166666666666664,81.50000000000001,323.0,509.0,509.0,4.0,2020-05-15,2021-10-05,0.29300567107750475,0.7731568998109641,0,0.0,,0,0,0,1058.0,0.04996358339402768
baeretower,baeretower,Zentrum Bären / BäreTower,INT.05,Deckenfinish,64,685.0,9.0,10.703125,15.0,146.0,863.0,674.0,5.0,2019-08-08,2021-12-17,0.027410207939508508,0.8421550094517959,0,0.0,9843.0,36,0,0,1058.0,0.04989075018208303
dc30,dc30,DC30 Rechenzentrum,INT.03,Tür/Fenster innen,84,672.0,5.0,8.0,11.400000000000006,21.0,232.0,217.0,8.0,2026-08-17,2027-04-05,0.39344262295081966,0.9344262295081968,0,0.0,,6,9,0,427.0,0.018710845050814422
elp_v6,elp,ELP Masterterminplan V6,EL.99,Sonstige Elektro,187,671.0,4.0,3.588235294117647,5.0,40.0,1061.0,320.0,15.0,2024-08-12,2027-07-08,0.13711702661978906,0.6695128076343546,3,0.016042780748663103,,3,20,4,1991.0,0.03162558325870764
usb,usb,USB NBK2 Basel,LF.08,Lüftungsdämmung,24,650.0,25.0,27.083333333333332,40.0,50.0,621.0,575.0,4.0,2027-02-08,2028-10-20,0.08019911504424779,0.4231194690265487,0,0.0,,17,0,0,1808.0,0.014821233126596133
pred_bau05,pred_bau05,Roche pRED Bau 05,KO.02,Wand,61,650.0,6.0,10.655737704918034,20.0,49.0,899.0,351.0,12.0,2020-05-27,2022-11-11,0.23716558206796817,0.8864786695589298,8,0.13114754098360656,,9,2,0,1383.0,0.020898809571654783
usb,usb,USB NBK2 Basel,HZ.09,Heizungsdämmung,24,650.0,25.0,27.083333333333332,40.0,50.0,607.0,578.0,4.0,2027-02-08,2028-10-06,0.08019911504424779,0.4153761061946903,0,0.0,,17,0,0,1808.0,0.014821233126596133
pred_bau07,pred_bau07,Roche pRED Bau 07,EQUIP.03,Labor/Produktion,12,645.0,20.0,53.75,114.50000000000001,280.0,960.0,742.0,2.0,2020-06-15,2023-01-30,0.28135048231511256,0.7952840300107181,12,1.0,,2,0,0,1866.0,0.008003474376473509
pred_bau04,pred_bau04,Roche pRED Bau 04,EL.03,Kabeltragsystem,26,645.0,20.0,24.807692307692307,40.0,50.0,418.0,386.0,7.0,2020-05-04,2021-06-25,0.1794871794871795,0.484981684981685,0,0.0,,5,0,0,1365.0,0.021882580448168817
usb,usb,USB NBK2 Basel,SN.08,Sanitärdämmung,23,635.0,30.0,27.608695652173914,40.0,50.0,614.0,582.0,4.0,2027-02-08,2028-10-13,0.08019911504424779,0.4192477876106195,0,0.0,,16,0,0,1808.0,0.01447920466982853
elp_v6,elp,ELP Masterterminplan V6,EL.05,Beleuchtung,156,633.0,2.0,4.0576923076923075,10.0,30.0,1062.0,333.0,15.0,2024-08-12,2027-07-09,0.13711702661978906,0.6700150678051231,1,0.00641025641025641,,3,17,3,1991.0,0.02983456662110572
baeretower,baeretower,Zentrum Bären / BäreTower,INT.04,Wandfinish,146,629.0,4.5,4.308219178082192,6.0,15.0,429.0,338.0,8.0,2020-09-07,2021-11-09,0.4017013232514178,0.8062381852551985,0,0.0,2863.0,31,0,0,1058.0,0.04581209031318281
usb,usb,USB NBK2 Basel,INT.08,Einbau,37,620.0,10.0,16.756756756756758,30.0,40.0,1159.0,527.0,4.0,2027-12-21,2031-02-21,0.2549778761061947,0.8954646017699115,0,0.0,,16,0,0,1808.0,0.014137176213060926
burckhardt,burckhardt,Burckhardt Laborgebäude,ENV.99,Sonstige Hülle,60,616.0,10.0,10.266666666666667,15.0,25.0,647.0,462.0,5.0,2025-01-22,2026-10-30,0.08680555555555555,0.6475694444444444,0,0.0,,7,0,3,1152.0,0.04813252070636037
dc30,dc30,DC30 Rechenzentrum,EL.03,Kabeltragsystem,95,599.0,5.0,6.3052631578947365,9.0,69.0,194.0,189.0,23.0,2026-03-23,2026-10-02,0.04918032786885246,0.5011709601873536,1,0.010526315789473684,,4,4,0,427.0,0.016678268133092023
baeretower,baeretower,Zentrum Bären / BäreTower,SN.06,Sanitärapparat,155,591.0,3.0,3.8129032258064517,5.0,8.0,442.0,314.0,8.0,2020-10-05,2021-12-20,0.4281663516068053,0.8449905482041588,0,0.0,1482.0,30,0,0,1058.0,0.043044428259286234
usb,usb,USB NBK2 Basel,KO.02,Wand,92,587.0,3.0,6.380434782608695,14.500000000000028,30.0,709.0,425.0,6.0,2026-09-21,2028-08-29,0.0027654867256637168,0.39435840707964603,0,0.0,,6,0,0,1808.0,0.0133847136081722
dc30,dc30,DC30 Rechenzentrum,LF.01,Lüftungsgerät,95,585.0,5.0,6.157894736842105,10.0,31.0,271.0,219.0,8.0,2026-06-05,2027-03-02,0.2224824355971897,0.8548009367681498,1,0.010526315789473684,,7,9,0,427.0,0.016288458861200054
baeretower,baeretower,Zentrum Bären / BäreTower,SITE.04,Hartfläche,23,575.0,12.0,25.0,73.00000000000003,145.0,659.0,472.0,5.0,2019-11-18,2021-09-06,0.12381852551984877,0.7457466918714556,0,0.0,,0,0,0,1058.0,0.041879096868171886
dc30,dc30,DC30 Rechenzentrum,KO.99,Sonstige Konstruktion,89,566.0,5.0,6.359550561797753,10.0,22.0,274.0,240.0,16.0,2026-06-11,2027-03-11,0.23653395784543327,0.8758782201405152,0,0.0,,6,11,0,427.0,0.015759431992203813
dc30,dc30,DC30 Rechenzentrum,HZ.99,Sonstige Heizung,86,556.0,5.0,6.465116279069767,10.0,25.0,295.0,225.0,8.0,2026-05-04,2027-02-22,0.14754098360655737,0.8360655737704918,0,0.0,,6,11,0,427.0,0.015480996797995267
burckhardt,burckhardt,Burckhardt Laborgebäude,LF.99,Sonstige Lüftung,58,555.0,10.0,9.568965517241379,15.0,30.0,631.0,463.0,4.0,2025-11-17,2027-08-09,0.3463541666666667,0.8932291666666666,0,0.0,,11,5,3,1152.0,0.04336615096108767
elp_v6,elp,ELP Masterterminplan V6,EL.06,Elektroverteilung,113,529.0,1.0,4.68141592920354,10.0,20.0,407.0,217.0,15.0,2026-06-10,2027-07-21,0.4721245605223506,0.6760421898543445,0,0.0,,3,10,2,1991.0,0.024932836876089926
pred_bau07,pred_bau07,Roche pRED Bau 07,INT.04,Wandfinish,21,525.0,20.0,25.0,40.0,40.0,592.0,385.0,4.0,2020-08-21,2022-04-04,0.3172561629153269,0.6339764201500536,0,0.0,,10,0,0,1866.0,0.006514455887827274
elp_v6,elp,ELP Masterterminplan V6,INT.05,Deckenfinish,59,525.0,5.0,8.898305084745763,15.0,50.0,1143.0,321.0,9.0,2024-05-27,2027-07-13,0.09844299347061777,0.6720241084881969,0,0.0,,3,20,1,1991.0,0.024744308808973936
elp_v6,elp,ELP Masterterminplan V6,SN.99,Sonstige Sanitär,87,522.0,2.0,6.0,2.0,230.0,1053.0,593.0,8.0,2024-07-22,2027-06-09,0.12656956303365144,0.6549472626820693,0,0.0,,3,22,4,1991.0,0.024602912758636943
elp_v7,elp,ELP Masterterminplan V7,INT.99,Sonstiger Ausbau,56,513.0,10.0,9.160714285714286,12.5,60.0,1438.0,273.0,12.0,2023-11-13,2027-10-20,0.0,0.8073033707865168,0,0.0,,4,9,1,1780.0,0.06995772535115233
dc30,dc30,DC30 Rechenzentrum,LF.09,Lüftungshalterung,27,512.0,15.0,18.962962962962962,30.0,51.0,277.0,250.0,8.0,2026-04-13,2027-01-14,0.09836065573770492,0.7447306791569087,0,0.0,,3,9,0,427.0,0.014255881943477655
elp_v6,elp,ELP Masterterminplan V6,INT.04,Wandfinish,69,511.0,5.0,7.405797101449275,10.0,15.0,655.0,260.0,8.0,2025-04-07,2027-01-21,0.25665494726268206,0.5851330989452537,0,0.0,,3,18,1,1991.0,0.024084460574067965
elp_v7,elp,ELP Masterterminplan V7,KO.05,Decke,45,504.0,10.0,11.2,14.0,17.0,1094.0,451.0,6.0,2023-11-29,2026-11-26,0.008988764044943821,0.6230337078651685,0,0.0,,3,34,1,1780.0,0.06873039683621983
baeretower,baeretower,Zentrum Bären / BäreTower,SN.99,Sonstige Sanitär,63,501.0,10.0,7.9523809523809526,10.0,80.0,473.0,329.0,5.0,2020-06-23,2021-10-08,0.32986767485822305,0.775992438563327,0,0.0,1176.0,28,0,0,1058.0,0.03648943918426802
pred_bau05,pred_bau05,Roche pRED Bau 05,INT.08,Einbau,12,500.0,40.0,41.666666666666664,60.0,60.0,512.0,504.0,3.0,2020-10-26,2022-03-21,0.3470715835140998,0.7165582067968185,7,0.5833333333333334,,4,0,0,1383.0,0.01607600736281137
dc30,dc30,DC30 Rechenzentrum,INT.99,Sonstiger Ausbau,72,484.0,5.0,6.722222222222222,10.0,21.0,220.0,196.0,7.0,2026-06-30,2027-02-04,0.2810304449648712,0.7939110070257611,1,0.013888888888888888,,4,4,0,427.0,0.013476263399693721
dc30,dc30,DC30 Rechenzentrum,LF.99,Sonstige Lüftung,63,474.0,5.0,7.523809523809524,10.0,21.0,296.0,245.0,12.0,2026-05-06,2027-02-25,0.1522248243559719,0.8430913348946136,2,0.031746031746031744,,6,9,0,427.0,0.013197828205485174
usb,usb,USB NBK2 Basel,INT.04,Wandfinish,86,472.0,3.0,5.488372093023256,10.0,15.0,941.0,419.0,4.0,2027-02-02,2029-08-30,0.07688053097345132,0.5967920353982301,0,0.0,,19,0,0,1808.0,0.010762495439620576
dc30,dc30,DC30 Rechenzentrum,EL.05,Beleuchtung,78,472.0,5.0,6.051282051282051,10.0,16.0,281.0,248.0,6.0,2026-07-06,2027-04-12,0.29508196721311475,0.9508196721311475,0,0.0,,4,8,0,427.0,0.013142141166643464
pred_bau05,pred_bau05,Roche pRED Bau 05,EQUIP.99,Sonstige Ausstattung,8,469.0,25.0,58.625,119.19999999999996,269.0,814.0,674.0,1.0,2019-07-04,2021-09-24,0.0,0.5878524945770065,0,0.0,,1,0,0,1383.0,0.015079294906317067
uh1,uh1,UH1 CS Master Schedule V6,ENV.02,Fassade,49,467.0,10.0,9.53061224489796,10.0,35.0,2363.0,408.0,3.0,2022-05-09,2028-10-26,0.02206461780929866,0.9527186761229315,0,0.0,,8,7,2,2538.0,0.01663460853458716
uh1,uh1,UH1 CS Master Schedule V6,INT.05,Deckenfinish,48,463.0,10.0,9.645833333333334,10.0,41.0,2177.0,404.0,3.0,2022-08-05,2028-07-20,0.05673758865248227,0.9141055949566588,0,0.0,,8,7,2,2538.0,0.016492127947567145
usb,usb,USB NBK2 Basel,GAS.99,Sonstige Gas,22,460.0,20.0,20.90909090909091,29.00000000000002,50.0,915.0,542.0,2.0,2027-02-08,2029-08-10,0.08019911504424779,0.5857300884955752,0,0.0,,16,0,0,1808.0,0.010488872674206494
dc30,dc30,DC30 Rechenzentrum,EL.06,Elektroverteilung,42,449.0,10.0,10.69047619047619,10.0,21.0,241.0,180.0,7.0,2026-07-28,2027-03-25,0.34660421545667447,0.9086651053864169,0,0.0,,6,5,0,427.0,0.012501740219963803
pred_bau05,pred_bau05,Roche pRED Bau 05,EL.02,Kabel,18,448.0,20.0,24.88888888888889,40.0,40.0,539.0,465.0,2.0,2020-06-18,2021-12-08,0.2530730296456978,0.6420824295010846,3,0.16666666666666666,,6,0,0,1383.0,0.014404102597078989
pred_bau05,pred_bau05,Roche pRED Bau 05,KO.05,Decke,42,443.0,10.0,10.547619047619047,20.0,20.0,752.0,223.0,6.0,2020-06-10,2022-07-01,0.2472885032537961,0.7903109182935647,11,0.2619047619047619,,3,2,0,1383.0,0.014243342523450876
dc30,dc30,DC30 Rechenzentrum,SN.01,Sanitärrohr,69,437.0,5.0,6.333333333333333,11.000000000000014,20.0,241.0,207.0,14.0,2026-04-27,2026-12-23,0.13114754098360656,0.6932084309133489,0,0.0,,5,8,0,427.0,0.012167617986913546
uh1,uh1,UH1 CS Master Schedule V6,SN.01,Sanitärrohr,49,434.0,10.0,8.857142857142858,10.0,10.0,1638.0,367.0,3.0,2023-11-17,2028-05-11,0.24152876280535854,0.8865248226950354,0,0.0,,8,7,4,2538.0,0.01545914369167201
usb,usb,USB NBK2 Basel,TRANS.05,Materialtransport,25,432.0,20.0,17.28,20.0,50.0,598.0,463.0,4.0,2027-02-03,2028-09-22,0.07743362831858407,0.40763274336283184,0,0.0,,18,0,0,1808.0,0.009850419554906968
dc30,dc30,DC30 Rechenzentrum,INT.02,Trockenbau,76,432.0,5.0,5.684210526315789,5.0,36.0,316.0,243.0,10.0,2026-03-30,2027-02-08,0.06557377049180328,0.8032786885245902,0,0.0,,5,4,0,427.0,0.012028400389809272
elp_v6,elp,ELP Masterterminplan V6,KO.05,Decke,35,427.0,12.0,12.2,15.0,30.0,770.0,321.0,4.0,2024-05-14,2026-06-22,0.09191361125062783,0.4781516825715721,0,0.0,,4,18,3,1991.0,0.020125371164632134
burckhardt,burckhardt,Burckhardt Laborgebäude,EQUIP.99,Sonstige Ausstattung,46,420.0,10.0,9.130434782608695,15.0,20.0,957.0,351.0,4.0,2024-11-11,2027-06-25,0.024305555555555556,0.8541666666666666,0,0.0,,9,2,5,1152.0,0.032817627754336616
pred_bau04,pred_bau04,Roche pRED Bau 04,KO.06,Treppe/Rampe,42,420.0,10.0,10.0,20.0,48.0,857.0,349.0,6.0,2020-09-16,2023-01-20,0.2783882783882784,0.9054945054945055,3,0.07142857142857142,,8,3,0,1365.0,0.014249122152295974
elp_v6,elp,ELP Masterterminplan V6,HZ.03,Heizungsrohr,182,418.0,2.0,2.2967032967032965,2.0,5.0,1051.0,195.0,16.0,2024-07-22,2027-06-07,0.12656956303365144,0.6539427423405324,0,0.0,,3,17,1,1991.0,0.019701183013621153
elp_v6,elp,ELP Masterterminplan V6,INT.03,Tür/Fenster innen,52,406.0,5.0,7.8076923076923075,14.499999999999993,50.0,802.0,303.0,8.0,2025-05-02,2027-07-12,0.2692114515318935,0.6715218483174284,0,0.0,,3,15,1,1991.0,0.019135598812273176
elp_v6,elp,ELP Masterterminplan V6,HZ.99,Sonstige Heizung,161,406.0,2.0,2.5217391304347827,5.0,33.0,1065.0,265.0,9.0,2024-07-15,2027-06-14,0.12305374183827222,0.6574585635359116,0,0.0,,3,17,1,1991.0,0.019135598812273176
burckhardt,burckhardt,Burckhardt Laborgebäude,EL.03,Kabeltragsystem,34,405.0,5.0,11.911764705882353,20.0,30.0,369.0,314.0,6.0,2025-11-17,2026-11-20,0.3463541666666667,0.6657986111111112,0,0.0,,11,3,1,1152.0,0.03164556962025317
uh1,uh1,UH1 CS Master Schedule V6,SN.06,Sanitärapparat,39,398.0,10.0,10.205128205128204,10.0,66.0,1866.0,390.0,3.0,2023-05-01,2028-06-08,0.16272655634357763,0.8975571315996848,0,0.0,,8,6,3,2538.0,0.014176818408491844
elp_v6,elp,ELP Masterterminplan V6,SPR.99,Sonstige Sprinkler,27,389.0,5.0,14.407407407407407,20.0,151.0,957.0,296.0,6.0,2024-07-15,2027-02-26,0.12305374183827222,0.6032144650929181,0,0.0,,3,18,3,1991.0,0.018334354527030212
dc30,dc30,DC30 Rechenzentrum,AUTO.04,Sensor/Aktor,68,384.0,5.0,5.647058823529412,5.0,16.0,368.0,190.0,7.0,2026-03-02,2027-03-04,0.0,0.8594847775175644,0,0.0,,6,9,0,427.0,0.010691911457608241
elp_v6,elp,ELP Masterterminplan V6,EL.03,Kabeltragsystem,109,383.0,3.0,3.5137614678899083,5.0,5.0,368.0,139.0,15.0,2026-05-08,2027-05-10,0.45554997488699145,0.6398794575590155,0,0.0,,3,9,1,1991.0,0.018051562426356225
pred_bau05,pred_bau05,Roche pRED Bau 05,KT.07,Kälteendgerät,19,378.0,20.0,19.894736842105264,30.0,50.0,237.0,237.0,4.0,2020-06-05,2021-01-27,0.24367317425885757,0.41431670281995664,0,0.0,,3,0,0,1383.0,0.012153461566285398
pred_bau04,pred_bau04,Roche pRED Bau 04,EL.02,Kabel,15,373.0,20.0,24.866666666666667,40.0,40.0,511.0,379.0,2.0,2020-06-18,2021-11-10,0.21245421245421245,0.5860805860805861,0,0.0,,5,0,0,1365.0,0.012654577530491425
uh1,uh1,UH1 CS Master Schedule V6,TRANS.01,Aufzug,42,372.0,10.0,8.857142857142858,10.0,10.0,1583.0,282.0,3.0,2024-06-13,2028-10-12,0.32387706855791965,0.9472025216706068,0,0.0,,8,7,0,2538.0,0.013250694592861722
dc30,dc30,DC30 Rechenzentrum,TRANS.01,Aufzug,68,372.0,5.0,5.470588235294118,5.0,16.0,227.0,210.0,9.0,2026-07-28,2027-03-11,0.34660421545667447,0.8758782201405152,0,0.0,,5,8,0,427.0,0.010357789224557984
elp_v6,elp,ELP Masterterminplan V6,SN.01,Sanitärrohr,130,369.0,2.0,2.8384615384615386,3.0,54.0,1053.0,253.0,11.0,2024-07-24,2027-06-11,0.12757408337518836,0.6559517830236062,0,0.0,,3,19,2,1991.0,0.01739171419145025
baeretower,baeretower,Zentrum Bären / BäreTower,EL.99,Sonstige Elektro,16,367.0,11.0,22.9375,25.0,180.0,417.0,344.0,4.0,2020-12-08,2022-01-28,0.4886578449905482,0.8818525519848771,0,0.0,360.0,3,0,0,1058.0,0.02672978878368536
uh1,uh1,UH1 CS Master Schedule V6,ENV.03,Fenster/Tür aussen,42,367.0,10.0,8.738095238095237,10.0,10.0,1985.0,307.0,3.0,2022-10-24,2028-03-30,0.08825847123719464,0.8699763593380615,0,0.0,,8,7,4,2538.0,0.0130725938590867
pred_bau07,pred_bau07,Roche pRED Bau 07,LF.01,Lüftungsgerät,11,365.0,15.0,33.18181818181818,120.0,120.0,762.0,506.0,2.0,2020-04-17,2022-05-18,0.2497320471596999,0.657556270096463,1,0.09090909090909091,,2,0,0,1866.0,0.004529097902965629
burckhardt,burckhardt,Burckhardt Laborgebäude,TRANS.99,Sonstige Transport,15,365.0,15.0,24.333333333333332,63.99999999999999,70.0,508.0,276.0,5.0,2026-02-06,2027-06-28,0.4166666666666667,0.8567708333333334,0,0.0,,0,1,1,1152.0,0.028520081262697297
uh1,uh1,UH1 CS Master Schedule V6,INT.01,Trennwand,41,362.0,10.0,8.829268292682928,10.0,10.0,1290.0,277.0,3.0,2025-01-08,2028-07-20,0.40622537431048067,0.9141055949566588,0,0.0,,8,7,0,2538.0,0.012894493125311676
uh1,uh1,UH1 CS Master Schedule V6,LF.08,Lüftungsdämmung,41,362.0,10.0,8.829268292682928,10.0,10.0,1284.0,287.0,3.0,2024-11-19,2028-05-25,0.38652482269503546,0.8920409771473601,0,0.0,,8,7,4,2538.0,0.012894493125311676
burckhardt,burckhardt,Burckhardt Laborgebäude,TRANS.01,Aufzug,5,360.0,10.0,72.0,197.00000000000003,315.0,750.0,501.0,2.0,2025-07-07,2027-07-26,0.2309027777777778,0.8810763888888888,0,0.0,,0,1,2,1152.0,0.02812939521800281
uh1,uh1,UH1 CS Master Schedule V6,ENV.04,Sonnenschutz,14,360.0,30.0,25.714285714285715,30.0,30.0,1367.0,339.0,3.0,2024-12-18,2028-09-14,0.3979511426319937,0.9361702127659575,0,0.0,,0,7,0,2538.0,0.012823252831801668
burckhardt,burckhardt,Burckhardt Laborgebäude,HZ.99,Sonstige Heizung,45,355.0,5.0,7.888888888888889,15.0,30.0,575.0,292.0,3.0,2025-11-17,2027-06-14,0.3463541666666667,0.8446180555555556,0,0.0,,11,4,2,1152.0,0.02773870917330833
uh1,uh1,UH1 CS Master Schedule V6,SEC.08,Brandmelder,14,334.0,10.0,23.857142857142858,50.0,84.0,2440.0,307.0,3.0,2022-04-18,2028-12-21,0.013790386130811664,0.9747832939322301,0,0.0,,0,6,0,2538.0,0.011897129016171546
uh1,uh1,UH1 CS Master Schedule V6,EL.02,Kabel,38,332.0,10.0,8.736842105263158,10.0,10.0,1281.0,289.0,3.0,2024-11-08,2028-05-11,0.3821907013396375,0.8865248226950354,0,0.0,,8,6,4,2538.0,0.011825888722661538
uh1,uh1,UH1 CS Master Schedule V6,EQUIP.02,Küchengerät,38,332.0,10.0,8.736842105263158,10.0,10.0,1298.0,266.0,3.0,2025-01-28,2028-08-17,0.4141055949566588,0.9251379038613081,0,0.0,,8,6,0,2538.0,0.011825888722661538
usb,usb,USB NBK2 Basel,EQUIP.01,Mobiliar,17,330.0,20.0,19.41176470588235,20.0,20.0,603.0,425.0,2.0,2027-11-22,2029-07-16,0.23893805309734514,0.5719026548672567,0,0.0,,16,0,0,1808.0,0.007524626048887267
elp_v6,elp,ELP Masterterminplan V6,SN.06,Sanitärapparat,59,326.0,5.0,5.52542372881356,5.0,15.0,426.0,159.0,11.0,2026-05-15,2027-07-14,0.4590657960823707,0.6725263686589653,0,0.0,,3,13,1,1991.0,0.01536503746995334
elp_v7,elp,ELP Masterterminplan V7,KO.02,Wand,30,321.0,10.0,10.7,15.0,25.0,1058.0,309.0,7.0,2023-11-13,2026-10-05,0.0,0.5938202247191011,0,0.0,,3,14,2,1780.0,0.04377471703259239
elp_v6,elp,ELP Masterterminplan V6,SEC.08,Brandmelder,16,320.0,20.0,20.0,20.0,20.0,206.0,165.0,5.0,2026-07-22,2027-02-12,0.4932194876946258,0.5961828227021597,0,0.0,,0,0,0,1991.0,0.015082245369279351
pred_bau05,pred_bau05,Roche pRED Bau 05,TRANS.01,Aufzug,14,319.0,10.0,22.785714285714285,68.0,68.0,304.0,164.0,7.0,2020-06-24,2021-04-23,0.257411424439624,0.4765003615328995,0,0.0,,2,1,0,1383.0,0.010256492697473656
burckhardt,burckhardt,Burckhardt Laborgebäude,HZ.03,Heizungsrohr,21,315.0,15.0,15.0,20.0,20.0,264.0,230.0,4.0,2026-02-09,2026-10-30,0.4192708333333333,0.6475694444444444,0,0.0,,11,2,1,1152.0,0.02461322081575246
pred_bau04,pred_bau04,Roche pRED Bau 04,TRANS.01,Aufzug,14,305.0,10.0,21.785714285714285,53.0,69.0,407.0,200.0,5.0,2020-03-16,2021-04-26,0.14358974358974358,0.441025641025641,0,0.0,,1,0,0,1365.0,0.010347576801072077
baeretower,baeretower,Zentrum Bären / BäreTower,ENV.01,Dach,61,302.0,3.0,4.950819672131147,10.0,20.0,576.0,247.0,5.0,2020-03-31,2021-10-27,0.2504725897920605,0.7939508506616257,0,0.0,1022.0,29,0,0,1058.0,0.021995630007283322
dc30,dc30,DC30 Rechenzentrum,HZ.03,Heizungsrohr,36,285.0,5.0,7.916666666666667,15.0,15.0,241.0,156.0,6.0,2026-04-27,2026-12-23,0.13114754098360656,0.6932084309133489,0,0.0,,3,11,0,427.0,0.007935403034943616
dc30,dc30,DC30 Rechenzentrum,KT.09,Kältehalterung,30,272.0,9.5,9.066666666666666,14.100000000000001,38.0,220.0,171.0,6.0,2026-04-20,2026-11-25,0.11475409836065574,0.6276346604215457,0,0.0,,3,9,0,427.0,0.007573437282472504
pred_bau05,pred_bau05,Roche pRED Bau 05,LF.01,Lüftungsgerät,11,270.0,15.0,24.545454545454547,30.0,100.0,371.0,292.0,3.0,2020-04-17,2021-04-22,0.20824295010845986,0.4757772957339118,2,0.18181818181818182,,2,0,0,1383.0,0.00868104397591814
dc30,dc30,DC30 Rechenzentrum,ENV.02,Fassade,28,270.0,10.0,9.642857142857142,15.0,21.0,316.0,149.0,7.0,2026-03-23,2027-02-01,0.04918032786885246,0.7868852459016393,0,0.0,,3,9,0,427.0,0.007517750243630795
dc30,dc30,DC30 Rechenzentrum,HZ.10,Heizungshalterung,33,270.0,5.0,8.181818181818182,15.0,15.0,234.0,154.0,6.0,2026-04-20,2026-12-09,0.11475409836065574,0.6604215456674473,0,0.0,,2,11,0,427.0,0.007517750243630795
pred_bau05,pred_bau05,Roche pRED Bau 05,EQUIP.01,Mobiliar,8,268.0,20.0,33.5,72.5,90.0,491.0,370.0,2.0,2020-07-10,2021-11-12,0.26898047722342733,0.6232827187274042,5,0.625,,1,0,0,1383.0,0.008616739946466896
baeretower,baeretower,Zentrum Bären / BäreTower,EQUIP.02,Küchengerät,87,261.0,2.0,3.0,5.0,5.0,398.0,220.0,6.0,2020-11-18,2021-12-20,0.46975425330812853,0.8449905482041588,0,0.0,1247.0,28,0,0,1058.0,0.019009468317552805
elp_v7,elp,ELP Masterterminplan V7,SITE.99,Sonstige Umgebung,19,260.0,10.0,13.68421052631579,24.999999999999982,45.0,221.0,176.0,4.0,2027-06-07,2028-01-13,0.7314606741573034,0.8550561797752809,0,0.0,,1,2,0,1780.0,0.03545615709804991
burckhardt,burckhardt,Burckhardt Laborgebäude,INT.03,Tür/Fenster innen,45,260.0,5.0,5.777777777777778,10.0,10.0,558.0,247.0,4.0,2025-11-10,2027-05-21,0.3402777777777778,0.8237847222222222,0,0.0,,11,4,3,1152.0,0.02031567432411314
pred_bau05,pred_bau05,Roche pRED Bau 05,ENV.01,Dach,24,257.0,10.0,10.708333333333334,20.0,30.0,458.0,286.0,4.0,2020-05-20,2021-08-20,0.23210412147505424,0.5625451916124368,0,0.0,,1,0,0,1383.0,0.008263067784485045
burckhardt,burckhardt,Burckhardt Laborgebäude,SN.01,Sanitärrohr,20,255.0,15.0,12.75,15.0,15.0,243.0,218.0,3.0,2026-03-02,2026-10-30,0.4375,0.6475694444444444,0,0.0,,11,2,1,1152.0,0.01992498827941866
baeretower,baeretower,Zentrum Bären / BäreTower,INT.03,Tür/Fenster innen,166,255.0,1.0,1.536144578313253,2.0,10.0,446.0,158.0,6.0,2020-09-28,2021-12-17,0.4215500945179584,0.8421550094517959,0,0.0,290.0,31,0,0,1058.0,0.018572469045884922
elp_v6,elp,ELP Masterterminplan V6,KO.03,Stütze,6,243.0,10.0,40.5,104.0,180.0,719.0,338.0,2.0,2025-03-03,2027-02-19,0.23907584128578604,0.5996986438975389,1,0.16666666666666666,,2,2,1,1991.0,0.011453080077296507
elp_v6,elp,ELP Masterterminplan V6,TRANS.01,Aufzug,18,240.0,3.5,13.333333333333334,42.00000000000003,70.0,796.0,321.0,4.0,2025-04-25,2027-06-29,0.26569563033651433,0.6649924660974385,0,0.0,,3,5,3,1991.0,0.011311684026959513
dc30,dc30,DC30 Rechenzentrum,ENV.01,Dach,15,234.0,15.0,15.6,21.999999999999996,26.0,191.0,165.0,4.0,2026-09-07,2027-03-16,0.4426229508196721,0.8875878220140515,0,0.0,,2,5,0,427.0,0.006515383544480022
usb,usb,USB NBK2 Basel,SEC.99,Sonstige Sicherheit,21,230.0,10.0,10.952380952380953,10.0,20.0,561.0,259.0,3.0,2027-04-09,2028-10-20,0.11338495575221239,0.4231194690265487,0,0.0,,16,0,0,1808.0,0.005244436337103247
usb,usb,USB NBK2 Basel,EL.03,Kabeltragsystem,34,227.0,7.5,6.676470588235294,10.0,10.0,613.0,254.0,3.0,2026-11-16,2028-07-20,0.03373893805309734,0.37223451327433627,0,0.0,,4,0,0,1808.0,0.005176030645749726
burckhardt,burckhardt,Burckhardt Laborgebäude,HZ.09,Heizungsdämmung,11,225.0,20.0,20.454545454545453,20.0,30.0,264.0,246.0,2.0,2026-03-30,2026-12-18,0.4618055555555556,0.6901041666666666,0,0.0,,11,2,1,1152.0,0.017580872011251757
frankfurt_four,frankfurt_four,Frankfurt Four RT4,INT.06,Boden,37,215.0,5.0,5.8108108108108105,5.0,15.0,426.0,226.0,3.0,2022-02-11,2023-04-12,0.038580246913580245,0.6944444444444444,0,0.0,545.0,5,7,0,648.0,0.10648836057454185
burckhardt,burckhardt,Burckhardt Laborgebäude,ENV.02,Fassade,14,215.0,10.0,15.357142857142858,20.0,60.0,299.0,196.0,3.0,2025-11-10,2026-09-04,0.3402777777777778,0.5989583333333334,0,0.0,,1,1,3,1152.0,0.01679949992186279
dc30,dc30,DC30 Rechenzentrum,KT.08,Kältedämmung,42,212.0,5.0,5.0476190476190474,5.0,6.0,186.0,137.0,5.0,2026-07-28,2027-01-29,0.34660421545667447,0.7798594847775175,0,0.0,,3,12,0,427.0,0.005902826117221217
burckhardt,burckhardt,Burckhardt Laborgebäude,SN.06,Sanitärapparat,20,210.0,15.0,10.5,15.0,15.0,530.0,263.0,2.0,2025-12-15,2027-05-28,0.3706597222222222,0.8298611111111112,0,0.0,,10,2,1,1152.0,0.016408813877168308
usb,usb,USB NBK2 Basel,EL.05,Beleuchtung,95,209.0,2.0,2.2,3.0,5.0,615.0,194.0,5.0,2026-09-17,2028-05-23,0.0005530973451327434,0.3401548672566372,0,0.0,,19,0,0,1808.0,0.004765596497628603
elp_v7,elp,ELP Masterterminplan V7,INT.06,Boden,24,205.0,10.0,8.541666666666666,10.0,20.0,274.0,199.0,5.0,2026-12-23,2027-09-22,0.6382022471910113,0.7915730337078651,0,0.0,,3,9,0,1780.0,0.02795581617346243
dc30,dc30,DC30 Rechenzentrum,INT.05,Deckenfinish,18,202.0,10.0,11.222222222222221,13.300000000000008,21.0,144.0,143.0,4.0,2026-09-14,2027-02-04,0.45901639344262296,0.7939110070257611,0,0.0,,3,2,0,427.0,0.005624390923012669
pred_bau05,pred_bau05,Roche pRED Bau 05,INT.99,Sonstiger Ausbau,5,200.0,40.0,40.0,52.0,60.0,238.0,210.0,2.0,2020-07-17,2021-03-11,0.2740419378163413,0.44540853217642806,0,0.0,,2,0,0,1383.0,0.006430402945124549
burckhardt,burckhardt,Burckhardt Laborgebäude,SN.99,Sonstige Sanitär,25,200.0,5.0,8.0,18.000000000000007,30.0,306.0,147.0,4.0,2025-11-24,2026-09-25,0.3524305555555556,0.6171875,0,0.0,,11,2,2,1152.0,0.01562744178777934
dc30,dc30,DC30 Rechenzentrum,LF.03,Luftkanal,15,200.0,10.0,13.333333333333334,15.6,59.0,262.0,200.0,3.0,2026-03-30,2026-12-16,0.06557377049180328,0.6768149882903981,0,0.0,,4,4,0,427.0,0.005568703884170959
pred_bau04,pred_bau04,Roche pRED Bau 04,ENV.01,Dach,7,200.0,20.0,28.571428571428573,56.000000000000014,80.0,246.0,246.0,2.0,2019-12-10,2020-08-11,0.07252747252747253,0.252014652014652,0,0.0,,2,0,0,1365.0,0.006785296262998083
elp_v6,elp,ELP Masterterminplan V6,SEC.99,Sonstige Sicherheit,33,194.0,5.0,5.878787878787879,10.0,10.0,595.0,168.0,9.0,2025-05-27,2027-01-11,0.281767955801105,0.580110497237569,0,0.0,,3,18,1,1991.0,0.009143611255125608
elp_v7,elp,ELP Masterterminplan V7,EL.04,Elektrogerät,26,192.0,5.0,7.384615384615385,10.0,20.0,207.0,136.0,6.0,2027-02-05,2027-08-30,0.6629213483146067,0.7786516853932585,0,0.0,,1,5,1,1780.0,0.026183008318559936
dc30,dc30,DC30 Rechenzentrum,INT.07,Schutzbauteil,39,192.0,5.0,4.923076923076923,5.0,5.0,218.0,107.0,11.0,2026-07-17,2027-02-19,0.32084309133489464,0.8290398126463701,0,0.0,,1,5,0,427.0,0.005345955728804121
baeretower,baeretower,Zentrum Bären / BäreTower,TRANS.99,Sonstige Transport,6,192.0,10.0,32.0,84.0,120.0,791.0,240.0,2.0,2019-10-03,2021-12-01,0.08034026465028356,0.8270321361058601,0,0.0,60.0,1,0,0,1058.0,0.013983976693372178
elp_v7,elp,ELP Masterterminplan V7,KO.01,Fundament,16,190.0,12.5,11.875,15.0,15.0,1079.0,250.0,2.0,2023-11-13,2026-10-26,0.0,0.6056179775280899,0,0.0,,3,11,1,1780.0,0.025910268648574934
frankfurt_four,frankfurt_four,Frankfurt Four RT4,INT.05,Deckenfinish,48,187.0,5.0,3.8958333333333335,5.0,5.0,257.0,170.0,3.0,2022-01-24,2022-10-07,0.010802469135802469,0.4058641975308642,0,0.0,454.0,5,7,0,648.0,0.09262010896483408
elp_v7,elp,ELP Masterterminplan V7,INT.04,Wandfinish,25,185.0,5.0,7.4,10.0,15.0,1269.0,165.0,6.0,2024-03-04,2027-08-24,0.06292134831460675,0.7752808988764045,0,0.0,,3,7,0,1780.0,0.025228419473612436
uh1,uh1,UH1 CS Master Schedule V6,TRANS.99,Sonstige Transport,5,180.0,40.0,36.0,40.0,40.0,804.0,140.0,2.0,2025-08-08,2027-10-20,0.48975571315996846,0.806146572104019,0,0.0,,0,5,0,2538.0,0.006411626415900834
dc30,dc30,DC30 Rechenzentrum,LF.02,Ventilator,18,180.0,10.0,10.0,11.0,11.0,133.0,110.0,5.0,2026-07-07,2026-11-16,0.297423887587822,0.6065573770491803,0,0.0,,3,2,0,427.0,0.005011833495753864
usb,usb,USB NBK2 Basel,TRANS.99,Sonstige Transport,11,180.0,20.0,16.363636363636363,20.0,20.0,1131.0,251.0,1.0,2026-11-16,2029-12-20,0.03373893805309734,0.6587389380530974,0,0.0,,3,0,0,1808.0,0.004104341481211237
dc30,dc30,DC30 Rechenzentrum,HZ.09,Heizungsdämmung,30,178.0,5.0,5.933333333333334,6.800000000000011,15.0,228.0,129.0,5.0,2026-05-11,2026-12-24,0.16393442622950818,0.6955503512880562,0,0.0,,2,10,0,427.0,0.004956146456912154
dc30,dc30,DC30 Rechenzentrum,LF.08,Lüftungsdämmung,27,172.0,5.0,6.37037037037037,10.0,20.0,212.0,157.0,6.0,2026-07-28,2027-02-24,0.34660421545667447,0.8407494145199064,0,0.0,,3,9,0,427.0,0.004789085340387025
burckhardt,burckhardt,Burckhardt Laborgebäude,KO.02,Wand,12,170.0,10.0,14.166666666666666,24.5,40.0,442.0,208.0,3.0,2025-03-14,2026-05-29,0.1310763888888889,0.5138888888888888,0,0.0,,3,1,1,1152.0,0.01328332551961244
pred_bau05,pred_bau05,Roche pRED Bau 05,KO.06,Treppe/Rampe,30,170.0,5.0,5.666666666666667,10.0,10.0,404.0,97.0,6.0,2021-11-15,2022-12-23,0.6254519161243673,0.9168474331164136,0,0.0,,5,2,0,1383.0,0.005465842503355867
elp_v6,elp,ELP Masterterminplan V6,INT.02,Trockenbau,17,165.0,10.0,9.705882352941176,10.0,15.0,229.0,136.0,5.0,2026-04-17,2026-12-01,0.44500251130085383,0.5595178302360623,0,0.0,,3,10,0,1991.0,0.007776782768534666
elp_v7,elp,ELP Masterterminplan V7,TRANS.01,Aufzug,4,165.0,40.0,41.25,77.0,80.0,132.0,132.0,2.0,2027-04-15,2027-08-24,0.7016853932584269,0.7752808988764045,0,0.0,,1,2,0,1780.0,0.022501022773762445
pred_bau07,pred_bau07,Roche pRED Bau 07,INT.01,Trennwand,4,160.0,40.0,40.0,57.0,60.0,245.0,245.0,1.0,2020-11-27,2021-07-29,0.36977491961414793,0.5005359056806002,0,0.0,,1,0,0,1866.0,0.0019853579848616455
pred_bau04,pred_bau04,Roche pRED Bau 04,ENV.02,Fassade,4,160.0,35.0,40.0,61.00000000000001,70.0,232.0,230.0,1.0,2020-02-05,2020-09-23,0.11428571428571428,0.2835164835164835,0,0.0,,1,0,0,1365.0,0.005428237010398467
elp_v6,elp,ELP Masterterminplan V6,LF.01,Lüftungsgerät,26,158.0,5.0,6.076923076923077,15.0,20.0,948.0,143.0,4.0,2024-07-17,2027-02-19,0.12405826217980914,0.5996986438975389,0,0.0,,3,16,2,1991.0,0.00744685865108168
dc30,dc30,DC30 Rechenzentrum,ENV.99,Sonstige Hülle,26,157.0,5.0,6.038461538461538,10.0,16.0,218.0,145.0,3.0,2026-07-28,2027-03-02,0.34660421545667447,0.8548009367681498,0,0.0,,6,8,0,427.0,0.004371432549074203
elp_v6,elp,ELP Masterterminplan V6,KO.01,Fundament,17,157.0,10.0,9.235294117647058,15.200000000000001,19.0,799.0,223.0,2.0,2024-01-22,2026-03-30,0.03515821195379206,0.4359618282270216,0,0.0,,2,8,1,1991.0,0.007399726634302682
baeretower,baeretower,Zentrum Bären / BäreTower,EL.05,Beleuchtung,29,155.0,5.0,5.344827586206897,5.0,15.0,455.0,148.0,4.0,2021-01-08,2022-04-07,0.5179584120982986,0.947069943289225,0,0.0,560.0,27,0,0,1058.0,0.011289147851420248
usb,usb,USB NBK2 Basel,EL.04,Elektrogerät,23,154.0,10.0,6.695652173913044,10.0,10.0,606.0,182.0,3.0,2027-01-19,2028-09-15,0.06913716814159292,0.40376106194690264,0,0.0,,3,0,0,1808.0,0.0035114921561473916
elp_v6,elp,ELP Masterterminplan V6,SPR.01,Sprinklerrohr,35,151.0,5.0,4.314285714285714,5.0,10.0,904.0,131.0,7.0,2024-07-15,2027-01-04,0.12305374183827222,0.5765946760421898,0,0.0,,3,18,1,1991.0,0.007116934533628694
pred_bau05,pred_bau05,Roche pRED Bau 05,SPEC.99,Sonstige Medien,7,150.0,20.0,21.428571428571427,32.000000000000014,50.0,212.0,212.0,2.0,2020-06-30,2021-01-27,0.26174981923355023,0.41431670281995664,1,0.14285714285714285,,1,0,0,1383.0,0.0048228022088434115
usb,usb,USB NBK2 Basel,LF.01,Lüftungsgerät,8,150.0,17.5,18.75,26.5,30.0,472.0,205.0,2.0,2027-02-03,2028-05-19,0.07743362831858407,0.3379424778761062,0,0.0,,2,0,0,1808.0,0.0034202845676760307
baeretower,baeretower,Zentrum Bären / BäreTower,INT.08,Einbau,60,149.0,2.0,2.4833333333333334,3.0,3.0,364.0,85.0,5.0,2020-11-18,2021-11-16,0.46975425330812853,0.8128544423440454,0,0.0,580.0,28,0,0,1058.0,0.010852148579752367
dc30,dc30,DC30 Rechenzentrum,LF.05,Luftarmatur,24,148.0,5.0,6.166666666666667,8.799999999999997,15.0,148.0,100.0,6.0,2026-06-29,2026-11-23,0.2786885245901639,0.6229508196721312,0,0.0,,5,4,0,427.0,0.00412084087428651
elp_v7,elp,ELP Masterterminplan V7,INT.03,Tür/Fenster innen,21,148.0,5.0,7.0476190476190474,20.0,20.0,183.0,82.0,6.0,2026-12-16,2027-06-16,0.6342696629213483,0.7365168539325843,0,0.0,,2,5,0,1780.0,0.02018273557888995
uh1,uh1,UH1 CS Master Schedule V6,SITE.99,Sonstige Umgebung,15,144.0,5.0,9.6,24.999999999999993,35.0,670.0,102.0,4.0,2022-07-11,2024-05-10,0.04688731284475965,0.31048069345941687,0,0.0,,0,0,0,2538.0,0.005129301132720667
baeretower,baeretower,Zentrum Bären / BäreTower,SITE.05,Aussentechnik,3,142.0,15.0,47.333333333333336,96.60000000000001,117.0,233.0,206.0,2.0,2020-07-01,2021-02-18,0.33742911153119093,0.556710775047259,0,0.0,,0,0,0,1058.0,0.01034231609613984
pred_bau05,pred_bau05,Roche pRED Bau 05,INT.04,Wandfinish,4,140.0,40.0,35.0,40.0,40.0,217.0,154.0,2.0,2020-07-10,2021-02-11,0.26898047722342733,0.42516268980477223,0,0.0,,3,0,0,1383.0,0.004501282061587184
pred_bau07,pred_bau07,Roche pRED Bau 07,KO.06,Treppe/Rampe,22,140.0,7.5,6.363636363636363,10.0,15.0,1021.0,59.0,9.0,2020-10-21,2023-08-07,0.34994640943194,0.8965702036441586,2,0.09090909090909091,,6,1,0,1866.0,0.0017371882367539398
burckhardt,burckhardt,Burckhardt Laborgebäude,ENV.03,Fenster/Tür aussen,15,140.0,5.0,9.333333333333334,15.0,20.0,411.0,161.0,2.0,2026-01-05,2027-02-19,0.3888888888888889,0.7447916666666666,0,0.0,,9,2,2,1152.0,0.010939209251445538
burckhardt,burckhardt,Burckhardt Laborgebäude,ENV.01,Dach,9,135.0,10.0,15.0,23.000000000000004,35.0,250.0,149.0,2.0,2025-12-08,2026-08-14,0.3645833333333333,0.5807291666666666,0,0.0,,0,1,3,1152.0,0.010548523206751054
burckhardt,burckhardt,Burckhardt Laborgebäude,SPR.99,Sonstige Sprinkler,22,130.0,5.0,5.909090909090909,5.0,15.0,474.0,133.0,2.0,2025-12-01,2027-03-19,0.3585069444444444,0.7690972222222222,0,0.0,,11,2,1,1152.0,0.01015783716205657
pred_bau04,pred_bau04,Roche pRED Bau 04,ENV.03,Fenster/Tür aussen,4,130.0,30.0,32.5,47.0,50.0,190.0,187.0,1.0,2020-02-05,2020-08-12,0.11428571428571428,0.25274725274725274,0,0.0,,1,0,0,1365.0,0.004410442570948754
pred_bau05,pred_bau05,Roche pRED Bau 05,SEC.08,Brandmelder,4,130.0,30.0,32.5,44.0,50.0,196.0,196.0,1.0,2020-09-17,2021-03-31,0.3188720173535792,0.4598698481561822,0,0.0,,1,0,0,1383.0,0.004179761914330957
pred_bau07,pred_bau07,Roche pRED Bau 07,ENV.01,Dach,4,130.0,30.0,32.5,44.0,50.0,187.0,187.0,1.0,2021-04-09,2021-10-12,0.44105037513397644,0.5407288317256163,0,0.0,,1,0,0,1866.0,0.0016131033627000868
elp_v7,elp,ELP Masterterminplan V7,LF.99,Sonstige Lüftung,33,129.0,4.0,3.909090909090909,5.0,8.0,175.0,73.0,6.0,2027-02-12,2027-08-05,0.6668539325842696,0.7646067415730337,0,0.0,,1,5,2,1780.0,0.017591708714032456
elp_v7,elp,ELP Masterterminplan V7,EL.99,Sonstige Elektro,28,128.0,5.0,4.571428571428571,6.5000000000000036,15.0,204.0,117.0,6.0,2027-02-05,2027-08-27,0.6629213483146067,0.7769662921348315,0,0.0,,1,5,2,1780.0,0.017455338879039956
dc30,dc30,DC30 Rechenzentrum,INT.01,Trennwand,21,127.0,5.0,6.0476190476190474,5.0,16.0,136.0,115.0,3.0,2026-09-29,2027-02-11,0.49414519906323184,0.810304449648712,0,0.0,,3,2,0,427.0,0.0035361269664485593
uh1,uh1,UH1 CS Master Schedule V6,ENV.01,Dach,9,125.0,10.0,13.88888888888889,20.0,20.0,1950.0,180.0,1.0,2022-10-17,2028-02-17,0.08550039401103231,0.8534278959810875,0,0.0,,1,4,0,2538.0,0.004452518344375579
burckhardt,burckhardt,Burckhardt Laborgebäude,SPR.01,Sprinklerrohr,12,125.0,10.0,10.416666666666666,14.500000000000002,15.0,243.0,136.0,2.0,2026-04-13,2026-12-11,0.4739583333333333,0.6840277777777778,0,0.0,,11,1,1,1152.0,0.009767151117362087
burckhardt,burckhardt,Burckhardt Laborgebäude,INT.01,Trennwand,15,120.0,10.0,8.0,10.0,10.0,211.0,136.0,3.0,2026-10-05,2027-05-03,0.6258680555555556,0.8081597222222222,0,0.0,,8,3,2,1152.0,0.009376465072667605
elp_v7,elp,ELP Masterterminplan V7,EL.02,Kabel,10,120.0,15.0,12.0,15.0,15.0,179.0,101.0,5.0,2027-02-05,2027-08-02,0.6629213483146067,0.7629213483146068,0,0.0,,1,5,1,1780.0,0.01636438019909996
dc30,dc30,DC30 Rechenzentrum,KT.01,Kälteerzeuger,17,119.0,5.0,7.0,10.4,11.0,137.0,93.0,4.0,2026-06-29,2026-11-12,0.2786885245901639,0.5971896955503513,0,0.0,,3,5,0,427.0,0.0033133788110817205
burckhardt,burckhardt,Burckhardt Laborgebäude,SEC.99,Sonstige Sicherheit,12,115.0,10.0,9.583333333333334,10.0,10.0,442.0,140.0,1.0,2026-02-23,2027-05-10,0.4314236111111111,0.8142361111111112,0,0.0,,11,1,1,1152.0,0.008985779027973121
elp_v7,elp,ELP Masterterminplan V7,ENV.01,Dach,7,111.0,15.0,15.857142857142858,24.000000000000004,30.0,1480.0,121.0,3.0,2023-11-13,2027-12-01,0.0,0.8308988764044943,0,0.0,,2,3,0,1780.0,0.015137051684167463
burckhardt,burckhardt,Burckhardt Laborgebäude,INT.08,Einbau,11,110.0,10.0,10.0,10.0,10.0,208.0,145.0,2.0,2025-11-10,2026-06-05,0.3402777777777778,0.5199652777777778,0,0.0,,9,2,1,1152.0,0.008595092983278638
burckhardt,burckhardt,Burckhardt Laborgebäude,KT.07,Kälteendgerät,10,105.0,10.0,10.5,10.499999999999998,15.0,215.0,115.0,2.0,2026-10-12,2027-05-14,0.6319444444444444,0.8177083333333334,0,0.0,,10,1,1,1152.0,0.008204406938584154
frankfurt_four,frankfurt_four,Frankfurt Four RT4,INT.03,Tür/Fenster innen,21,105.0,5.0,5.0,5.0,5.0,380.0,112.0,2.0,2022-03-14,2023-03-28,0.08641975308641975,0.6712962962962963,0,0.0,120.0,3,5,0,648.0,0.05200594353640416
frankfurt_four,frankfurt_four,Frankfurt Four RT4,INT.04,Wandfinish,32,103.0,2.0,3.21875,5.0,10.0,396.0,140.0,2.0,2022-02-25,2023-03-27,0.06018518518518518,0.6697530864197531,0,0.0,314.0,5,6,0,648.0,0.05101535413571075
elp_v7,elp,ELP Masterterminplan V7,INT.05,Deckenfinish,16,103.0,5.0,6.4375,12.5,20.0,1387.0,94.0,4.0,2023-11-13,2027-08-30,0.0,0.7786516853932585,0,0.0,,2,7,0,1780.0,0.014046093004227465
pred_bau07,pred_bau07,Roche pRED Bau 07,KO.05,Decke,10,102.0,9.5,10.2,15.499999999999998,20.0,822.0,139.0,2.0,2020-07-22,2022-10-21,0.3011789924973205,0.7411575562700965,0,0.0,,4,1,0,1866.0,0.001265665715349299
usb,usb,USB NBK2 Basel,LF.09,Lüftungshalterung,11,101.0,10.0,9.181818181818182,10.0,10.0,479.0,125.0,2.0,2026-10-19,2028-02-09,0.01825221238938053,0.28263274336283184,0,0.0,,2,0,0,1808.0,0.0023029916089018607
pred_bau04,pred_bau04,Roche pRED Bau 04,EQUIP.07,Kunst/Inventar,3,100.0,40.0,33.333333333333336,40.0,40.0,155.0,155.0,1.0,2021-09-09,2022-02-10,0.5406593406593406,0.6534798534798535,0,0.0,,1,0,0,1365.0,0.0033926481314990415
burckhardt,burckhardt,Burckhardt Laborgebäude,INT.04,Wandfinish,20,100.0,5.0,5.0,5.0,5.0,215.0,98.0,2.0,2025-11-17,2026-06-19,0.3463541666666667,0.5321180555555556,0,0.0,,10,4,2,1152.0,0.00781372089388967
elp_v6,elp,ELP Masterterminplan V6,INT.08,Einbau,13,100.0,5.0,7.6923076923076925,10.0,50.0,595.0,143.0,3.0,2025-05-02,2026-12-17,0.2692114515318935,0.5675539929683576,0,0.0,,2,4,0,1991.0,0.004713201677899797
usb,usb,USB NBK2 Basel,SN.06,Sanitärapparat,10,100.0,10.0,10.0,10.0,10.0,337.0,140.0,1.0,2027-11-05,2028-10-06,0.2295353982300885,0.4153761061946903,0,0.0,,10,0,1,1808.0,0.0022801897117840204
pred_bau04,pred_bau04,Roche pRED Bau 04,LF.01,Lüftungsgerät,5,95.0,10.0,19.0,36.0,50.0,406.0,112.0,2.0,2020-04-17,2021-05-27,0.16703296703296702,0.46373626373626375,0,0.0,,1,0,0,1365.0,0.0032230157249240896
dc30,dc30,DC30 Rechenzentrum,SN.99,Sonstige Sanitär,15,95.0,5.0,6.333333333333333,10.0,10.0,131.0,78.0,4.0,2026-07-27,2026-12-04,0.3442622950819672,0.6487119437939111,0,0.0,,4,4,0,427.0,0.0026451343449812054
dc30,dc30,DC30 Rechenzentrum,HZ.07,Heizungsmessgerät,15,94.0,5.0,6.266666666666667,10.0,10.0,141.0,80.0,4.0,2026-07-17,2026-12-04,0.32084309133489464,0.6487119437939111,0,0.0,,1,5,0,427.0,0.002617290825560351
elp_v7,elp,ELP Masterterminplan V7,EL.05,Beleuchtung,21,87.0,2.0,4.142857142857143,5.0,30.0,207.0,84.0,5.0,2027-02-05,2027-08-30,0.6629213483146067,0.7786516853932585,0,0.0,,1,5,1,1780.0,0.01186417564434747
usb,usb,USB NBK2 Basel,KO.99,Sonstige Konstruktion,3,85.0,20.0,28.333333333333332,44.0,50.0,208.0,93.0,2.0,2028-02-17,2028-09-11,0.2870575221238938,0.40154867256637167,0,0.0,,1,0,0,1808.0,0.0019381612550164174
frankfurt_four,frankfurt_four,Frankfurt Four RT4,SN.06,Sanitärapparat,17,85.0,5.0,5.0,5.0,5.0,165.0,109.0,2.0,2022-05-17,2022-10-28,0.18518518518518517,0.4382716049382716,0,0.0,120.0,5,1,0,648.0,0.04210004952947004
burckhardt,burckhardt,Burckhardt Laborgebäude,KT.99,Sonstige Kälte,11,80.0,5.0,7.2727272727272725,10.0,20.0,372.0,96.0,2.0,2026-06-08,2027-06-14,0.5225694444444444,0.8446180555555556,0,0.0,,5,3,2,1152.0,0.006250976715111736
elp_v7,elp,ELP Masterterminplan V7,EQUIP.99,Sonstige Ausstattung,6,79.0,10.0,13.166666666666666,19.5,25.0,131.0,64.0,2.0,2027-04-22,2027-08-30,0.7056179775280899,0.7786516853932585,0,0.0,,1,2,0,1780.0,0.010773216964407473
elp_v7,elp,ELP Masterterminplan V7,ENV.99,Sonstige Hülle,11,76.0,5.0,6.909090909090909,10.0,10.0,1258.0,63.0,4.0,2023-11-13,2027-04-23,0.0,0.7061797752808989,0,0.0,,2,5,0,1780.0,0.010364107459429974
burckhardt,burckhardt,Burckhardt Laborgebäude,EQUIP.01,Mobiliar,11,75.0,5.0,6.818181818181818,15.0,15.0,208.0,73.0,2.0,2026-11-02,2027-05-28,0.6501736111111112,0.8298611111111112,0,0.0,,10,1,0,1152.0,0.005860290670417253
elp_v6,elp,ELP Masterterminplan V6,ENV.02,Fassade,5,75.0,15.0,15.0,20.0,20.0,866.0,104.0,1.0,2024-09-30,2027-02-12,0.1617277749874435,0.5961828227021597,0,0.0,,1,3,0,1991.0,0.003534901258424848
dc30,dc30,DC30 Rechenzentrum,EL.07,Elektrosensor,15,75.0,5.0,5.0,5.0,5.0,186.0,70.0,3.0,2026-08-04,2027-02-05,0.3629976580796253,0.7962529274004684,0,0.0,,1,5,0,427.0,0.0020882639565641095
burckhardt,burckhardt,Burckhardt Laborgebäude,KO.08,Aussparung/Sockel,13,75.0,5.0,5.769230769230769,9.000000000000004,10.0,411.0,84.0,2.0,2025-03-31,2026-05-15,0.14583333333333334,0.5017361111111112,0,0.0,,10,2,1,1152.0,0.005860290670417253
pred_bau04,pred_bau04,Roche pRED Bau 04,SN.08,Sanitärdämmung,11,74.0,5.0,6.7272727272727275,12.0,12.0,472.0,60.0,2.0,2020-02-04,2021-05-20,0.11355311355311355,0.4586080586080586,0,0.0,,1,0,0,1365.0,0.002510559617309291
pred_bau04,pred_bau04,Roche pRED Bau 04,SN.09,Sanitärhalterung,4,65.0,12.5,16.25,25.500000000000004,30.0,181.0,84.0,2.0,2020-12-04,2021-06-02,0.3362637362637363,0.46813186813186813,0,0.0,,2,2,0,1365.0,0.002205221285474377
pred_bau05,pred_bau05,Roche pRED Bau 05,SN.01,Sanitärrohr,6,65.0,10.0,10.833333333333334,15.0,20.0,126.0,64.0,2.0,2021-07-29,2021-12-01,0.5466377440347071,0.6370209689081706,0,0.0,,1,0,0,1383.0,0.0020898809571654785
burckhardt,burckhardt,Burckhardt Laborgebäude,EL.06,Elektroverteilung,2,65.0,32.5,32.5,54.5,60.0,131.0,90.0,1.0,2026-01-12,2026-05-22,0.3949652777777778,0.5078125,0,0.0,,1,1,2,1152.0,0.005078918581028285
baeretower,baeretower,Zentrum Bären / BäreTower,ENV.02,Fassade,31,62.0,2.0,2.0,2.0,2.0,361.0,57.0,3.0,2020-11-09,2021-11-04,0.4612476370510397,0.8015122873345936,0,0.0,116.0,28,0,0,1058.0,0.004515659140568099
baeretower,baeretower,Zentrum Bären / BäreTower,SEC.99,Sonstige Sicherheit,31,62.0,2.0,2.0,2.0,2.0,365.0,72.0,2.0,2020-10-02,2021-10-01,0.42533081285444235,0.7693761814744802,0,0.0,116.0,28,0,0,1058.0,0.004515659140568099
pred_bau07,pred_bau07,Roche pRED Bau 07,KO.03,Stütze,9,62.0,6.0,6.888888888888889,10.0,10.0,750.0,69.0,2.0,2020-05-04,2022-05-23,0.25884244372990356,0.6602357984994641,0,0.0,,1,0,0,1866.0,0.0007693262191338875
dc30,dc30,DC30 Rechenzentrum,SN.09,Sanitärhalterung,12,61.0,5.0,5.083333333333333,5.0,6.0,194.0,52.0,2.0,2026-04-20,2026-10-30,0.11475409836065574,0.5667447306791569,0,0.0,,3,3,0,427.0,0.0016984546846721426
dc30,dc30,DC30 Rechenzentrum,KO.03,Stütze,12,60.0,5.0,5.0,5.9,6.0,112.0,65.0,2.0,2026-05-29,2026-09-17,0.20608899297423888,0.46604215456674475,0,0.0,,1,4,0,427.0,0.0016706111652512877
pred_bau07,pred_bau07,Roche pRED Bau 07,EL.06,Elektroverteilung,9,60.0,5.0,6.666666666666667,10.0,10.0,119.0,70.0,2.0,2022-03-22,2022-07-18,0.6270096463022508,0.6902465166130761,0,0.0,,0,0,0,1866.0,0.000744509244323117
elp_v6,elp,ELP Masterterminplan V6,KO.06,Treppe/Rampe,2,60.0,30.0,30.0,34.0,35.0,57.0,57.0,2.0,2026-04-14,2026-06-09,0.4434957307885485,0.47162230035158215,0,0.0,,1,2,1,1991.0,0.0028279210067398784
pred_bau07,pred_bau07,Roche pRED Bau 07,EQUIP.07,Kunst/Inventar,4,60.0,15.0,15.0,15.0,15.0,21.0,21.0,4.0,2023-08-08,2023-08-28,0.8971061093247589,0.9078242229367631,0,0.0,,4,0,0,1866.0,0.000744509244323117
frankfurt_four,frankfurt_four,Frankfurt Four RT4,KT.99,Sonstige Kälte,12,60.0,5.0,5.0,5.0,5.0,173.0,74.0,1.0,2022-03-28,2022-09-16,0.10802469135802469,0.3734567901234568,0,0.0,240.0,3,4,0,648.0,0.029717682020802376
elp_v7,elp,ELP Masterterminplan V7,HZ.99,Sonstige Heizung,18,59.0,3.0,3.2777777777777777,5.0,5.0,182.0,59.0,3.0,2027-02-05,2027-08-05,0.6629213483146067,0.7646067415730337,0,0.0,,1,5,1,1780.0,0.00804582026455748
frankfurt_four,frankfurt_four,Frankfurt Four RT4,LF.99,Sonstige Lüftung,20,55.0,2.0,2.75,5.0,5.0,426.0,75.0,2.0,2022-02-18,2023-04-19,0.04938271604938271,0.7052469135802469,0,0.0,120.0,3,7,0,648.0,0.027241208519068846
elp_v7,elp,ELP Masterterminplan V7,AUTO.99,Sonstige Automation,6,55.0,7.5,9.166666666666666,15.0,15.0,82.0,47.0,3.0,2027-04-26,2027-07-16,0.7078651685393258,0.753370786516854,0,0.0,,1,3,1,1780.0,0.0075003409245874815
baeretower,baeretower,Zentrum Bären / BäreTower,SITE.03,Grünfläche,4,55.0,10.0,13.75,24.000000000000004,30.0,508.0,73.0,1.0,2020-11-09,2022-03-31,0.4612476370510397,0.9404536862003781,0,0.0,100.0,1,0,0,1058.0,0.004005826656955572
elp_v6,elp,ELP Masterterminplan V6,LF.08,Lüftungsdämmung,7,53.0,2.0,7.571428571428571,15.0,15.0,35.0,29.0,5.0,2026-07-29,2026-09-01,0.496735308890005,0.5138121546961326,0,0.0,,3,3,0,1991.0,0.0024979968892868925
elp_v7,elp,ELP Masterterminplan V7,HZ.03,Heizungsrohr,18,51.0,2.0,2.8333333333333335,5.0,5.0,179.0,55.0,4.0,2027-02-05,2027-08-02,0.6629213483146067,0.7629213483146068,0,0.0,,1,5,1,1780.0,0.006954861584617483
frankfurt_four,frankfurt_four,Frankfurt Four RT4,SITE.04,Hartfläche,1,50.0,50.0,50.0,50.0,50.0,78.0,78.0,1.0,2023-04-03,2023-06-19,0.6805555555555556,0.7993827160493827,0,0.0,,0,0,0,648.0,0.024764735017335313
elp_v7,elp,ELP Masterterminplan V7,SEC.99,Sonstige Sicherheit,7,50.0,5.0,7.142857142857143,10.0,10.0,172.0,54.0,2.0,2027-02-05,2027-07-26,0.6629213483146067,0.7589887640449439,0,0.0,,1,5,0,1780.0,0.006818491749624983
dc30,dc30,DC30 Rechenzentrum,AUTO.99,Sonstige Automation,10,50.0,5.0,5.0,5.1,6.0,193.0,59.0,2.0,2026-03-24,2026-10-02,0.05152224824355972,0.5011709601873536,0,0.0,,2,3,0,427.0,0.0013921759710427398
burckhardt,burckhardt,Burckhardt Laborgebäude,INT.02,Trockenbau,10,50.0,5.0,5.0,5.0,5.0,201.0,50.0,1.0,2026-02-02,2026-08-21,0.4131944444444444,0.5868055555555556,0,0.0,,10,3,1,1152.0,0.003906860446944835
burckhardt,burckhardt,Burckhardt Laborgebäude,KO.05,Decke,3,45.0,10.0,15.0,26.0,30.0,162.0,60.0,1.0,2025-11-03,2026-04-13,0.3342013888888889,0.4739583333333333,0,0.0,,3,1,1,1152.0,0.0035161744022503515
elp_v7,elp,ELP Masterterminplan V7,ENV.02,Fassade,5,45.0,10.0,9.0,13.0,15.0,79.0,59.0,3.0,2027-04-14,2027-07-01,0.701123595505618,0.744943820224719,0,0.0,,3,5,0,1780.0,0.006136642574662485
usb,usb,USB NBK2 Basel,EL.02,Kabel,3,45.0,15.0,15.0,15.0,15.0,151.0,64.0,1.0,2026-11-16,2027-04-15,0.03373893805309734,0.11670353982300885,0,0.0,,1,0,0,1808.0,0.0010260853703028092
dc30,dc30,DC30 Rechenzentrum,SPR.03,Sprinklerventil,3,45.0,15.0,15.0,15.0,15.0,88.0,50.0,2.0,2026-09-01,2026-11-27,0.42857142857142855,0.6323185011709602,0,0.0,,1,1,0,427.0,0.001252958373938466
elp_v7,elp,ELP Masterterminplan V7,KO.03,Stütze,3,42.0,11.0,14.0,18.2,20.0,323.0,51.0,2.0,2025-08-04,2026-06-22,0.3539325842696629,0.5348314606741573,0,0.0,,2,2,2,1780.0,0.005727533069684986
uh1,uh1,UH1 CS Master Schedule V6,EL.05,Beleuchtung,4,40.0,10.0,10.0,10.0,10.0,649.0,56.0,1.0,2024-05-09,2026-02-16,0.31008668242710796,0.5654058313632782,0,0.0,,0,0,0,2538.0,0.0014248058702001853
frankfurt_four,frankfurt_four,Frankfurt Four RT4,EL.02,Kabel,8,40.0,5.0,5.0,5.0,5.0,147.0,58.0,1.0,2022-03-29,2022-08-22,0.1095679012345679,0.33487654320987653,0,0.0,160.0,2,4,0,648.0,0.01981178801386825
uh1,uh1,UH1 CS Master Schedule V6,SPR.99,Sonstige Sprinkler,4,40.0,10.0,10.0,10.0,10.0,649.0,56.0,1.0,2024-04-25,2026-02-02,0.3045705279747833,0.5598896769109535,0,0.0,,0,0,0,2538.0,0.0014248058702001853
pred_bau04,pred_bau04,Roche pRED Bau 04,INT.04,Wandfinish,1,40.0,40.0,40.0,40.0,40.0,56.0,56.0,1.0,2020-08-14,2020-10-08,0.2542124542124542,0.2945054945054945,0,0.0,,1,0,0,1365.0,0.0013570592525996167
elp_v7,elp,ELP Masterterminplan V7,SITE.03,Grünfläche,2,40.0,20.0,20.0,20.0,20.0,57.0,57.0,2.0,2027-09-20,2027-11-15,0.7904494382022472,0.8219101123595506,0,0.0,,1,1,0,1780.0,0.005454793399699986
usb,usb,USB NBK2 Basel,SN.09,Sanitärhalterung,4,40.0,10.0,10.0,10.0,10.0,166.0,61.0,1.0,2026-10-05,2027-03-19,0.010508849557522125,0.10176991150442478,0,0.0,,1,0,0,1808.0,0.0009120758847136082
elp_v7,elp,ELP Masterterminplan V7,EL.03,Kabeltragsystem,10,37.0,4.0,3.7,5.0,5.0,108.0,23.0,3.0,2027-02-16,2027-06-03,0.6691011235955057,0.7292134831460674,0,0.0,,1,2,1,1780.0,0.0050456838947224875
dc30,dc30,DC30 Rechenzentrum,EL.08,Elektrohalterung,7,37.0,5.0,5.285714285714286,6.0,6.0,340.0,43.0,2.0,2026-03-09,2027-02-11,0.01639344262295082,0.810304449648712,0,0.0,,3,3,0,427.0,0.0010302102185716275
elp_v7,elp,ELP Masterterminplan V7,INT.08,Einbau,4,36.0,10.0,9.0,13.5,15.0,1360.0,36.0,2.0,2023-11-13,2027-08-03,0.0,0.7634831460674157,0,0.0,,3,3,0,1780.0,0.004909314059729988
elp_v7,elp,ELP Masterterminplan V7,SN.01,Sanitärrohr,15,35.0,2.0,2.3333333333333335,3.0,3.0,172.0,36.0,3.0,2027-02-09,2027-07-30,0.6651685393258427,0.7612359550561798,0,0.0,,1,5,1,1780.0,0.0047729442247374885
dc30,dc30,DC30 Rechenzentrum,KO.06,Treppe/Rampe,4,35.0,5.0,8.75,15.500000000000004,20.0,124.0,43.0,1.0,2026-07-20,2026-11-20,0.32786885245901637,0.6159250585480094,0,0.0,,1,2,0,427.0,0.0009745231797299178
elp_v7,elp,ELP Masterterminplan V7,KO.06,Treppe/Rampe,1,35.0,35.0,35.0,35.0,35.0,53.0,53.0,1.0,2026-08-03,2026-09-24,0.5584269662921348,0.5876404494382023,0,0.0,,1,1,1,1780.0,0.0047729442247374885
pred_bau07,pred_bau07,Roche pRED Bau 07,TRANS.05,Materialtransport,11,34.0,2.0,3.090909090909091,5.0,5.0,294.0,28.0,3.0,2022-01-18,2022-11-07,0.5932475884244373,0.7502679528403001,0,0.0,,7,0,0,1866.0,0.00042188857178309964
elp_v7,elp,ELP Masterterminplan V7,SN.99,Sonstige Sanitär,15,34.0,2.0,2.2666666666666666,2.0,10.0,205.0,40.0,4.0,2027-01-05,2027-07-28,0.645505617977528,0.7601123595505618,0,0.0,,2,6,1,1780.0,0.004636574389744988
frankfurt_four,frankfurt_four,Frankfurt Four RT4,TRANS.99,Sonstige Transport,9,33.0,5.0,3.6666666666666665,5.0,5.0,346.0,46.0,1.0,2022-05-03,2023-04-13,0.16358024691358025,0.6959876543209876,0,0.0,66.0,3,1,0,648.0,0.01634472511144131
usb,usb,USB NBK2 Basel,ENV.02,Fassade,14,33.0,1.0,2.357142857142857,1.0,20.0,412.0,41.0,2.0,2027-06-23,2028-08-07,0.15486725663716813,0.3821902654867257,0,0.0,,14,0,0,1808.0,0.0007524626048887267
elp_v7,elp,ELP Masterterminplan V7,SN.06,Sanitärapparat,6,32.0,5.0,5.333333333333333,7.5,10.0,88.0,31.0,4.0,2027-06-04,2027-08-30,0.7297752808988764,0.7786516853932585,0,0.0,,1,3,1,1780.0,0.004363834719759989
baeretower,baeretower,Zentrum Bären / BäreTower,SEC.04,Elektroschloss,31,31.0,1.0,1.0,1.0,1.0,363.0,23.0,2.0,2020-12-23,2021-12-20,0.502835538752363,0.8449905482041588,0,0.0,58.0,28,0,0,1058.0,0.0022578295702840494
frankfurt_four,frankfurt_four,Frankfurt Four RT4,EL.04,Elektrogerät,3,30.0,10.0,10.0,10.0,10.0,170.0,44.0,1.0,2022-10-25,2023-04-12,0.43364197530864196,0.6944444444444444,0,0.0,60.0,3,1,0,648.0,0.014858841010401188
uh1,uh1,UH1 CS Master Schedule V6,EQUIP.01,Mobiliar,3,30.0,10.0,10.0,10.0,10.0,56.0,42.0,1.0,2028-08-18,2028-10-12,0.925531914893617,0.9472025216706068,0,0.0,,3,1,0,2538.0,0.0010686044026501388
burckhardt,burckhardt,Burckhardt Laborgebäude,EL.05,Beleuchtung,2,30.0,15.0,15.0,15.0,15.0,138.0,38.0,1.0,2027-01-11,2027-05-28,0.7109375,0.8298611111111112,0,0.0,,1,1,1,1152.0,0.0023441162681669013
uh1,uh1,UH1 CS Master Schedule V6,INT.08,Einbau,3,30.0,10.0,10.0,10.0,10.0,56.0,42.0,1.0,2028-05-12,2028-07-06,0.8869188337273444,0.9085894405043341,0,0.0,,3,1,0,2538.0,0.0010686044026501388
usb,usb,USB NBK2 Basel,EQUIP.02,Küchengerät,3,30.0,10.0,10.0,10.0,10.0,59.0,39.0,2.0,2027-09-15,2027-11-12,0.2013274336283186,0.2334070796460177,0,0.0,,2,0,0,1808.0,0.0006840569135352061
frankfurt_four,frankfurt_four,Frankfurt Four RT4,SPR.99,Sonstige Sprinkler,15,30.0,2.0,2.0,2.0,2.0,354.0,31.0,1.0,2022-04-11,2023-03-30,0.12962962962962962,0.6743827160493827,0,0.0,60.0,3,5,0,648.0,0.014858841010401188
dc30,dc30,DC30 Rechenzentrum,HZ.08,Wärmeabgabe,6,30.0,5.0,5.0,5.0,5.0,145.0,31.0,2.0,2026-04-13,2026-09-04,0.09836065573770492,0.43559718969555034,0,0.0,,1,2,0,427.0,0.0008353055826256439
frankfurt_four,frankfurt_four,Frankfurt Four RT4,INT.01,Trennwand,3,30.0,10.0,10.0,10.0,10.0,168.0,42.0,1.0,2022-10-04,2023-03-20,0.4012345679012346,0.6589506172839507,0,0.0,60.0,3,1,0,648.0,0.014858841010401188
pred_bau05,pred_bau05,Roche pRED Bau 05,SN.08,Sanitärdämmung,4,30.0,7.5,7.5,10.0,10.0,133.0,42.0,1.0,2021-08-05,2021-12-15,0.5516992046276211,0.6471438900939985,0,0.0,,1,0,0,1383.0,0.0009645604417686823
usb,usb,USB NBK2 Basel,LF.05,Luftarmatur,2,30.0,15.0,15.0,15.0,15.0,105.0,44.0,1.0,2028-05-16,2028-08-28,0.336283185840708,0.3938053097345133,0,0.0,,1,0,0,1808.0,0.0006840569135352061
elp_v6,elp,ELP Masterterminplan V6,KT.99,Sonstige Kälte,4,30.0,7.0,7.5,13.200000000000001,15.0,81.0,26.0,3.0,2026-05-05,2026-07-24,0.4540431943746861,0.49422400803616273,0,0.0,,1,2,1,1991.0,0.0014139605033699392
elp_v6,elp,ELP Masterterminplan V6,TRANS.04,Hebeeinrichtung,4,30.0,7.5,7.5,10.0,10.0,99.0,31.0,2.0,2026-05-26,2026-09-01,0.4645906579608237,0.5138121546961326,0,0.0,,2,3,1,1991.0,0.0014139605033699392
dc30,dc30,DC30 Rechenzentrum,KT.02,Kältepumpe,6,29.0,5.0,4.833333333333333,5.0,5.0,114.0,33.0,1.0,2026-09-24,2027-01-15,0.48243559718969553,0.747072599531616,0,0.0,,1,1,0,427.0,0.0008074620632047891
elp_v7,elp,ELP Masterterminplan V7,EL.06,Elektroverteilung,9,29.0,5.0,3.2222222222222223,5.0,5.0,108.0,31.0,2.0,2027-03-17,2027-07-02,0.6853932584269663,0.7455056179775281,0,0.0,,1,2,1,1780.0,0.0039547252147824905
elp_v7,elp,ELP Masterterminplan V7,SPR.99,Sonstige Sprinkler,5,25.0,5.0,5.0,5.0,5.0,133.0,41.0,1.0,2027-04-20,2027-08-30,0.7044943820224719,0.7786516853932585,0,0.0,,1,5,1,1780.0,0.0034092458748124915
frankfurt_four,frankfurt_four,Frankfurt Four RT4,INT.99,Sonstiger Ausbau,5,25.0,5.0,5.0,5.0,5.0,150.0,35.0,1.0,2022-04-19,2022-09-15,0.1419753086419753,0.37191358024691357,0,0.0,50.0,5,1,0,648.0,0.012382367508667657
elp_v7,elp,ELP Masterterminplan V7,SPR.01,Sprinklerrohr,5,22.0,5.0,4.4,5.0,5.0,165.0,30.0,2.0,2027-02-05,2027-07-19,0.6629213483146067,0.755056179775281,0,0.0,,1,5,1,1780.0,0.0030001363698349925
dc30,dc30,DC30 Rechenzentrum,TRANS.99,Sonstige Transport,4,20.0,5.0,5.0,5.0,5.0,113.0,24.0,1.0,2026-08-28,2026-12-18,0.41920374707259955,0.6814988290398126,0,0.0,,1,2,0,427.0,0.0005568703884170959
pred_bau04,pred_bau04,Roche pRED Bau 04,KO.04,Träger,2,20.0,10.0,10.0,14.0,15.0,129.0,26.0,1.0,2021-04-14,2021-08-20,0.43223443223443225,0.526007326007326,0,0.0,,1,1,0,1365.0,0.0006785296262998083
uh1,uh1,UH1 CS Master Schedule V6,EQUIP.07,Kunst/Inventar,2,20.0,10.0,10.0,14.0,15.0,614.0,24.0,1.0,2022-09-26,2024-05-31,0.07722616233254531,0.3187549251379039,0,0.0,,0,0,0,2538.0,0.0007124029351000926
burckhardt,burckhardt,Burckhardt Laborgebäude,ENV.04,Sonnenschutz,2,20.0,10.0,10.0,10.0,10.0,117.0,24.0,1.0,2026-06-15,2026-10-09,0.5286458333333334,0.6293402777777778,0,0.0,,1,0,1,1152.0,0.001562744178777934
elp_v7,elp,ELP Masterterminplan V7,LF.01,Lüftungsgerät,4,20.0,5.0,5.0,5.0,5.0,63.0,22.0,2.0,2027-06-04,2027-08-05,0.7297752808988764,0.7646067415730337,0,0.0,,1,3,2,1780.0,0.002727396699849993
usb,usb,USB NBK2 Basel,TRANS.01,Aufzug,1,20.0,20.0,20.0,20.0,20.0,28.0,28.0,1.0,2028-02-03,2028-03-01,0.2793141592920354,0.2942477876106195,0,0.0,,1,0,0,1808.0,0.0004560379423568041
usb,usb,USB NBK2 Basel,ENV.01,Dach,1,20.0,20.0,20.0,20.0,20.0,26.0,26.0,1.0,2028-06-12,2028-07-07,0.351216814159292,0.36504424778761063,0,0.0,,1,0,0,1808.0,0.0004560379423568041
elp_v7,elp,ELP Masterterminplan V7,KO.04,Träger,2,20.0,10.0,10.0,10.0,10.0,30.0,30.0,1.0,2026-04-23,2026-05-22,0.501123595505618,0.5174157303370787,0,0.0,,1,2,1,1780.0,0.002727396699849993
elp_v6,elp,ELP Masterterminplan V6,ENV.99,Sonstige Hülle,3,18.0,5.0,6.0,9.0,10.0,514.0,20.0,1.0,2025-04-14,2026-09-09,0.26017076845806125,0.5178302360622803,0,0.0,,2,2,0,1991.0,0.0008483763020219635
elp_v6,elp,ELP Masterterminplan V6,EQUIP.07,Kunst/Inventar,4,17.0,5.0,4.25,5.0,5.0,50.0,27.0,2.0,2026-06-22,2026-08-10,0.4781516825715721,0.5027624309392266,0,0.0,,1,2,0,1991.0,0.0008012442852429655
elp_v7,elp,ELP Masterterminplan V7,KO.09,Bewehrung,1,16.0,16.0,16.0,16.0,16.0,22.0,22.0,1.0,2024-08-30,2024-09-20,0.16348314606741574,0.1752808988764045,0,0.0,,1,0,1,1780.0,0.0021819173598799945
frankfurt_four,frankfurt_four,Frankfurt Four RT4,HZ.03,Heizungsrohr,3,15.0,5.0,5.0,5.0,5.0,81.0,21.0,1.0,2022-02-11,2022-05-02,0.038580246913580245,0.16203703703703703,0,0.0,60.0,3,1,0,648.0,0.007429420505200594
dc30,dc30,DC30 Rechenzentrum,ENV.03,Fenster/Tür aussen,3,15.0,5.0,5.0,5.0,5.0,67.0,19.0,1.0,2026-09-22,2026-11-27,0.477751756440281,0.6323185011709602,0,0.0,,1,1,0,427.0,0.00041765279131282193
pred_bau05,pred_bau05,Roche pRED Bau 05,SN.09,Sanitärhalterung,1,15.0,15.0,15.0,15.0,15.0,21.0,21.0,1.0,2021-07-29,2021-08-18,0.5466377440347071,0.5610990600144613,0,0.0,,1,0,0,1383.0,0.00048228022088434117
frankfurt_four,frankfurt_four,Frankfurt Four RT4,SN.99,Sonstige Sanitär,3,15.0,5.0,5.0,5.0,5.0,75.0,15.0,1.0,2022-01-17,2022-04-01,0.0,0.11419753086419752,0,0.0,60.0,3,1,0,648.0,0.007429420505200594
frankfurt_four,frankfurt_four,Frankfurt Four RT4,TRANS.01,Aufzug,3,15.0,5.0,5.0,5.0,5.0,154.0,21.0,1.0,2022-03-18,2022-08-18,0.09259259259259259,0.3287037037037037,0,0.0,15.0,3,1,0,648.0,0.007429420505200594
dc30,dc30,DC30 Rechenzentrum,KO.04,Träger,3,15.0,5.0,5.0,5.0,5.0,89.0,17.0,1.0,2026-08-17,2026-11-13,0.39344262295081966,0.5995316159250585,0,0.0,,1,1,0,427.0,0.00041765279131282193
elp_v6,elp,ELP Masterterminplan V6,KT.07,Kälteendgerät,1,15.0,15.0,15.0,15.0,15.0,22.0,22.0,1.0,2026-06-10,2026-07-01,0.4721245605223506,0.4826720241084882,0,0.0,,1,1,0,1991.0,0.0007069802516849696
baeretower,baeretower,Zentrum Bären / BäreTower,EL.02,Kabel,1,15.0,15.0,15.0,15.0,15.0,19.0,19.0,1.0,2020-10-12,2020-10-30,0.43478260869565216,0.45179584120982985,0,0.0,,0,0,0,1058.0,0.0010924981791697013
burckhardt,burckhardt,Burckhardt Laborgebäude,LF.05,Luftarmatur,1,15.0,15.0,15.0,15.0,15.0,22.0,22.0,1.0,2027-01-11,2027-02-01,0.7109375,0.7291666666666666,0,0.0,,0,1,1,1152.0,0.0011720581340834506
elp_v6,elp,ELP Masterterminplan V6,LF.02,Ventilator,4,14.0,3.0,3.5,4.4,5.0,309.0,16.0,2.0,2026-06-10,2027-04-14,0.4721245605223506,0.6268206931190357,0,0.0,,3,3,2,1991.0,0.0006598482349059716
frankfurt_four,frankfurt_four,Frankfurt Four RT4,EL.99,Sonstige Elektro,12,12.0,1.0,1.0,1.0,1.0,165.0,12.0,1.0,2022-04-19,2022-09-30,0.1419753086419753,0.3950617283950617,0,0.0,24.0,3,4,0,648.0,0.005943536404160475
elp_v7,elp,ELP Masterterminplan V7,TRANS.99,Sonstige Transport,4,12.0,3.0,3.0,3.0,3.0,6.0,6.0,4.0,2027-05-07,2027-05-12,0.7140449438202248,0.7168539325842697,0,0.0,,1,1,0,1780.0,0.001636438019909996
uh1,uh1,UH1 CS Master Schedule V6,KO.03,Stütze,4,12.0,3.0,3.0,3.0,3.0,637.0,18.0,1.0,2023-12-06,2025-09-02,0.24901497241922774,0.4996059889676911,0,0.0,,0,0,0,2538.0,0.00042744176106005556
usb,usb,USB NBK2 Basel,KT.09,Kältehalterung,2,12.0,6.0,6.0,9.2,10.0,365.0,16.0,1.0,2027-01-28,2028-01-27,0.07411504424778761,0.2754424778761062,0,0.0,,2,0,0,1808.0,0.00027362276541408243
elp_v6,elp,ELP Masterterminplan V6,SITE.99,Sonstige Umgebung,2,10.0,5.0,5.0,5.0,5.0,22.0,16.0,1.0,2026-09-21,2026-10-12,0.5238573581115018,0.5344048216976394,0,0.0,,1,1,0,1991.0,0.0004713201677899797
burckhardt,burckhardt,Burckhardt Laborgebäude,KO.04,Träger,1,10.0,10.0,10.0,10.0,10.0,12.0,12.0,1.0,2026-05-18,2026-05-29,0.5043402777777778,0.5138888888888888,0,0.0,,1,1,1,1152.0,0.000781372089388967
baeretower,baeretower,Zentrum Bären / BäreTower,SITE.01,Gelände,2,10.0,5.0,5.0,6.6,7.0,33.0,14.0,1.0,2020-06-18,2020-07-20,0.32514177693761814,0.3553875236294896,0,0.0,,0,0,0,1058.0,0.0007283321194464676
burckhardt,burckhardt,Burckhardt Laborgebäude,KO.06,Treppe/Rampe,2,10.0,5.0,5.0,5.0,5.0,12.0,10.0,1.0,2025-12-08,2025-12-19,0.3645833333333333,0.3741319444444444,0,0.0,,0,0,1,1152.0,0.000781372089388967
baeretower,baeretower,Zentrum Bären / BäreTower,LF.99,Sonstige Lüftung,2,10.0,5.0,5.0,5.0,5.0,30.0,14.0,1.0,2021-03-17,2021-04-15,0.5822306238185255,0.6096408317580341,0,0.0,,0,0,0,1058.0,0.0007283321194464676
pred_bau07,pred_bau07,Roche pRED Bau 07,KO.04,Träger,1,10.0,10.0,10.0,10.0,10.0,14.0,14.0,1.0,2021-11-10,2021-11-23,0.5562700964630225,0.5632368703108253,0,0.0,,1,0,0,1866.0,0.00012408487405385284
elp_v6,elp,ELP Masterterminplan V6,KT.03,Kaltwasserrohr,1,10.0,10.0,10.0,10.0,10.0,16.0,16.0,1.0,2026-04-20,2026-05-05,0.44650929181315924,0.4540431943746861,0,0.0,,1,1,1,1991.0,0.0004713201677899797
burckhardt,burckhardt,Burckhardt Laborgebäude,KT.03,Kaltwasserrohr,1,10.0,10.0,10.0,10.0,10.0,12.0,12.0,1.0,2025-12-08,2025-12-19,0.3645833333333333,0.3741319444444444,0,0.0,,0,1,1,1152.0,0.000781372089388967
usb,usb,USB NBK2 Basel,HZ.10,Heizungshalterung,1,10.0,10.0,10.0,10.0,10.0,19.0,19.0,1.0,2027-03-25,2027-04-12,0.10508849557522124,0.11504424778761062,0,0.0,,1,0,0,1808.0,0.00022801897117840205
pred_bau05,pred_bau05,Roche pRED Bau 05,KO.08,Aussparung/Sockel,1,9.0,9.0,9.0,9.0,9.0,11.0,11.0,1.0,2021-09-20,2021-09-30,0.5849602313810557,0.5921908893709328,0,0.0,,1,1,0,1383.0,0.0002893681325306047
elp_v6,elp,ELP Masterterminplan V6,ENV.01,Dach,2,9.0,4.5,4.5,4.9,5.0,28.0,12.0,1.0,2026-09-08,2026-10-05,0.5173279758915118,0.5308890005022602,0,0.0,,1,1,0,1991.0,0.00042418815101098175
frankfurt_four,frankfurt_four,Frankfurt Four RT4,ENV.02,Fassade,3,6.0,2.0,2.0,2.0,2.0,12.0,8.0,1.0,2022-02-21,2022-03-04,0.05401234567901234,0.07098765432098765,0,0.0,12.0,3,2,0,648.0,0.0029717682020802376
burckhardt,burckhardt,Burckhardt Laborgebäude,KT.01,Kälteerzeuger,1,5.0,5.0,5.0,5.0,5.0,5.0,5.0,1.0,2026-05-11,2026-05-15,0.4982638888888889,0.5017361111111112,0,0.0,,1,1,1,1152.0,0.0003906860446944835
burckhardt,burckhardt,Burckhardt Laborgebäude,HZ.06,Heizungsspeicher,1,5.0,5.0,5.0,5.0,5.0,5.0,5.0,1.0,2026-07-06,2026-07-10,0.546875,0.5503472222222222,0,0.0,,1,1,1,1152.0,0.0003906860446944835
elp_v7,elp,ELP Masterterminplan V7,INT.02,Trockenbau,1,5.0,5.0,5.0,5.0,5.0,7.0,7.0,1.0,2027-02-18,2027-02-24,0.6702247191011236,0.6735955056179775,0,0.0,,1,1,0,1780.0,0.0006818491749624983
pred_bau07,pred_bau07,Roche pRED Bau 07,EL.07,Elektrosensor,1,5.0,5.0,5.0,5.0,5.0,7.0,7.0,1.0,2022-03-29,2022-04-04,0.6307609860664523,0.6339764201500536,0,0.0,,0,0,0,1866.0,6.204243702692642e-05
usb,usb,USB NBK2 Basel,SPEC.99,Sonstige Medien,1,5.0,5.0,5.0,5.0,5.0,5.0,5.0,1.0,2028-06-26,2028-06-30,0.35896017699115046,0.36117256637168144,0,0.0,,1,0,0,1808.0,0.00011400948558920102
elp_v7,elp,ELP Masterterminplan V7,ENV.03,Fenster/Tür aussen,1,5.0,5.0,5.0,5.0,5.0,7.0,7.0,1.0,2026-12-16,2026-12-22,0.6342696629213483,0.6376404494382022,0,0.0,,1,1,0,1780.0,0.0006818491749624983
burckhardt,burckhardt,Burckhardt Laborgebäude,LF.07,Luftauslass,1,5.0,5.0,5.0,5.0,5.0,5.0,5.0,1.0,2027-03-15,2027-03-19,0.765625,0.7690972222222222,0,0.0,,0,1,1,1152.0,0.0003906860446944835
uh1,uh1,UH1 CS Master Schedule V6,SITE.04,Hartfläche,1,5.0,5.0,5.0,5.0,5.0,7.0,7.0,1.0,2024-06-27,2024-07-03,0.32939322301024426,0.3317572892040977,0,0.0,,0,0,0,2538.0,0.00017810073377502316
uh1,uh1,UH1 CS Master Schedule V6,SITE.03,Grünfläche,1,5.0,5.0,5.0,5.0,5.0,5.0,5.0,1.0,2022-10-24,2022-10-28,0.08825847123719464,0.08983451536643026,0,0.0,,0,0,0,2538.0,0.00017810073377502316
uh1,uh1,UH1 CS Master Schedule V6,HZ.03,Heizungsrohr,1,5.0,5.0,5.0,5.0,5.0,5.0,5.0,1.0,2022-09-26,2022-09-30,0.07722616233254531,0.07880220646178093,0,0.0,,0,0,0,2538.0,0.00017810073377502316
uh1,uh1,UH1 CS Master Schedule V6,KO.01,Fundament,1,5.0,5.0,5.0,5.0,5.0,5.0,5.0,1.0,2024-09-02,2024-09-06,0.3557919621749409,0.35736800630417653,0,0.0,,1,1,0,2538.0,0.00017810073377502316
elp_v6,elp,ELP Masterterminplan V6,EQUIP.01,Mobiliar,4,5.0,1.0,1.25,1.7000000000000002,2.0,63.0,5.0,1.0,2025-05-21,2025-07-22,0.2787543947764942,0.30989452536413864,0,0.0,,1,1,0,1991.0,0.00023566008389498986
dc30,dc30,DC30 Rechenzentrum,SPR.07,Feuerwehranschluss,1,5.0,5.0,5.0,5.0,5.0,7.0,7.0,1.0,2027-01-12,2027-01-18,0.7400468384074942,0.7540983606557377,0,0.0,,1,1,0,427.0,0.00013921759710427398
elp_v6,elp,ELP Masterterminplan V6,INT.01,Trennwand,1,4.0,4.0,4.0,4.0,4.0,6.0,6.0,1.0,2025-07-11,2025-07-16,0.30436966348568556,0.3068809643395279,0,0.0,,1,1,0,1991.0,0.0001885280671159919
elp_v6,elp,ELP Masterterminplan V6,SPEC.99,Sonstige Medien,4,4.0,1.0,1.0,1.0,1.0,4.0,2.0,2.0,2026-11-06,2026-11-09,0.5469613259668509,0.5484681064791562,0,0.0,,1,1,0,1991.0,0.0001885280671159919
baeretower,baeretower,Zentrum Bären / BäreTower,SPR.99,Sonstige Sprinkler,2,4.0,2.0,2.0,2.0,2.0,23.0,4.0,1.0,2021-03-31,2021-04-22,0.5954631379962193,0.6162570888468809,0,0.0,,0,0,0,1058.0,0.000291332847778587
pred_bau04,pred_bau04,Roche pRED Bau 04,KO.01,Fundament,1,4.0,4.0,4.0,4.0,4.0,6.0,6.0,1.0,2020-02-14,2020-02-19,0.12087912087912088,0.12454212454212454,0,0.0,,1,0,0,1365.0,0.00013570592525996165
baeretower,baeretower,Zentrum Bären / BäreTower,KO.02,Wand,1,1.0,1.0,1.0,1.0,1.0,1.0,1.0,1.0,2020-06-15,2020-06-15,0.3223062381852552,0.3223062381852552,0,0.0,,0,0,0,1058.0,7.283321194464675e-05
baeretower,baeretower,Zentrum Bären / BäreTower,HZ.08,Wärmeabgabe,1,1.0,1.0,1.0,1.0,1.0,1.0,1.0,1.0,2020-10-13,2020-10-13,0.43572778827977315,0.43572778827977315,0,0.0,2.0,1,0,0,1058.0,7.283321194464675e-05
