schedule_id,project,schedule_label,gewerk,gewerk_name,phase,phase_name,phase_order,tasks,task_days,median_task_days,mean_task_days,p90_task_days,max_task_days,span_days,active_days,peak_concurrency,first_start,last_finish,start_position,finish_position,critical_tasks,critical_share,person_days,floors,zones,contractors,phase_share_of_gewerk,gewerk_share_of_phase
baeretower,baeretower,Zentrum Bären / BäreTower,EL,Elektro,EARTH,Baugrube / Erdbau,40,2,30.0,15.0,15.0,15.0,15.0,543.0,40.0,1.0,2020-10-12,2022-04-07,0.43478260869565216,0.947069943289225,0,0.0,,0,0,0,0.055865921787709494,0.01841620626151013
baeretower,baeretower,Zentrum Bären / BäreTower,EL,Elektro,MEP,TGA-Installation,70,44,507.0,5.0,11.522727272727273,22.00000000000003,180.0,417.0,369.0,5.0,2020-12-08,2022-01-28,0.4886578449905482,0.8818525519848771,0,0.0,920.0,30,0,0,0.9441340782122905,0.22493345164152617
baeretower,baeretower,Zentrum Bären / BäreTower,ENV,Gebäudehülle,DEMO,Rückbau,30,2,15.0,7.5,7.5,9.5,10.0,101.0,19.0,1.0,2021-06-02,2021-09-10,0.6550094517958412,0.7495274102079396,0,0.0,,0,0,0,0.005494505494505495,0.22727272727272727
baeretower,baeretower,Zentrum Bären / BäreTower,ENV,Gebäudehülle,EARTH,Baugrube / Erdbau,40,4,11.0,2.5,2.75,3.7,4.0,33.0,15.0,1.0,2020-05-18,2020-06-19,0.29584120982986767,0.32608695652173914,0,0.0,,0,0,0,0.00402930402930403,0.006752608962553714
baeretower,baeretower,Zentrum Bären / BäreTower,ENV,Gebäudehülle,ENVELOPE,Hülle / Fassade,60,385,2704.0,2.0,7.023376623376623,18.0,323.0,590.0,554.0,14.0,2020-03-31,2021-11-10,0.2504725897920605,0.8071833648393195,0,0.0,8370.0,35,0,0,0.9904761904761905,1.0
baeretower,baeretower,Zentrum Bären / BäreTower,EQUIP,Ausstattung,FITOUT,Ausbau,80,87,261.0,2.0,3.0,5.0,5.0,398.0,220.0,6.0,2020-11-18,2021-12-20,0.46975425330812853,0.8449905482041588,0,0.0,1247.0,28,0,0,1.0,0.04354354354354354
baeretower,baeretower,Zentrum Bären / BäreTower,HZ,Heizung,MEP,TGA-Installation,70,1,1.0,1.0,1.0,1.0,1.0,1.0,1.0,1.0,2020-10-13,2020-10-13,0.43572778827977315,0.43572778827977315,0,0.0,2.0,1,0,0,1.0,0.00044365572315882877
baeretower,baeretower,Zentrum Bären / BäreTower,INT,Ausbau,FITOUT,Ausbau,80,844,5574.0,3.0,6.604265402843602,10.0,146.0,883.0,861.0,37.0,2019-08-08,2022-01-06,0.027410207939508508,0.8610586011342155,0,0.0,23330.0,36,0,0,0.9431472081218274,0.92992992992993
baeretower,baeretower,Zentrum Bären / BäreTower,INT,Ausbau,COMM,Inbetriebnahme,90,9,220.0,5.0,24.444444444444443,81.0,85.0,337.0,256.0,3.0,2021-03-01,2022-01-31,0.5671077504725898,0.8846880907372401,0,0.0,,2,0,0,0.03722504230118443,0.668693009118541
baeretower,baeretower,Zentrum Bären / BäreTower,INT,Ausbau,HANDOVER,Abnahme / Übergabe,100,15,116.0,1.0,7.733333333333333,15.0,60.0,294.0,147.0,2.0,2021-04-06,2022-01-24,0.6011342155009451,0.8780718336483931,0,0.0,,3,0,0,0.019627749576988155,0.8
baeretower,baeretower,Zentrum Bären / BäreTower,KO,Konstruktion,DEMO,Rückbau,30,4,15.0,4.0,3.75,5.0,5.0,399.0,18.0,2.0,2020-05-05,2021-06-07,0.2835538752362949,0.6597353497164461,0,0.0,,0,0,0,0.014492753623188406,0.22727272727272727
baeretower,baeretower,Zentrum Bären / BäreTower,KO,Konstruktion,EARTH,Baugrube / Erdbau,40,7,114.0,14.0,16.285714285714285,35.80000000000002,67.0,215.0,133.0,3.0,2020-01-06,2020-08-07,0.17013232514177692,0.3724007561436673,0,0.0,,0,0,0,0.11014492753623188,0.06998158379373849
baeretower,baeretower,Zentrum Bären / BäreTower,KO,Konstruktion,SHELL,Rohbau,50,8,906.0,19.0,113.25,352.7,415.0,706.0,706.0,5.0,2019-07-10,2021-06-14,0.0,0.666351606805293,0,0.0,125.0,1,0,0,0.8753623188405797,1.0
baeretower,baeretower,Zentrum Bären / BäreTower,LF,Lüftung,MEP,TGA-Installation,70,2,10.0,5.0,5.0,5.0,5.0,30.0,14.0,1.0,2021-03-17,2021-04-15,0.5822306238185255,0.6096408317580341,0,0.0,,0,0,0,1.0,0.0044365572315882874
baeretower,baeretower,Zentrum Bären / BäreTower,OTH,Sonstige,FITOUT,Ausbau,80,38,159.0,3.0,4.184210526315789,7.0,30.0,365.0,159.0,3.0,2020-12-23,2021-12-22,0.502835538752363,0.8468809073724007,0,0.0,435.0,31,0,0,0.5353535353535354,0.026526526526526525
baeretower,baeretower,Zentrum Bären / BäreTower,OTH,Sonstige,COMM,Inbetriebnahme,90,3,109.0,30.0,36.333333333333336,61.2,69.0,150.0,145.0,2.0,2022-01-04,2022-06-02,0.8591682419659735,1.0,0,0.0,,0,0,0,0.367003367003367,0.331306990881459
baeretower,baeretower,Zentrum Bären / BäreTower,OTH,Sonstige,HANDOVER,Abnahme / Übergabe,100,6,29.0,3.0,4.833333333333333,9.5,10.0,253.0,38.0,2.0,2021-07-08,2022-03-17,0.6890359168241966,0.9272211720226843,0,0.0,,0,0,0,0.09764309764309764,0.2
baeretower,baeretower,Zentrum Bären / BäreTower,SEC,Sicherheit,MEP,TGA-Installation,70,62,93.0,1.5,1.5,2.0,2.0,445.0,91.0,3.0,2020-10-02,2021-12-20,0.42533081285444235,0.8449905482041588,0,0.0,174.0,28,0,0,1.0,0.041259982253771074
baeretower,baeretower,Zentrum Bären / BäreTower,SITE,Umgebung,DEMO,Rückbau,30,6,34.0,3.5,5.666666666666667,11.5,12.0,46.0,46.0,3.0,2020-04-28,2020-06-12,0.276937618147448,0.31947069943289225,0,0.0,,0,0,0,0.022591362126245847,0.5151515151515151
baeretower,baeretower,Zentrum Bären / BäreTower,SITE,Umgebung,EARTH,Baugrube / Erdbau,40,71,1471.0,10.0,20.718309859154928,80.0,145.0,865.0,670.0,12.0,2019-11-18,2022-03-31,0.12381852551984877,0.9404536862003781,0,0.0,100.0,1,0,0,0.9774086378737542,0.9030079803560467
baeretower,baeretower,Zentrum Bären / BäreTower,SN,Sanitär,EARTH,Baugrube / Erdbau,40,1,3.0,3.0,3.0,3.0,3.0,3.0,3.0,1.0,2020-06-23,2020-06-25,0.32986767485822305,0.33175803402646503,0,0.0,,0,0,0,0.0027472527472527475,0.001841620626151013
baeretower,baeretower,Zentrum Bären / BäreTower,SN,Sanitär,MEP,TGA-Installation,70,217,1089.0,4.0,5.018433179723503,10.0,80.0,442.0,391.0,12.0,2020-10-05,2021-12-20,0.4281663516068053,0.8449905482041588,0,0.0,2658.0,30,0,0,0.9972527472527473,0.4831410825199645
baeretower,baeretower,Zentrum Bären / BäreTower,SPR,Sprinkler,MEP,TGA-Installation,70,2,4.0,2.0,2.0,2.0,2.0,23.0,4.0,1.0,2021-03-31,2021-04-22,0.5954631379962193,0.6162570888468809,0,0.0,,0,0,0,1.0,0.001774622892635315
baeretower,baeretower,Zentrum Bären / BäreTower,TRANS,Transport,DEMO,Rückbau,30,1,2.0,2.0,2.0,2.0,2.0,2.0,2.0,1.0,2021-11-30,2021-12-01,0.8260869565217391,0.8270321361058601,0,0.0,,0,0,0,0.0036231884057971015,0.030303030303030304
baeretower,baeretower,Zentrum Bären / BäreTower,TRANS,Transport,MEP,TGA-Installation,70,15,550.0,30.0,36.666666666666664,70.99999999999999,120.0,789.0,394.0,4.0,2019-10-03,2021-11-29,0.08034026465028356,0.8251417769376181,0,0.0,60.0,1,0,0,0.9963768115942029,0.2440106477373558
burckhardt,burckhardt,Burckhardt Laborgebäude,EL,Elektro,MEP,TGA-Installation,70,138,2080.0,10.0,15.072463768115941,35.0,60.0,579.0,551.0,10.0,2025-11-17,2027-06-18,0.3463541666666667,0.8480902777777778,0,0.0,,11,4,5,0.9928400954653938,0.3837638376383764
burckhardt,burckhardt,Burckhardt Laborgebäude,EL,Elektro,COMM,Inbetriebnahme,90,1,15.0,15.0,15.0,15.0,15.0,19.0,19.0,1.0,2027-05-10,2027-05-28,0.8142361111111112,0.8298611111111112,0,0.0,,0,0,0,0.007159904534606206,0.08426966292134831
burckhardt,burckhardt,Burckhardt Laborgebäude,ENV,Gebäudehülle,DEMO,Rückbau,30,24,201.0,7.0,8.375,10.0,20.0,591.0,263.0,2.0,2025-01-22,2026-09-04,0.08680555555555555,0.5989583333333334,0,0.0,,7,0,1,0.17164816396242527,0.12050359712230216
burckhardt,burckhardt,Burckhardt Laborgebäude,ENV,Gebäudehülle,ENVELOPE,Hülle / Fassade,60,77,945.0,10.0,12.272727272727273,20.0,60.0,593.0,500.0,7.0,2025-07-07,2027-02-19,0.2309027777777778,0.7447916666666666,0,0.0,,9,3,5,0.807002561912895,1.0
burckhardt,burckhardt,Burckhardt Laborgebäude,ENV,Gebäudehülle,OTHER,Sonstiges,120,3,25.0,10.0,8.333333333333334,10.0,10.0,313.0,29.0,1.0,2026-08-10,2027-06-18,0.5772569444444444,0.8480902777777778,0,0.0,,1,1,1,0.02134927412467976,0.25
burckhardt,burckhardt,Burckhardt Laborgebäude,EQUIP,Ausstattung,EARTH,Baugrube / Erdbau,40,1,20.0,20.0,20.0,20.0,20.0,26.0,26.0,1.0,2024-11-11,2024-12-06,0.024305555555555556,0.04600694444444445,0,0.0,,0,0,1,0.016194331983805668,1.0
burckhardt,burckhardt,Burckhardt Laborgebäude,EQUIP,Ausstattung,FITOUT,Ausbau,80,118,1205.0,10.0,10.211864406779661,16.499999999999986,20.0,516.0,473.0,10.0,2026-01-26,2027-06-25,0.4071180555555556,0.8541666666666666,0,0.0,,10,2,8,0.9757085020242915,0.2611050920910076
burckhardt,burckhardt,Burckhardt Laborgebäude,EQUIP,Ausstattung,COMM,Inbetriebnahme,90,1,10.0,10.0,10.0,10.0,10.0,15.0,15.0,1.0,2027-07-12,2027-07-26,0.8689236111111112,0.8810763888888888,0,0.0,,0,0,0,0.008097165991902834,0.056179775280898875
burckhardt,burckhardt,Burckhardt Laborgebäude,HZ,Heizung,MEP,TGA-Installation,70,77,890.0,10.0,11.558441558441558,20.0,30.0,558.0,424.0,8.0,2025-11-17,2027-05-28,0.3463541666666667,0.8298611111111112,0,0.0,,11,4,2,0.9834254143646409,0.16420664206642066
burckhardt,burckhardt,Burckhardt Laborgebäude,HZ,Heizung,COMM,Inbetriebnahme,90,2,15.0,7.5,7.5,9.5,10.0,22.0,22.0,2.0,2027-05-24,2027-06-14,0.8263888888888888,0.8446180555555556,0,0.0,,0,0,0,0.016574585635359115,0.08426966292134831
burckhardt,burckhardt,Burckhardt Laborgebäude,INT,Ausbau,DEMO,Rückbau,30,23,260.0,10.0,11.304347826086957,20.0,30.0,502.0,279.0,3.0,2024-12-09,2026-04-24,0.04861111111111111,0.4835069444444444,0,0.0,,11,0,1,0.07334273624823695,0.15587529976019185
burckhardt,burckhardt,Burckhardt Laborgebäude,INT,Ausbau,FITOUT,Ausbau,80,373,3285.0,10.0,8.806970509383378,15.0,30.0,572.0,557.0,18.0,2025-10-27,2027-05-21,0.328125,0.8237847222222222,0,0.0,,11,5,12,0.926657263751763,0.7118093174431203
burckhardt,burckhardt,Burckhardt Laborgebäude,KO,Konstruktion,DEMO,Rückbau,30,94,1192.0,10.0,12.680851063829786,20.0,45.0,817.0,511.0,7.0,2024-12-09,2027-03-05,0.04861111111111111,0.7569444444444444,0,0.0,,11,1,2,0.8751835535976505,0.7146282973621103
burckhardt,burckhardt,Burckhardt Laborgebäude,KO,Konstruktion,SHELL,Rohbau,50,15,170.0,10.0,11.333333333333334,15.0,30.0,904.0,195.0,3.0,2024-10-14,2027-04-05,0.0,0.7838541666666666,0,0.0,,3,3,3,0.12481644640234948,1.0
burckhardt,burckhardt,Burckhardt Laborgebäude,KT,Kälte,MEP,TGA-Installation,70,22,190.0,10.0,8.636363636363637,10.0,20.0,537.0,190.0,3.0,2025-12-08,2027-05-28,0.3645833333333333,0.8298611111111112,0,0.0,,11,4,3,0.95,0.03505535055350553
burckhardt,burckhardt,Burckhardt Laborgebäude,KT,Kälte,COMM,Inbetriebnahme,90,1,10.0,10.0,10.0,10.0,10.0,15.0,15.0,1.0,2027-05-31,2027-06-14,0.8324652777777778,0.8446180555555556,0,0.0,,0,0,0,0.05,0.056179775280898875
burckhardt,burckhardt,Burckhardt Laborgebäude,LF,Lüftung,MEP,TGA-Installation,70,58,535.0,10.0,9.224137931034482,15.0,15.0,596.0,442.0,4.0,2025-11-17,2027-07-05,0.3463541666666667,0.8628472222222222,0,0.0,,11,5,3,0.9304347826086956,0.09870848708487084
burckhardt,burckhardt,Burckhardt Laborgebäude,LF,Lüftung,COMM,Inbetriebnahme,90,2,40.0,20.0,20.0,28.0,30.0,57.0,57.0,2.0,2027-06-14,2027-08-09,0.8446180555555556,0.8932291666666666,0,0.0,,0,0,0,0.06956521739130435,0.2247191011235955
burckhardt,burckhardt,Burckhardt Laborgebäude,OTH,Sonstige,DEMO,Rückbau,30,1,15.0,15.0,15.0,15.0,15.0,19.0,19.0,1.0,2026-01-05,2026-01-23,0.3888888888888889,0.4045138888888889,0,0.0,,0,0,0,0.0391644908616188,0.008992805755395683
burckhardt,burckhardt,Burckhardt Laborgebäude,OTH,Sonstige,MEP,TGA-Installation,70,3,45.0,20.0,15.0,20.0,20.0,47.0,47.0,2.0,2026-04-20,2026-06-05,0.4800347222222222,0.5199652777777778,0,0.0,,1,1,1,0.1174934725848564,0.008302583025830259
burckhardt,burckhardt,Burckhardt Laborgebäude,OTH,Sonstige,FITOUT,Ausbau,80,22,125.0,5.0,5.681818181818182,5.0,15.0,498.0,134.0,1.0,2025-12-08,2027-04-19,0.3645833333333333,0.7960069444444444,0,0.0,,11,2,2,0.3263707571801567,0.027085590465872156
burckhardt,burckhardt,Burckhardt Laborgebäude,OTH,Sonstige,COMM,Inbetriebnahme,90,6,58.0,6.5,9.666666666666666,17.5,20.0,137.0,84.0,2.0,2027-05-17,2027-09-30,0.8203125,0.9383680555555556,0,0.0,,0,0,0,0.1514360313315927,0.3258426966292135
burckhardt,burckhardt,Burckhardt Laborgebäude,OTH,Sonstige,HANDOVER,Abnahme / Übergabe,100,2,65.0,32.5,32.5,46.5,50.0,110.0,90.0,1.0,2027-08-23,2027-12-10,0.9053819444444444,1.0,0,0.0,,0,0,0,0.16971279373368145,0.6842105263157895
burckhardt,burckhardt,Burckhardt Laborgebäude,OTH,Sonstige,OTHER,Sonstiges,120,6,75.0,12.5,12.5,17.5,20.0,325.0,99.0,2.0,2026-11-30,2027-10-20,0.6744791666666666,0.9557291666666666,0,0.0,,2,2,1,0.195822454308094,0.75
burckhardt,burckhardt,Burckhardt Laborgebäude,SEC,Sicherheit,MEP,TGA-Installation,70,11,110.0,10.0,10.0,10.0,10.0,222.0,132.0,1.0,2026-02-23,2026-10-02,0.4314236111111111,0.6232638888888888,0,0.0,,11,1,1,0.9565217391304348,0.02029520295202952
burckhardt,burckhardt,Burckhardt Laborgebäude,SEC,Sicherheit,COMM,Inbetriebnahme,90,1,5.0,5.0,5.0,5.0,5.0,8.0,8.0,1.0,2027-05-03,2027-05-10,0.8081597222222222,0.8142361111111112,0,0.0,,0,0,0,0.043478260869565216,0.028089887640449437
burckhardt,burckhardt,Burckhardt Laborgebäude,SN,Sanitär,MEP,TGA-Installation,70,65,665.0,10.0,10.23076923076923,15.0,30.0,551.0,372.0,7.0,2025-11-24,2027-05-28,0.3524305555555556,0.8298611111111112,0,0.0,,11,4,2,1.0,0.12269372693726938
burckhardt,burckhardt,Burckhardt Laborgebäude,SPR,Sprinkler,MEP,TGA-Installation,70,34,255.0,5.0,7.5,13.499999999999996,15.0,474.0,234.0,3.0,2025-12-01,2027-03-19,0.3585069444444444,0.7690972222222222,0,0.0,,11,3,1,1.0,0.0470479704797048
burckhardt,burckhardt,Burckhardt Laborgebäude,TRANS,Transport,MEP,TGA-Installation,70,13,650.0,20.0,50.0,70.0,315.0,533.0,507.0,5.0,2026-02-06,2027-07-23,0.4166666666666667,0.8784722222222222,0,0.0,,0,1,1,0.9219858156028369,0.11992619926199262
burckhardt,burckhardt,Burckhardt Laborgebäude,TRANS,Transport,COMM,Inbetriebnahme,90,3,25.0,10.0,8.333333333333334,10.0,10.0,477.0,35.0,1.0,2026-04-06,2027-07-26,0.4678819444444444,0.8810763888888888,0,0.0,,0,1,1,0.03546099290780142,0.1404494382022472
burckhardt,burckhardt,Burckhardt Laborgebäude,TRANS,Transport,HANDOVER,Abnahme / Übergabe,100,3,30.0,10.0,10.0,10.0,10.0,15.0,15.0,3.0,2027-06-14,2027-06-28,0.8446180555555556,0.8567708333333334,0,0.0,,0,1,1,0.0425531914893617,0.3157894736842105
dc30,dc30,DC30 Rechenzentrum,AUTO,Automation,MEP,TGA-Installation,70,381,3370.0,5.0,8.84514435695538,20.0,51.0,421.0,310.0,36.0,2026-03-02,2027-04-26,0.0,0.9836065573770492,0,0.0,,7,17,0,1.0,0.11420631693100176
dc30,dc30,DC30 Rechenzentrum,EL,Elektro,PROC,Beschaffung / AVOR,20,3,15.0,5.0,5.0,5.0,5.0,107.0,17.0,1.0,2026-10-22,2027-02-05,0.5480093676814989,0.7962529274004684,0,0.0,,1,1,0,0.0011839924224484964,0.1056338028169014
dc30,dc30,DC30 Rechenzentrum,EL,Elektro,MEP,TGA-Installation,70,1522,12654.0,5.0,8.314060446780552,15.0,82.0,400.0,398.0,167.0,2026-03-09,2027-04-12,0.01639344262295082,0.9508196721311475,5,0.0032851511169513796,,6,17,0,0.9988160075775515,0.4288328588857259
dc30,dc30,DC30 Rechenzentrum,ENV,Gebäudehülle,DEMO,Rückbau,30,12,73.0,5.0,6.083333333333333,6.0,16.0,142.0,78.0,2.0,2026-10-12,2027-03-02,0.5245901639344263,0.8548009367681498,0,0.0,,1,5,0,0.10798816568047337,1.0
dc30,dc30,DC30 Rechenzentrum,ENV,Gebäudehülle,ENVELOPE,Hülle / Fassade,60,60,603.0,10.0,10.05,15.100000000000001,26.0,359.0,213.0,10.0,2026-03-23,2027-03-16,0.04918032786885246,0.8875878220140515,0,0.0,,7,10,0,0.8920118343195266,1.0
dc30,dc30,DC30 Rechenzentrum,HZ,Heizung,MEP,TGA-Installation,70,206,1413.0,5.0,6.859223300970874,11.0,25.0,316.0,261.0,18.0,2026-04-13,2027-02-22,0.09836065573770492,0.8360655737704918,0,0.0,,6,11,0,1.0,0.04788531923546157
dc30,dc30,DC30 Rechenzentrum,INT,Ausbau,FITOUT,Ausbau,80,766,5093.0,5.0,6.648825065274152,10.0,59.0,407.0,405.0,55.0,2026-03-09,2027-04-19,0.01639344262295082,0.9672131147540983,3,0.0039164490861618795,,6,14,0,1.0,0.9338100476714338
dc30,dc30,DC30 Rechenzentrum,KO,Konstruktion,SHELL,Rohbau,50,108,676.0,5.0,6.2592592592592595,10.0,22.0,287.0,263.0,17.0,2026-05-29,2027-03-11,0.20608899297423888,0.8758782201405152,0,0.0,,6,12,0,1.0,1.0
dc30,dc30,DC30 Rechenzentrum,KT,Kälte,PROC,Beschaffung / AVOR,20,6,127.0,15.5,21.166666666666668,33.5,51.0,107.0,107.0,3.0,2026-05-27,2026-09-10,0.20140515222482436,0.4496487119437939,0,0.0,,2,5,0,0.021016051629985107,0.8943661971830986
dc30,dc30,DC30 Rechenzentrum,KT,Kälte,MEP,TGA-Installation,70,728,5916.0,5.0,8.126373626373626,15.0,42.0,347.0,347.0,53.0,2026-04-20,2027-04-01,0.11475409836065574,0.9250585480093677,43,0.059065934065934064,,7,14,0,0.9789839483700149,0.20048800325335503
dc30,dc30,DC30 Rechenzentrum,LF,Lüftung,MEP,TGA-Installation,70,269,2271.0,5.0,8.442379182156134,15.0,59.0,338.0,336.0,30.0,2026-03-30,2027-03-02,0.06557377049180328,0.8548009367681498,3,0.011152416356877323,,7,11,0,1.0,0.07696217974786498
dc30,dc30,DC30 Rechenzentrum,OTH,Sonstige,MEP,TGA-Installation,70,9,180.0,5.0,20.0,50.0,50.0,138.0,122.0,5.0,2026-08-03,2026-12-18,0.36065573770491804,0.6814988290398126,0,0.0,,3,4,0,0.33271719038817005,0.0061000406669377795
dc30,dc30,DC30 Rechenzentrum,OTH,Sonstige,FITOUT,Ausbau,80,72,361.0,5.0,5.013888888888889,5.0,7.0,245.0,194.0,6.0,2026-09-01,2027-05-03,0.42857142857142855,1.0,0,0.0,,5,7,0,0.66728280961183,0.06618995232856618
dc30,dc30,DC30 Rechenzentrum,SN,Sanitär,MEP,TGA-Installation,70,96,593.0,5.0,6.177083333333333,10.0,20.0,248.0,217.0,18.0,2026-04-20,2026-12-23,0.11475409836065574,0.6932084309133489,0,0.0,,6,8,0,1.0,0.02009624508607835
dc30,dc30,DC30 Rechenzentrum,SPR,Sprinkler,MEP,TGA-Installation,70,388,2719.0,5.0,7.007731958762887,10.0,65.0,375.0,358.0,38.0,2026-03-16,2027-03-25,0.03278688524590164,0.9086651053864169,1,0.002577319587628866,,6,13,0,1.0,0.09214450318557679
dc30,dc30,DC30 Rechenzentrum,TRANS,Transport,MEP,TGA-Installation,70,72,392.0,5.0,5.444444444444445,5.0,16.0,227.0,212.0,9.0,2026-07-28,2027-03-11,0.34660421545667447,0.8758782201405152,0,0.0,,5,9,0,1.0,0.013284533007997831
elp_v6,elp,ELP Masterterminplan V6,AUTO,Automation,ENVELOPE,Hülle / Fassade,60,2,8.0,4.0,4.0,4.0,4.0,16.0,16.0,2.0,2026-08-10,2026-08-25,0.5027624309392266,0.5102963335007534,0,0.0,,1,1,2,0.010430247718383311,0.0017357344326318074
elp_v6,elp,ELP Masterterminplan V6,AUTO,Automation,MEP,TGA-Installation,70,63,759.0,10.0,12.047619047619047,20.0,40.0,1105.0,286.0,14.0,2024-08-08,2027-08-17,0.13510798593671522,0.6896032144650929,1,0.015873015873015872,,3,19,2,0.9895697522816167,0.06641000962463908
elp_v6,elp,ELP Masterterminplan V6,EL,Elektro,SHELL,Rohbau,50,1,15.0,15.0,15.0,15.0,15.0,21.0,21.0,1.0,2026-02-19,2026-03-11,0.41637368156705173,0.4264188849824209,0,0.0,,1,1,1,0.0029302598163703846,0.002543666270985247
elp_v6,elp,ELP Masterterminplan V6,EL,Elektro,ENVELOPE,Hülle / Fassade,60,19,202.0,5.0,10.631578947368421,25.999999999999996,30.0,884.0,241.0,4.0,2024-10-28,2027-03-30,0.1757910597689603,0.6192867905575088,0,0.0,,2,6,3,0.03946083219378785,0.04382729442395313
elp_v6,elp,ELP Masterterminplan V6,EL,Elektro,MEP,TGA-Installation,70,814,4541.0,5.0,5.578624078624078,15.0,50.0,1123.0,511.0,74.0,2024-07-15,2027-08-11,0.12305374183827222,0.6865896534404822,1,0.0012285012285012285,,3,19,5,0.8870873217425278,0.3973226004024849
elp_v6,elp,ELP Masterterminplan V6,EL,Elektro,COMM,Inbetriebnahme,90,24,361.0,20.0,15.041666666666666,24.199999999999996,26.0,216.0,182.0,10.0,2026-07-22,2027-02-22,0.4932194876946258,0.6012054244098443,3,0.125,,0,0,0,0.07052158624731393,0.22039072039072038
elp_v6,elp,ELP Masterterminplan V6,ENV,Gebäudehülle,SHELL,Rohbau,50,7,24.0,4.0,3.4285714285714284,5.0,5.0,246.0,28.0,2.0,2026-02-02,2026-10-05,0.40783525866398795,0.5308890005022602,0,0.0,,1,2,1,0.1935483870967742,0.004069866033576394
elp_v6,elp,ELP Masterterminplan V6,ENV,Gebäudehülle,ENVELOPE,Hülle / Fassade,60,5,80.0,15.0,16.0,20.0,20.0,866.0,108.0,1.0,2024-09-30,2027-02-12,0.1617277749874435,0.5961828227021597,0,0.0,,2,4,0,0.6451612903225806,0.017357344326318074
elp_v6,elp,ELP Masterterminplan V6,ENV,Gebäudehülle,COMM,Inbetriebnahme,90,1,20.0,20.0,20.0,20.0,20.0,26.0,26.0,1.0,2026-10-12,2026-11-06,0.5344048216976394,0.5469613259668509,0,0.0,,0,0,0,0.16129032258064516,0.01221001221001221
elp_v6,elp,ELP Masterterminplan V6,EQUIP,Ausstattung,ENVELOPE,Hülle / Fassade,60,6,12.0,1.5,2.0,3.5,5.0,447.0,17.0,2.0,2025-05-21,2026-08-10,0.2787543947764942,0.5027624309392266,0,0.0,,1,2,0,0.5217391304347826,0.002603601648947711
elp_v6,elp,ELP Masterterminplan V6,EQUIP,Ausstattung,MEP,TGA-Installation,70,2,10.0,5.0,5.0,5.0,5.0,22.0,15.0,1.0,2026-06-22,2026-07-13,0.4781516825715721,0.4886991461577097,0,0.0,,1,2,0,0.43478260869565216,0.0008749671887304226
elp_v6,elp,ELP Masterterminplan V6,EQUIP,Ausstattung,COMM,Inbetriebnahme,90,1,1.0,1.0,1.0,1.0,1.0,4.0,4.0,1.0,2027-01-15,2027-01-18,0.5821195379206429,0.5836263184329483,0,0.0,,0,0,0,0.043478260869565216,0.0006105006105006105
elp_v6,elp,ELP Masterterminplan V6,HZ,Heizung,MEP,TGA-Installation,70,342,791.0,2.0,2.3128654970760234,5.0,5.0,1065.0,290.0,19.0,2024-07-15,2027-06-14,0.12305374183827222,0.6574585635359116,0,0.0,,3,17,1,0.9599514563106796,0.06920990462857643
elp_v6,elp,ELP Masterterminplan V6,HZ,Heizung,COMM,Inbetriebnahme,90,1,33.0,33.0,33.0,33.0,33.0,56.0,56.0,1.0,2026-12-18,2027-02-11,0.5680562531391261,0.5956805625313912,0,0.0,,0,0,0,0.04004854368932039,0.020146520146520148
elp_v6,elp,ELP Masterterminplan V6,INT,Ausbau,PROC,Beschaffung / AVOR,20,13,680.0,50.0,52.30769230769231,50.0,80.0,845.0,260.0,6.0,2025-05-02,2027-08-24,0.2692114515318935,0.6931190356604722,1,0.07692307692307693,,0,0,0,0.1603395425607168,1.0
elp_v6,elp,ELP Masterterminplan V6,INT,Ausbau,SHELL,Rohbau,50,9,127.0,15.0,14.11111111111111,22.0,30.0,311.0,140.0,3.0,2026-01-05,2026-11-11,0.3937719738824711,0.5494726268206931,0,0.0,,1,3,3,0.029945767507663288,0.02153637442767509
elp_v6,elp,ELP Masterterminplan V6,INT,Ausbau,ENVELOPE,Hülle / Fassade,60,392,3112.0,10.0,7.938775510204081,15.0,70.0,1338.0,810.0,28.0,2023-11-13,2027-07-12,0.0,0.6715218483174284,0,0.0,,3,20,6,0.7337892006602217,0.675200694293773
elp_v6,elp,ELP Masterterminplan V6,INT,Ausbau,MEP,TGA-Installation,70,73,322.0,5.0,4.410958904109589,10.0,15.0,939.0,214.0,7.0,2024-05-27,2026-12-21,0.09844299347061777,0.5695630336514315,0,0.0,,3,17,0,0.07592548927139825,0.028173943477119608
elp_v6,elp,ELP Masterterminplan V6,KO,Konstruktion,SHELL,Rohbau,50,188,5180.0,12.0,27.5531914893617,60.0,550.0,1195.0,1195.0,19.0,2023-11-13,2027-02-19,0.0,0.5996986438975389,2,0.010638297872340425,,4,36,6,0.9454279978098193,0.8784127522469052
elp_v6,elp,ELP Masterterminplan V6,KO,Konstruktion,ENVELOPE,Hülle / Fassade,60,18,151.0,5.0,8.38888888888889,16.60000000000001,35.0,525.0,165.0,3.0,2025-05-14,2026-10-20,0.27523857358111503,0.538422903063787,0,0.0,,3,9,7,0.027559773681328708,0.03276198741592536
elp_v6,elp,ELP Masterterminplan V6,KO,Konstruktion,MEP,TGA-Installation,70,7,104.0,10.0,14.857142857142858,26.60000000000001,44.0,197.0,115.0,3.0,2026-03-16,2026-09-28,0.4289301858362632,0.527373179306881,0,0.0,,2,6,1,0.018981565979193284,0.009099658762796396
elp_v6,elp,ELP Masterterminplan V6,KO,Konstruktion,COMM,Inbetriebnahme,90,4,44.0,12.5,11.0,16.8,18.0,56.0,54.0,2.0,2026-12-18,2027-02-11,0.5680562531391261,0.5956805625313912,0,0.0,,0,0,0,0.008030662529658696,0.026862026862026864
elp_v6,elp,ELP Masterterminplan V6,KT,Kälte,ENVELOPE,Hülle / Fassade,60,3,40.0,15.0,13.333333333333334,15.0,15.0,73.0,61.0,2.0,2026-04-20,2026-07-01,0.44650929181315924,0.4826720241084882,0,0.0,,1,2,1,0.7272727272727273,0.008678672163159037
elp_v6,elp,ELP Masterterminplan V6,KT,Kälte,MEP,TGA-Installation,70,2,14.0,7.0,7.0,8.6,9.0,15.0,15.0,2.0,2026-05-05,2026-05-19,0.4540431943746861,0.4610748367654445,0,0.0,,1,2,1,0.2545454545454545,0.0012249540642225918
elp_v6,elp,ELP Masterterminplan V6,KT,Kälte,COMM,Inbetriebnahme,90,1,1.0,1.0,1.0,1.0,1.0,2.0,2.0,1.0,2026-07-23,2026-07-24,0.4937217478653943,0.49422400803616273,0,0.0,,0,0,0,0.01818181818181818,0.0006105006105006105
elp_v6,elp,ELP Masterterminplan V6,LF,Lüftung,ENVELOPE,Hülle / Fassade,60,46,373.0,5.0,8.108695652173912,15.0,35.0,626.0,290.0,9.0,2025-05-27,2027-02-11,0.281767955801105,0.5956805625313912,0,0.0,,2,5,16,0.15400495458298927,0.08092861792145802
elp_v6,elp,ELP Masterterminplan V6,LF,Lüftung,MEP,TGA-Installation,70,412,1818.0,3.0,4.412621359223301,10.0,90.0,1747.0,563.0,22.0,2024-07-15,2029-04-26,0.12305374183827222,1.0,1,0.0024271844660194173,,3,20,20,0.7506193228736582,0.15906903491119084
elp_v6,elp,ELP Masterterminplan V6,LF,Lüftung,COMM,Inbetriebnahme,90,24,201.0,1.0,8.375,21.4,31.0,1205.0,160.0,11.0,2023-11-13,2027-03-01,0.0,0.6047212456052236,6,0.25,,0,0,0,0.08298926507018993,0.1227106227106227
elp_v6,elp,ELP Masterterminplan V6,LF,Lüftung,HANDOVER,Abnahme / Übergabe,100,1,30.0,30.0,30.0,30.0,30.0,42.0,42.0,1.0,2026-06-10,2026-07-21,0.4721245605223506,0.4927172275238574,0,0.0,,0,1,0,0.012386457473162676,0.42857142857142855
elp_v6,elp,ELP Masterterminplan V6,OTH,Sonstige,SHELL,Rohbau,50,22,242.0,10.0,11.0,15.0,30.0,323.0,305.0,3.0,2026-01-30,2026-12-18,0.40632847815168255,0.5680562531391261,0,0.0,,1,2,1,0.0628489806518634,0.04103781583856198
elp_v6,elp,ELP Masterterminplan V6,OTH,Sonstige,ENVELOPE,Hülle / Fassade,60,55,431.0,10.0,7.836363636363636,10.0,20.0,957.0,301.0,10.0,2024-12-09,2027-07-23,0.19688598694123555,0.6770467101958815,0,0.0,,3,20,3,0.11193351512790546,0.09351269255803862
elp_v6,elp,ELP Masterterminplan V6,OTH,Sonstige,MEP,TGA-Installation,70,213,1666.0,5.0,7.821596244131455,15.0,92.0,1535.0,498.0,22.0,2024-06-03,2028-08-15,0.10195881466599699,0.8724259166248116,1,0.004694835680751174,,3,20,3,0.4326710816777042,0.1457695336424884
elp_v6,elp,ELP Masterterminplan V6,OTH,Sonstige,FITOUT,Ausbau,80,1,59.0,59.0,59.0,59.0,59.0,84.0,84.0,1.0,2026-08-26,2026-11-17,0.5107985936715218,0.5524861878453039,0,0.0,,0,1,1,0.015322685365536944,1.0
elp_v6,elp,ELP Masterterminplan V6,OTH,Sonstige,COMM,Inbetriebnahme,90,15,334.0,5.0,22.266666666666666,46.999999999999986,150.0,340.0,273.0,4.0,2026-10-12,2027-09-16,0.5344048216976394,0.7046710195881467,7,0.4666666666666667,,0,1,0,0.08674198156083625,0.2039072039072039
elp_v6,elp,ELP Masterterminplan V6,OTH,Sonstige,HANDOVER,Abnahme / Übergabe,100,8,40.0,5.0,5.0,5.0,5.0,82.0,57.0,2.0,2027-03-15,2027-06-04,0.6117528879959819,0.652435961828227,8,1.0,,0,0,0,0.010388261264770809,0.5714285714285714
elp_v6,elp,ELP Masterterminplan V6,OTH,Sonstige,OTHER,Sonstiges,120,12,1078.5,65.0,89.875,148.25,248.0,1207.0,923.0,4.0,2026-01-05,2029-04-25,0.3937719738824711,0.9994977398292315,1,0.08333333333333333,,2,4,3,0.2800934943513829,1.0
elp_v6,elp,ELP Masterterminplan V6,SEC,Sicherheit,ENVELOPE,Hülle / Fassade,60,2,7.0,3.5,3.5,4.7,5.0,108.0,9.0,1.0,2025-05-27,2025-09-11,0.281767955801105,0.33550979407333,0,0.0,,2,2,1,0.012195121951219513,0.0015187676285528314
elp_v6,elp,ELP Masterterminplan V6,SEC,Sicherheit,MEP,TGA-Installation,70,31,187.0,5.0,6.032258064516129,10.0,10.0,250.0,159.0,9.0,2026-05-07,2027-01-11,0.455047714716223,0.580110497237569,0,0.0,,3,16,0,0.32578397212543553,0.016361886429258902
elp_v6,elp,ELP Masterterminplan V6,SEC,Sicherheit,COMM,Inbetriebnahme,90,19,380.0,20.0,20.0,20.0,20.0,206.0,165.0,6.0,2026-07-22,2027-02-12,0.4932194876946258,0.5961828227021597,0,0.0,,0,0,0,0.662020905923345,0.231990231990232
elp_v6,elp,ELP Masterterminplan V6,SITE,Umgebung,SHELL,Rohbau,50,2,10.0,5.0,5.0,5.0,5.0,22.0,16.0,1.0,2026-09-21,2026-10-12,0.5238573581115018,0.5344048216976394,0,0.0,,1,1,0,0.3333333333333333,0.0016957775139901645
elp_v6,elp,ELP Masterterminplan V6,SITE,Umgebung,COMM,Inbetriebnahme,90,1,20.0,20.0,20.0,20.0,20.0,26.0,26.0,1.0,2026-10-12,2026-11-06,0.5344048216976394,0.5469613259668509,0,0.0,,0,0,0,0.6666666666666666,0.01221001221001221
elp_v6,elp,ELP Masterterminplan V6,SN,Sanitär,SHELL,Rohbau,50,4,299.0,32.0,74.75,177.20000000000005,230.0,395.0,355.0,2.0,2025-01-20,2026-02-18,0.2179809141135108,0.41587142139628325,0,0.0,,0,1,2,0.24151857835218093,0.05070374766830592
elp_v6,elp,ELP Masterterminplan V6,SN,Sanitär,ENVELOPE,Hülle / Fassade,60,5,11.0,2.0,2.2,3.8000000000000003,5.0,484.0,12.0,2.0,2025-05-20,2026-09-15,0.2782521346057258,0.520843797086891,0,0.0,,2,2,0,0.008885298869143781,0.002386634844868735
elp_v6,elp,ELP Masterterminplan V6,SN,Sanitär,MEP,TGA-Installation,70,266,805.0,2.0,3.026315789473684,5.0,15.0,1088.0,289.0,20.0,2024-07-22,2027-07-14,0.12656956303365144,0.6725263686589653,0,0.0,,3,19,2,0.6502423263327949,0.07043485869279902
elp_v6,elp,ELP Masterterminplan V6,SN,Sanitär,COMM,Inbetriebnahme,90,3,123.0,20.0,41.0,85.60000000000001,102.0,154.0,154.0,2.0,2026-09-01,2027-02-01,0.5138121546961326,0.5906579608237067,0,0.0,,1,1,1,0.09935379644588045,0.07509157509157509
elp_v6,elp,ELP Masterterminplan V6,SPEC,Spezialmedien,MEP,TGA-Installation,70,4,4.0,1.0,1.0,1.0,1.0,4.0,2.0,2.0,2026-11-06,2026-11-09,0.5469613259668509,0.5484681064791562,0,0.0,,1,1,0,1.0,0.00034998687549216904
elp_v6,elp,ELP Masterterminplan V6,SPR,Sprinkler,ENVELOPE,Hülle / Fassade,60,3,12.0,1.0,4.0,8.200000000000001,10.0,417.0,17.0,1.0,2025-05-13,2026-07-03,0.27473631341034654,0.4836765444500251,0,0.0,,2,2,0,0.022222222222222223,0.002603601648947711
elp_v6,elp,ELP Masterterminplan V6,SPR,Sprinkler,MEP,TGA-Installation,70,53,408.0,5.0,7.69811320754717,10.0,151.0,957.0,306.0,9.0,2024-07-15,2027-02-26,0.12305374183827222,0.6032144650929181,0,0.0,,3,18,3,0.7555555555555555,0.035698661300201245
elp_v6,elp,ELP Masterterminplan V6,SPR,Sprinkler,COMM,Inbetriebnahme,90,6,120.0,20.0,20.0,20.0,20.0,206.0,91.0,5.0,2026-07-22,2027-02-12,0.4932194876946258,0.5961828227021597,0,0.0,,0,0,0,0.2222222222222222,0.07326007326007326
elp_v6,elp,ELP Masterterminplan V6,TRANS,Transport,ENVELOPE,Hülle / Fassade,60,6,170.0,10.0,28.333333333333332,70.0,70.0,400.0,230.0,2.0,2026-05-26,2027-06-29,0.4645906579608237,0.6649924660974385,0,0.0,,2,3,1,1.0,0.03688435669342591
elp_v7,elp,ELP Masterterminplan V7,AUTO,Automation,MEP,TGA-Installation,70,6,55.0,7.5,9.166666666666666,15.0,15.0,82.0,47.0,3.0,2027-04-26,2027-07-16,0.7078651685393258,0.753370786516854,0,0.0,,1,3,1,1.0,0.03985507246376811
elp_v7,elp,ELP Masterterminplan V7,EL,Elektro,ENVELOPE,Hülle / Fassade,60,1,30.0,30.0,30.0,30.0,30.0,43.0,43.0,1.0,2027-06-04,2027-07-16,0.7297752808988764,0.753370786516854,0,0.0,,1,1,0,0.050590219224283306,0.019096117122851686
elp_v7,elp,ELP Masterterminplan V7,EL,Elektro,MEP,TGA-Installation,70,103,563.0,5.0,5.466019417475728,10.0,20.0,207.0,200.0,13.0,2027-02-05,2027-08-30,0.6629213483146067,0.7786516853932585,0,0.0,,1,5,2,0.9494097807757167,0.40797101449275364
elp_v7,elp,ELP Masterterminplan V7,ENV,Gebäudehülle,PLAN,Planung,10,2,2.0,1.0,1.0,1.0,1.0,1.0,1.0,2.0,2023-11-13,2023-11-13,0.0,0.0,0,0.0,,0,0,0,0.008438818565400843,0.08333333333333333
elp_v7,elp,ELP Masterterminplan V7,ENV,Gebäudehülle,SHELL,Rohbau,50,16,135.0,10.0,8.4375,12.5,15.0,388.0,89.0,7.0,2026-06-09,2027-07-01,0.5275280898876404,0.744943820224719,0,0.0,,2,5,0,0.569620253164557,0.031705025833724754
elp_v7,elp,ELP Masterterminplan V7,ENV,Gebäudehülle,ENVELOPE,Hülle / Fassade,60,3,30.0,10.0,10.0,14.0,15.0,171.0,47.0,1.0,2026-12-16,2027-06-04,0.6342696629213483,0.7297752808988764,0,0.0,,2,3,0,0.12658227848101267,0.019096117122851686
elp_v7,elp,ELP Masterterminplan V7,ENV,Gebäudehülle,MOVE,Umzug,110,3,70.0,20.0,23.333333333333332,28.0,30.0,209.0,98.0,1.0,2027-05-07,2027-12-01,0.7140449438202248,0.8308988764044943,0,0.0,,1,2,0,0.29535864978902954,0.14285714285714285
elp_v7,elp,ELP Masterterminplan V7,EQUIP,Ausstattung,ENVELOPE,Hülle / Fassade,60,6,79.0,10.0,13.166666666666666,19.5,25.0,131.0,64.0,2.0,2027-04-22,2027-08-30,0.7056179775280899,0.7786516853932585,0,0.0,,1,2,0,1.0,0.05028644175684278
elp_v7,elp,ELP Masterterminplan V7,HZ,Heizung,MEP,TGA-Installation,70,36,110.0,2.0,3.0555555555555554,5.0,5.0,182.0,88.0,5.0,2027-02-05,2027-08-05,0.6629213483146067,0.7646067415730337,0,0.0,,1,5,1,1.0,0.07971014492753623
elp_v7,elp,ELP Masterterminplan V7,INT,Ausbau,PLAN,Planung,10,8,8.0,1.0,1.0,1.0,1.0,1.0,1.0,8.0,2023-11-13,2023-11-13,0.0,0.0,0,0.0,,0,0,0,0.006666666666666667,0.3333333333333333
elp_v7,elp,ELP Masterterminplan V7,INT,Ausbau,SHELL,Rohbau,50,2,15.0,7.5,7.5,9.5,10.0,557.0,26.0,1.0,2026-01-05,2027-07-15,0.4404494382022472,0.7528089887640449,0,0.0,,2,2,1,0.0125,0.0035227806481916393
elp_v7,elp,ELP Masterterminplan V7,INT,Ausbau,ENVELOPE,Hülle / Fassade,60,126,1110.0,10.0,8.80952380952381,15.0,60.0,1326.0,328.0,16.0,2024-03-04,2027-10-20,0.06292134831460675,0.8073033707865168,0,0.0,,4,9,0,0.925,0.7065563335455124
elp_v7,elp,ELP Masterterminplan V7,INT,Ausbau,MEP,TGA-Installation,70,12,67.0,5.0,5.583333333333333,5.0,20.0,163.0,74.0,3.0,2026-12-16,2027-05-27,0.6342696629213483,0.7252808988764045,0,0.0,,1,5,0,0.05583333333333333,0.04855072463768116
elp_v7,elp,ELP Masterterminplan V7,KO,Konstruktion,PLAN,Planung,10,7,7.0,1.0,1.0,1.0,1.0,1.0,1.0,7.0,2023-11-13,2023-11-13,0.0,0.0,0,0.0,,0,0,0,0.0016505541145956143,0.2916666666666667
elp_v7,elp,ELP Masterterminplan V7,KO,Konstruktion,SHELL,Rohbau,50,164,3987.0,11.5,24.3109756097561,43.500000000000085,550.0,1313.0,1313.0,12.0,2023-11-13,2027-06-17,0.0,0.7370786516853932,0,0.0,,4,51,5,0.9401084649846734,0.9363550962893377
elp_v7,elp,ELP Masterterminplan V7,KO,Konstruktion,ENVELOPE,Hülle / Fassade,60,4,95.0,22.5,23.75,38.5,40.0,1251.0,136.0,1.0,2023-11-13,2027-04-16,0.0,0.702247191011236,0,0.0,,2,3,1,0.02240037726951191,0.06047103755569701
elp_v7,elp,ELP Masterterminplan V7,KO,Konstruktion,MEP,TGA-Installation,70,5,32.0,5.0,6.4,10.0,10.0,149.0,52.0,2.0,2026-12-23,2027-05-20,0.6382022471910113,0.7213483146067415,0,0.0,,1,5,0,0.00754539023815138,0.02318840579710145
elp_v7,elp,ELP Masterterminplan V7,KO,Konstruktion,MOVE,Umzug,110,1,120.0,120.0,120.0,120.0,120.0,171.0,171.0,1.0,2027-05-03,2027-10-20,0.7117977528089887,0.8073033707865168,0,0.0,,1,1,0,0.028295213393067672,0.24489795918367346
elp_v7,elp,ELP Masterterminplan V7,LF,Lüftung,MEP,TGA-Installation,70,37,149.0,5.0,4.027027027027027,5.0,8.0,175.0,81.0,6.0,2027-02-12,2027-08-05,0.6668539325842696,0.7646067415730337,0,0.0,,1,5,2,1.0,0.10797101449275362
elp_v7,elp,ELP Masterterminplan V7,OTH,Sonstige,PLAN,Planung,10,7,7.0,1.0,1.0,1.0,1.0,1.0,1.0,7.0,2023-11-13,2023-11-13,0.0,0.0,0,0.0,,0,0,0,0.007352941176470588,0.2916666666666667
elp_v7,elp,ELP Masterterminplan V7,OTH,Sonstige,SHELL,Rohbau,50,10,121.0,7.5,12.1,14.999999999999982,60.0,431.0,172.0,2.0,2026-06-01,2027-08-05,0.5230337078651686,0.7646067415730337,0,0.0,,2,4,1,0.12710084033613445,0.02841709722874589
elp_v7,elp,ELP Masterterminplan V7,OTH,Sonstige,ENVELOPE,Hülle / Fassade,60,6,45.0,7.5,7.5,10.0,10.0,1272.0,63.0,2.0,2023-11-20,2027-05-14,0.003932584269662922,0.7179775280898877,0,0.0,,2,4,0,0.04726890756302521,0.02864417568427753
elp_v7,elp,ELP Masterterminplan V7,OTH,Sonstige,MEP,TGA-Installation,70,38,216.0,5.0,5.684210526315789,10.0,10.0,220.0,162.0,5.0,2026-12-16,2027-07-23,0.6342696629213483,0.7573033707865169,0,0.0,,1,5,2,0.226890756302521,0.1565217391304348
elp_v7,elp,ELP Masterterminplan V7,OTH,Sonstige,COMM,Inbetriebnahme,90,3,413.0,150.0,137.66666666666666,188.4,198.0,605.0,601.0,2.0,2027-02-01,2028-09-27,0.6606741573033708,1.0,0,0.0,,0,1,0,0.4338235294117647,1.0
elp_v7,elp,ELP Masterterminplan V7,OTH,Sonstige,OTHER,Sonstiges,120,3,150.0,65.0,50.0,65.0,65.0,469.0,185.0,2.0,2027-06-17,2028-09-27,0.7370786516853932,1.0,0,0.0,,0,0,0,0.15756302521008403,1.0
elp_v7,elp,ELP Masterterminplan V7,SEC,Sicherheit,MEP,TGA-Installation,70,7,50.0,5.0,7.142857142857143,10.0,10.0,172.0,54.0,2.0,2027-02-05,2027-07-26,0.6629213483146067,0.7589887640449439,0,0.0,,1,5,0,1.0,0.036231884057971016
elp_v7,elp,ELP Masterterminplan V7,SITE,Umgebung,MOVE,Umzug,110,21,300.0,10.0,14.285714285714286,20.0,45.0,221.0,204.0,5.0,2027-06-07,2028-01-13,0.7314606741573034,0.8550561797752809,0,0.0,,1,2,0,1.0,0.6122448979591837
elp_v7,elp,ELP Masterterminplan V7,SN,Sanitär,ENVELOPE,Hülle / Fassade,60,1,10.0,10.0,10.0,10.0,10.0,14.0,14.0,1.0,2027-01-05,2027-01-18,0.645505617977528,0.6528089887640449,0,0.0,,1,1,0,0.09900990099009901,0.006365372374283896
elp_v7,elp,ELP Masterterminplan V7,SN,Sanitär,MEP,TGA-Installation,70,35,91.0,2.0,2.6,5.0,10.0,207.0,78.0,5.0,2027-02-05,2027-08-30,0.6629213483146067,0.7786516853932585,0,0.0,,1,5,1,0.900990099009901,0.06594202898550725
elp_v7,elp,ELP Masterterminplan V7,SPR,Sprinkler,MEP,TGA-Installation,70,10,47.0,5.0,4.7,5.0,5.0,207.0,71.0,2.0,2027-02-05,2027-08-30,0.6629213483146067,0.7786516853932585,0,0.0,,1,5,1,1.0,0.034057971014492754
elp_v7,elp,ELP Masterterminplan V7,TRANS,Transport,ENVELOPE,Hülle / Fassade,60,7,172.0,3.0,24.571428571428573,74.0,80.0,132.0,132.0,6.0,2027-04-15,2027-08-24,0.7016853932584269,0.7752808988764045,0,0.0,,1,2,0,1.0,0.109484404837683
frankfurt_four,frankfurt_four,Frankfurt Four RT4,EL,Elektro,MEP,TGA-Installation,70,23,82.0,1.0,3.5652173913043477,9.000000000000004,10.0,380.0,112.0,2.0,2022-03-29,2023-04-12,0.1095679012345679,0.6944444444444444,0,0.0,244.0,3,5,0,1.0,0.21025641025641026
frankfurt_four,frankfurt_four,Frankfurt Four RT4,ENV,Gebäudehülle,ENVELOPE,Hülle / Fassade,60,73,795.0,5.0,10.89041095890411,5.0,130.0,624.0,574.0,5.0,2022-02-11,2023-10-27,0.038580246913580245,1.0,0,0.0,627.0,5,7,0,0.8698030634573304,1.0
frankfurt_four,frankfurt_four,Frankfurt Four RT4,ENV,Gebäudehülle,COMM,Inbetriebnahme,90,1,119.0,119.0,119.0,119.0,119.0,173.0,173.0,1.0,2023-01-09,2023-06-30,0.5509259259259259,0.816358024691358,0,0.0,,0,0,0,0.1301969365426696,1.0
frankfurt_four,frankfurt_four,Frankfurt Four RT4,HZ,Heizung,MEP,TGA-Installation,70,3,15.0,5.0,5.0,5.0,5.0,81.0,21.0,1.0,2022-02-11,2022-05-02,0.038580246913580245,0.16203703703703703,0,0.0,60.0,3,1,0,1.0,0.038461538461538464
frankfurt_four,frankfurt_four,Frankfurt Four RT4,INT,Ausbau,FITOUT,Ausbau,80,146,665.0,5.0,4.554794520547945,5.0,15.0,444.0,336.0,8.0,2022-01-24,2023-04-12,0.010802469135802469,0.6944444444444444,0,0.0,1543.0,5,8,0,1.0,0.9446022727272727
frankfurt_four,frankfurt_four,Frankfurt Four RT4,KT,Kälte,MEP,TGA-Installation,70,12,60.0,5.0,5.0,5.0,5.0,173.0,74.0,1.0,2022-03-28,2022-09-16,0.10802469135802469,0.3734567901234568,0,0.0,240.0,3,4,0,1.0,0.15384615384615385
frankfurt_four,frankfurt_four,Frankfurt Four RT4,LF,Lüftung,MEP,TGA-Installation,70,20,55.0,2.0,2.75,5.0,5.0,426.0,75.0,2.0,2022-02-18,2023-04-19,0.04938271604938271,0.7052469135802469,0,0.0,120.0,3,7,0,1.0,0.14102564102564102
frankfurt_four,frankfurt_four,Frankfurt Four RT4,OTH,Sonstige,FITOUT,Ausbau,80,15,39.0,2.0,2.6,5.0,5.0,372.0,48.0,1.0,2022-04-20,2023-04-26,0.14351851851851852,0.7160493827160493,0,0.0,78.0,3,5,0,1.0,0.05539772727272727
frankfurt_four,frankfurt_four,Frankfurt Four RT4,SITE,Umgebung,EARTH,Baugrube / Erdbau,40,1,50.0,50.0,50.0,50.0,50.0,78.0,78.0,1.0,2023-04-03,2023-06-19,0.6805555555555556,0.7993827160493827,0,0.0,,0,0,0,1.0,1.0
frankfurt_four,frankfurt_four,Frankfurt Four RT4,SN,Sanitär,MEP,TGA-Installation,70,20,100.0,5.0,5.0,5.0,5.0,285.0,124.0,2.0,2022-01-17,2022-10-28,0.0,0.4382716049382716,0,0.0,180.0,5,2,0,1.0,0.2564102564102564
frankfurt_four,frankfurt_four,Frankfurt Four RT4,SPR,Sprinkler,MEP,TGA-Installation,70,15,30.0,2.0,2.0,2.0,2.0,354.0,31.0,1.0,2022-04-11,2023-03-30,0.12962962962962962,0.6743827160493827,0,0.0,60.0,3,5,0,1.0,0.07692307692307693
frankfurt_four,frankfurt_four,Frankfurt Four RT4,TRANS,Transport,MEP,TGA-Installation,70,12,48.0,5.0,4.0,5.0,5.0,392.0,67.0,1.0,2022-03-18,2023-04-13,0.09259259259259259,0.6959876543209876,0,0.0,81.0,3,1,0,1.0,0.12307692307692308
pred_bau04,pred_bau04,Roche pRED Bau 04,EL,Elektro,PLAN,Planung,10,10,253.0,19.0,25.3,50.0,50.0,306.0,209.0,4.0,2020-05-04,2021-03-05,0.1794871794871795,0.40293040293040294,0,0.0,,5,0,0,0.1430995475113122,0.04513826940231936
pred_bau04,pred_bau04,Roche pRED Bau 04,EL,Elektro,PROC,Beschaffung / AVOR,20,61,1515.0,20.0,24.83606557377049,40.0,40.0,556.0,532.0,11.0,2020-05-04,2021-11-10,0.1794871794871795,0.5860805860805861,0,0.0,,5,0,0,0.8569004524886877,0.1209194668369383
pred_bau04,pred_bau04,Roche pRED Bau 04,ENV,Gebäudehülle,PLAN,Planung,10,8,210.0,20.0,26.25,40.0,40.0,158.0,158.0,3.0,2020-01-21,2020-06-26,0.10329670329670329,0.21831501831501832,0,0.0,,2,0,0,0.42857142857142855,0.03746654772524532
pred_bau04,pred_bau04,Roche pRED Bau 04,ENV,Gebäudehülle,PROC,Beschaffung / AVOR,20,7,280.0,30.0,40.0,74.0,80.0,289.0,245.0,3.0,2019-12-10,2020-09-23,0.07252747252747253,0.2835164835164835,0,0.0,,2,0,0,0.5714285714285714,0.02234815228669487
pred_bau04,pred_bau04,Roche pRED Bau 04,EQUIP,Ausstattung,PLAN,Planung,10,2,60.0,30.0,30.0,38.0,40.0,84.0,84.0,1.0,2021-09-09,2021-12-01,0.5406593406593406,0.6014652014652014,0,0.0,,1,0,0,0.6,0.010704727921498661
pred_bau04,pred_bau04,Roche pRED Bau 04,EQUIP,Ausstattung,PROC,Beschaffung / AVOR,20,1,40.0,40.0,40.0,40.0,40.0,71.0,71.0,1.0,2021-12-02,2022-02-10,0.6021978021978022,0.6534798534798535,0,0.0,,1,0,0,0.4,0.0031925931838135526
pred_bau04,pred_bau04,Roche pRED Bau 04,HZ,Heizung,PLAN,Planung,10,28,576.0,20.0,20.571428571428573,30.0,50.0,358.0,266.0,5.0,2020-05-04,2021-04-26,0.1794871794871795,0.441025641025641,0,0.0,,7,0,0,0.6220302375809935,0.10276538804638716
pred_bau04,pred_bau04,Roche pRED Bau 04,HZ,Heizung,PROC,Beschaffung / AVOR,20,17,350.0,20.0,20.58823529411765,24.000000000000004,30.0,389.0,178.0,6.0,2020-04-17,2021-05-10,0.16703296703296702,0.4512820512820513,0,0.0,,7,0,0,0.3779697624190065,0.027935190358368583
pred_bau04,pred_bau04,Roche pRED Bau 04,INT,Ausbau,PLAN,Planung,10,70,1692.0,20.0,24.17142857142857,40.0,50.0,774.0,688.0,12.0,2020-03-06,2022-04-18,0.13626373626373625,0.7025641025641025,3,0.04285714285714286,,6,0,0,0.16474368336497736,0.30187332738626227
pred_bau04,pred_bau04,Roche pRED Bau 04,INT,Ausbau,PROC,Beschaffung / AVOR,20,204,4017.0,10.0,19.691176470588236,60.0,80.0,1278.0,968.0,28.0,2019-11-29,2023-05-29,0.06446886446886448,1.0,5,0.024509803921568627,,6,4,0,0.391120198627136,0.320616170484476
pred_bau04,pred_bau04,Roche pRED Bau 04,INT,Ausbau,DEMO,Rückbau,30,4,50.0,10.0,12.5,17.0,20.0,334.0,57.0,2.0,2021-10-11,2022-09-09,0.5641025641025641,0.8080586080586081,0,0.0,,4,0,0,0.004868312156175454,0.23923444976076555
pred_bau04,pred_bau04,Roche pRED Bau 04,INT,Ausbau,FITOUT,Ausbau,80,313,4491.5,10.0,14.349840255591054,20.0,178.0,943.0,736.0,29.0,2020-10-29,2023-05-29,0.3098901098901099,1.0,36,0.11501597444089456,,4,3,0,0.43732048098924103,1.0
pred_bau04,pred_bau04,Roche pRED Bau 04,INT,Ausbau,COMM,Inbetriebnahme,90,1,20.0,20.0,20.0,20.0,20.0,26.0,26.0,1.0,2022-02-14,2022-03-11,0.6564102564102564,0.6747252747252748,0,0.0,,1,0,0,0.0019473248624701815,0.11428571428571428
pred_bau04,pred_bau04,Roche pRED Bau 04,KO,Konstruktion,PLAN,Planung,10,8,200.0,25.0,25.0,30.0,30.0,218.0,210.0,2.0,2020-01-31,2020-09-04,0.11062271062271062,0.2695970695970696,0,0.0,,4,0,0,0.022180326050792946,0.03568242640499554
pred_bau04,pred_bau04,Roche pRED Bau 04,KO,Konstruktion,PROC,Beschaffung / AVOR,20,273,3451.0,5.0,12.64102564102564,29.80000000000001,247.0,1257.0,1170.0,12.0,2019-09-02,2023-02-09,0.0,0.9201465201465201,28,0.10256410256410256,,10,6,0,0.3827215260064323,0.27544097693351427
pred_bau04,pred_bau04,Roche pRED Bau 04,KO,Konstruktion,DEMO,Rückbau,30,8,139.0,15.0,17.375,33.3,41.0,948.0,127.0,2.0,2019-10-21,2022-05-25,0.035897435897435895,0.7296703296703296,0,0.0,,4,0,0,0.015415326605301097,0.6650717703349283
pred_bau04,pred_bau04,Roche pRED Bau 04,KO,Konstruktion,EARTH,Baugrube / Erdbau,40,1,75.0,75.0,75.0,75.0,75.0,105.0,105.0,1.0,2021-08-18,2021-11-30,0.5245421245421246,0.6007326007326007,0,0.0,,0,0,0,0.008317622269047356,1.0
pred_bau04,pred_bau04,Roche pRED Bau 04,KO,Konstruktion,SHELL,Rohbau,50,474,4997.0,10.0,10.542194092827005,20.0,141.0,822.0,742.0,43.0,2020-09-16,2022-12-16,0.2783882783882784,0.8798534798534798,89,0.1877637130801688,,7,4,0,0.5541754463790618,1.0
pred_bau04,pred_bau04,Roche pRED Bau 04,KO,Konstruktion,COMM,Inbetriebnahme,90,12,155.0,10.0,12.916666666666666,10.0,45.0,694.0,131.0,3.0,2021-03-04,2023-01-26,0.4021978021978022,0.9098901098901099,6,0.5,,5,4,0,0.017189752689364533,0.8857142857142857
pred_bau04,pred_bau04,Roche pRED Bau 04,KT,Kälte,PLAN,Planung,10,24,481.0,20.0,20.041666666666668,28.499999999999996,50.0,320.0,243.0,7.0,2020-06-04,2021-04-19,0.2021978021978022,0.4358974358974359,0,0.0,,5,0,0,0.5619158878504673,0.08581623550401428
pred_bau04,pred_bau04,Roche pRED Bau 04,KT,Kälte,PROC,Beschaffung / AVOR,20,12,375.0,30.0,31.25,40.0,70.0,340.0,216.0,3.0,2020-06-05,2021-05-10,0.20293040293040293,0.4512820512820513,0,0.0,,5,0,0,0.4380841121495327,0.029930561098252054
pred_bau04,pred_bau04,Roche pRED Bau 04,LF,Lüftung,PLAN,Planung,10,30,576.0,15.0,19.2,30.0,50.0,375.0,308.0,5.0,2020-04-17,2021-04-26,0.16703296703296702,0.441025641025641,0,0.0,,7,0,0,0.6220302375809935,0.10276538804638716
pred_bau04,pred_bau04,Roche pRED Bau 04,LF,Lüftung,PROC,Beschaffung / AVOR,20,16,350.0,20.0,21.875,30.0,50.0,413.0,175.0,5.0,2020-04-17,2021-06-03,0.16703296703296702,0.46886446886446886,0,0.0,,7,0,0,0.3779697624190065,0.027935190358368583
pred_bau04,pred_bau04,Roche pRED Bau 04,OTH,Sonstige,PLAN,Planung,10,12,290.0,20.0,24.166666666666668,48.00000000000001,50.0,383.0,263.0,4.0,2020-05-04,2021-05-21,0.1794871794871795,0.4593406593406593,0,0.0,,5,0,0,0.22036474164133737,0.05173951828724353
pred_bau04,pred_bau04,Roche pRED Bau 04,OTH,Sonstige,PROC,Beschaffung / AVOR,20,22,750.0,40.0,34.09090909090909,55.0,55.0,523.0,459.0,7.0,2020-06-15,2021-11-19,0.21025641025641026,0.5926739926739927,0,0.0,,5,1,0,0.5699088145896657,0.05986112219650411
pred_bau04,pred_bau04,Roche pRED Bau 04,OTH,Sonstige,OTHER,Sonstiges,120,24,276.0,10.0,11.5,20.0,20.0,1073.0,163.0,7.0,2020-03-16,2023-02-21,0.14358974358974358,0.928937728937729,0,0.0,,8,0,0,0.20972644376899696,1.0
pred_bau04,pred_bau04,Roche pRED Bau 04,SN,Sanitär,PLAN,Planung,10,29,606.0,20.0,20.896551724137932,30.0,50.0,368.0,297.0,5.0,2020-04-24,2021-04-26,0.17216117216117216,0.441025641025641,0,0.0,,7,0,0,0.1481300415546321,0.10811775200713648
pred_bau04,pred_bau04,Roche pRED Bau 04,SN,Sanitär,PROC,Beschaffung / AVOR,20,68,1051.0,10.0,15.455882352941176,20.0,90.0,948.0,571.0,9.0,2020-02-04,2022-09-08,0.11355311355311355,0.8073260073260073,0,0.0,,7,0,0,0.2569054021021755,0.0838853859047011
pred_bau04,pred_bau04,Roche pRED Bau 04,SN,Sanitär,DEMO,Rückbau,30,2,20.0,10.0,10.0,10.0,10.0,61.0,24.0,1.0,2021-11-22,2022-01-21,0.5948717948717949,0.6388278388278388,0,0.0,,2,0,0,0.0048887802493277925,0.09569377990430622
pred_bau04,pred_bau04,Roche pRED Bau 04,SN,Sanitär,MEP,TGA-Installation,70,124,2414.0,10.0,19.467741935483872,37.00000000000003,157.0,631.0,531.0,19.0,2020-10-09,2022-07-01,0.29523809523809524,0.7567765567765568,5,0.04032258064516129,,2,2,0,0.5900757760938646,1.0
pred_bau04,pred_bau04,Roche pRED Bau 04,SPR,Sprinkler,PLAN,Planung,10,32,661.0,20.0,20.65625,30.0,50.0,410.0,314.0,5.0,2020-03-13,2021-04-26,0.1413919413919414,0.441025641025641,0,0.0,,7,0,0,0.6538081107814046,0.11793041926851026
pred_bau04,pred_bau04,Roche pRED Bau 04,SPR,Sprinkler,PROC,Beschaffung / AVOR,20,17,350.0,20.0,20.58823529411765,24.000000000000004,30.0,462.0,190.0,5.0,2020-02-28,2021-06-03,0.13113553113553114,0.46886446886446886,0,0.0,,7,0,0,0.34619188921859545,0.027935190358368583
pred_bau05,pred_bau05,Roche pRED Bau 05,EL,Elektro,PLAN,Planung,10,12,308.0,20.0,25.666666666666668,48.00000000000001,50.0,325.0,322.0,2.0,2020-05-04,2021-03-24,0.2205350686912509,0.45480838756326825,5,0.4166666666666667,,6,0,0,0.14473684210526316,0.04687262212753006
pred_bau05,pred_bau05,Roche pRED Bau 05,EL,Elektro,PROC,Beschaffung / AVOR,20,73,1820.0,20.0,24.931506849315067,40.0,40.0,584.0,584.0,8.0,2020-05-04,2021-12-08,0.2205350686912509,0.6420824295010846,5,0.0684931506849315,,6,0,0,0.8552631578947368,0.13855054811205847
pred_bau05,pred_bau05,Roche pRED Bau 05,ENV,Gebäudehülle,PLAN,Planung,10,2,50.0,25.0,25.0,29.0,30.0,73.0,71.0,1.0,2020-05-20,2020-07-31,0.23210412147505424,0.2841648590021692,0,0.0,,1,0,0,0.19455252918287938,0.0076091919038198145
pred_bau05,pred_bau05,Roche pRED Bau 05,ENV,Gebäudehülle,PROC,Beschaffung / AVOR,20,20,195.0,10.0,9.75,11.000000000000014,25.0,345.0,206.0,4.0,2020-09-10,2021-08-20,0.3138105567606652,0.5625451916124368,0,0.0,,1,0,0,0.7587548638132295,0.014844701583434835
pred_bau05,pred_bau05,Roche pRED Bau 05,ENV,Gebäudehülle,DEMO,Rückbau,30,2,12.0,6.0,6.0,6.8,7.0,276.0,14.0,1.0,2020-11-04,2021-08-06,0.35357917570498915,0.5524222704266089,0,0.0,,1,0,0,0.04669260700389105,0.07894736842105263
pred_bau05,pred_bau05,Roche pRED Bau 05,EQUIP,Ausstattung,PLAN,Planung,10,10,537.0,25.0,53.7,85.39999999999992,269.0,698.0,579.0,2.0,2019-08-05,2021-07-02,0.023138105567606652,0.527114967462039,3,0.3,,1,0,0,0.3700895933838732,0.08172272104702481
pred_bau05,pred_bau05,Roche pRED Bau 05,EQUIP,Ausstattung,PROC,Beschaffung / AVOR,20,12,914.0,35.0,76.16666666666667,263.70000000000005,300.0,1010.0,623.0,5.0,2019-07-04,2022-04-08,0.0,0.7295733911785972,2,0.16666666666666666,,1,0,0,0.6299104066161269,0.06957978075517661
pred_bau05,pred_bau05,Roche pRED Bau 05,HZ,Heizung,PLAN,Planung,10,33,648.0,20.0,19.636363636363637,30.0,50.0,402.0,398.0,6.0,2020-05-04,2021-06-09,0.2205350686912509,0.5104844540853217,9,0.2727272727272727,,7,0,0,0.6303501945525292,0.0986151270735048
pred_bau05,pred_bau05,Roche pRED Bau 05,HZ,Heizung,PROC,Beschaffung / AVOR,20,19,380.0,20.0,20.0,30.0,30.0,468.0,319.0,4.0,2020-04-17,2021-07-28,0.20824295010845986,0.5459146782357195,2,0.10526315789473684,,7,0,0,0.36964980544747084,0.02892813641900122
pred_bau05,pred_bau05,Roche pRED Bau 05,INT,Ausbau,PLAN,Planung,10,69,1705.0,20.0,24.71014492753623,40.0,50.0,456.0,449.0,13.0,2020-09-11,2021-12-10,0.31453362255965295,0.64352856109906,16,0.2318840579710145,,7,0,0,0.11423594244652518,0.2594734439202557
pred_bau05,pred_bau05,Roche pRED Bau 05,INT,Ausbau,PROC,Beschaffung / AVOR,20,277,5350.0,10.0,19.314079422382672,54.00000000000006,126.0,1156.0,1135.0,21.0,2019-12-06,2023-02-03,0.11207519884309472,0.9472161966738973,9,0.032490974729241874,,8,3,0,0.3584529572368972,0.40727771010962244
pred_bau05,pred_bau05,Roche pRED Bau 05,INT,Ausbau,DEMO,Rückbau,30,7,75.0,10.0,10.714285714285714,14.000000000000004,20.0,502.0,93.0,1.0,2021-03-15,2022-07-29,0.4483007953723789,0.8105567606652205,0,0.0,,5,1,0,0.005025041456592017,0.4934210526315789
pred_bau05,pred_bau05,Roche pRED Bau 05,INT,Ausbau,FITOUT,Ausbau,80,603,7745.25,10.0,12.84452736318408,20.0,173.0,934.0,816.0,36.0,2020-09-16,2023-04-07,0.31814895155459144,0.9927693420101229,46,0.07628524046434494,,5,3,0,0.5189360312222576,0.9416431111516367
pred_bau05,pred_bau05,Roche pRED Bau 05,INT,Ausbau,COMM,Inbetriebnahme,90,5,50.0,10.0,10.0,10.0,10.0,250.0,36.0,2.0,2022-03-07,2022-11-11,0.7064352856109906,0.8864786695589298,0,0.0,,3,2,0,0.0033500276377280112,0.35714285714285715
pred_bau05,pred_bau05,Roche pRED Bau 05,KO,Konstruktion,PLAN,Planung,10,12,290.0,20.0,24.166666666666668,30.0,30.0,442.0,369.0,2.0,2019-12-06,2021-02-19,0.11207519884309472,0.4309472161966739,0,0.0,,7,0,0,0.04305864884929473,0.044133313042154926
pred_bau05,pred_bau05,Roche pRED Bau 05,KO,Konstruktion,PROC,Beschaffung / AVOR,20,127,1760.0,10.0,13.858267716535433,34.00000000000006,68.0,1114.0,891.0,9.0,2019-12-06,2022-12-23,0.11207519884309472,0.9168474331164136,3,0.023622047244094488,,10,5,0,0.2613214550853749,0.13398294762484775
pred_bau05,pred_bau05,Roche pRED Bau 05,KO,Konstruktion,DEMO,Rückbau,30,4,60.0,10.0,15.0,24.000000000000004,30.0,253.0,78.0,1.0,2021-10-15,2022-06-24,0.6030368763557483,0.7852494577006508,1,0.25,,3,0,0,0.008908685968819599,0.39473684210526316
pred_bau05,pred_bau05,Roche pRED Bau 05,KO,Konstruktion,SHELL,Rohbau,50,473,4535.0,7.0,9.587737843551798,20.0,48.0,581.0,517.0,33.0,2021-05-28,2022-12-29,0.5018076644974693,0.9211858279103399,43,0.09090909090909091,,4,2,0,0.6733481811432813,0.9890948745910578
pred_bau05,pred_bau05,Roche pRED Bau 05,KO,Konstruktion,COMM,Inbetriebnahme,90,9,90.0,10.0,10.0,10.0,10.0,464.0,52.0,3.0,2021-03-25,2022-07-01,0.455531453362256,0.7903109182935647,0,0.0,,3,2,0,0.013363028953229399,0.6428571428571429
pred_bau05,pred_bau05,Roche pRED Bau 05,KT,Kälte,PLAN,Planung,10,12,248.0,15.0,20.666666666666668,30.0,50.0,154.0,154.0,4.0,2020-06-18,2020-11-18,0.2530730296456978,0.36370209689081706,0,0.0,,3,0,0,0.656084656084656,0.03774159184294628
pred_bau05,pred_bau05,Roche pRED Bau 05,KT,Kälte,PROC,Beschaffung / AVOR,20,7,130.0,20.0,18.571428571428573,20.0,20.0,237.0,140.0,2.0,2020-06-05,2021-01-27,0.24367317425885757,0.41431670281995664,0,0.0,,3,0,0,0.3439153439153439,0.00989646772228989
pred_bau05,pred_bau05,Roche pRED Bau 05,LF,Lüftung,PLAN,Planung,10,42,833.0,20.0,19.833333333333332,29.499999999999993,50.0,402.0,398.0,7.0,2020-05-04,2021-06-09,0.2205350686912509,0.5104844540853217,2,0.047619047619047616,,7,0,0,0.6134020618556701,0.1267691371176381
pred_bau05,pred_bau05,Roche pRED Bau 05,LF,Lüftung,PROC,Beschaffung / AVOR,20,20,525.0,20.0,26.25,30.0,100.0,489.0,438.0,5.0,2020-04-17,2021-08-18,0.20824295010845986,0.5610990600144613,1,0.05,,7,0,0,0.3865979381443299,0.03996650426309379
pred_bau05,pred_bau05,Roche pRED Bau 05,OTH,Sonstige,PLAN,Planung,10,20,470.0,20.0,23.5,41.000000000000014,50.0,465.0,463.0,3.0,2020-05-04,2021-08-11,0.2205350686912509,0.5560375994215474,7,0.35,,6,0,0,0.14160891834890027,0.07152640389590625
pred_bau05,pred_bau05,Roche pRED Bau 05,OTH,Sonstige,PROC,Beschaffung / AVOR,20,38,1035.0,17.5,27.236842105263158,55.0,60.0,715.0,635.0,5.0,2020-03-13,2022-02-25,0.1829356471438901,0.6992046276211136,11,0.2894736842105263,,6,0,0,0.3118409159385357,0.0787911084043849
pred_bau05,pred_bau05,Roche pRED Bau 05,OTH,Sonstige,DEMO,Rückbau,30,1,5.0,5.0,5.0,5.0,5.0,5.0,5.0,1.0,2021-12-06,2021-12-10,0.6406362979031092,0.64352856109906,0,0.0,,1,0,0,0.0015064778547755348,0.03289473684210526
pred_bau05,pred_bau05,Roche pRED Bau 05,OTH,Sonstige,SHELL,Rohbau,50,4,50.0,15.0,12.5,15.0,15.0,124.0,24.0,3.0,2021-09-27,2022-01-28,0.5900216919739696,0.6789587852494577,0,0.0,,1,0,0,0.015064778547755347,0.010905125408942203
pred_bau05,pred_bau05,Roche pRED Bau 05,OTH,Sonstige,ENVELOPE,Hülle / Fassade,60,8,70.0,7.5,8.75,15.0,15.0,264.0,65.0,2.0,2021-10-25,2022-07-15,0.6102675343456254,0.8004338394793926,1,0.125,,1,1,0,0.021090689966857486,1.0
pred_bau05,pred_bau05,Roche pRED Bau 05,OTH,Sonstige,MEP,TGA-Installation,70,43,434.0,9.0,10.093023255813954,19.00000000000002,30.0,418.0,195.0,8.0,2021-08-16,2022-10-07,0.559652928416486,0.8611713665943601,5,0.11627906976744186,,1,0,0,0.1307622777945164,0.5658409387222947
pred_bau05,pred_bau05,Roche pRED Bau 05,OTH,Sonstige,FITOUT,Ausbau,80,41,480.0,10.0,11.707317073170731,20.0,45.0,514.0,349.0,6.0,2021-04-21,2022-09-16,0.4750542299349241,0.8459869848156182,10,0.24390243902439024,,1,2,0,0.14462187405845134,0.05835688884836327
pred_bau05,pred_bau05,Roche pRED Bau 05,OTH,Sonstige,OTHER,Sonstiges,120,78,775.0,9.5,9.935897435897436,20.0,35.0,1128.0,462.0,5.0,2020-03-16,2023-04-17,0.18510484454085321,1.0,21,0.2692307692307692,,3,1,0,0.23350406749020788,1.0
pred_bau05,pred_bau05,Roche pRED Bau 05,SEC,Sicherheit,PLAN,Planung,10,2,50.0,25.0,25.0,29.0,30.0,84.0,84.0,1.0,2020-10-29,2021-01-20,0.3492407809110629,0.4092552422270427,0,0.0,,1,0,0,0.38461538461538464,0.0076091919038198145
pred_bau05,pred_bau05,Roche pRED Bau 05,SEC,Sicherheit,PROC,Beschaffung / AVOR,20,2,80.0,40.0,40.0,48.0,50.0,196.0,112.0,1.0,2020-09-17,2021-03-31,0.3188720173535792,0.4598698481561822,0,0.0,,1,0,0,0.6153846153846154,0.0060901339829476245
pred_bau05,pred_bau05,Roche pRED Bau 05,SN,Sanitär,PLAN,Planung,10,34,649.0,15.0,19.08823529411765,30.0,50.0,404.0,355.0,6.0,2020-04-24,2021-06-01,0.21330441070137382,0.5046999276934201,8,0.23529411764705882,,7,0,0,0.4388100067613252,0.0987673109115812
pred_bau05,pred_bau05,Roche pRED Bau 05,SN,Sanitär,PROC,Beschaffung / AVOR,20,28,497.0,20.0,17.75,20.0,50.0,716.0,397.0,5.0,2020-04-08,2022-03-24,0.2017353579175705,0.7187274041937817,3,0.10714285714285714,,7,0,0,0.33603786342123054,0.03783495736906212
pred_bau05,pred_bau05,Roche pRED Bau 05,SN,Sanitär,MEP,TGA-Installation,70,31,333.0,10.0,10.741935483870968,20.0,30.0,379.0,312.0,4.0,2021-04-01,2022-04-14,0.46059291395516994,0.7339117859725235,1,0.03225806451612903,,1,0,0,0.22515212981744423,0.43415906127770537
pred_bau05,pred_bau05,Roche pRED Bau 05,SPEC,Spezialmedien,PLAN,Planung,10,4,100.0,17.5,25.0,41.00000000000001,50.0,128.0,128.0,2.0,2020-07-14,2020-11-18,0.27187274041937814,0.36370209689081706,1,0.25,,1,0,0,0.6666666666666666,0.015218383807639629
pred_bau05,pred_bau05,Roche pRED Bau 05,SPEC,Spezialmedien,PROC,Beschaffung / AVOR,20,3,50.0,20.0,16.666666666666668,20.0,20.0,212.0,84.0,1.0,2020-06-30,2021-01-27,0.26174981923355023,0.41431670281995664,0,0.0,,1,0,0,0.3333333333333333,0.0038063337393422656
pred_bau05,pred_bau05,Roche pRED Bau 05,SPR,Sprinkler,PLAN,Planung,10,35,683.0,20.0,19.514285714285716,30.0,50.0,440.0,416.0,6.0,2020-03-27,2021-06-09,0.19305856832971802,0.5104844540853217,5,0.14285714285714285,,7,0,0,0.6306555863342567,0.10394156140617866
pred_bau05,pred_bau05,Roche pRED Bau 05,SPR,Sprinkler,PROC,Beschaffung / AVOR,20,19,400.0,20.0,21.05263157894737,30.0,30.0,538.0,354.0,4.0,2020-02-28,2021-08-18,0.17281272595806219,0.5610990600144613,2,0.10526315789473684,,7,0,0,0.36934441366574333,0.030450669914738125
pred_bau07,pred_bau07,Roche pRED Bau 07,EL,Elektro,PLAN,Planung,10,32,505.0,12.5,15.78125,25.0,50.0,448.0,382.0,5.0,2020-07-08,2021-09-28,0.2936763129689175,0.5332261521972133,7,0.21875,,10,0,0,0.1177705223880597,0.03556338028169014
pred_bau07,pred_bau07,Roche pRED Bau 07,EL,Elektro,PROC,Beschaffung / AVOR,20,133,3265.0,20.0,24.548872180451127,40.0,40.0,596.0,596.0,16.0,2020-06-10,2022-01-26,0.27867095391211144,0.597534833869239,15,0.11278195488721804,,10,0,0,0.7614272388059702,0.08240371510776841
pred_bau07,pred_bau07,Roche pRED Bau 07,EL,Elektro,MEP,TGA-Installation,70,36,518.0,10.0,14.38888888888889,40.0,42.0,992.0,384.0,5.0,2021-02-08,2023-10-27,0.40889603429796356,0.939978563772776,0,0.0,,6,0,0,0.12080223880597014,0.4765409383624655
pred_bau07,pred_bau07,Roche pRED Bau 07,ENV,Gebäudehülle,PLAN,Planung,10,2,50.0,25.0,25.0,29.0,30.0,70.0,70.0,1.0,2021-05-26,2021-08-03,0.4662379421221865,0.5032154340836013,0,0.0,,1,0,0,0.38461538461538464,0.0035211267605633804
pred_bau07,pred_bau07,Roche pRED Bau 07,ENV,Gebäudehülle,PROC,Beschaffung / AVOR,20,2,80.0,40.0,40.0,48.0,50.0,187.0,117.0,1.0,2021-04-09,2021-10-12,0.44105037513397644,0.5407288317256163,0,0.0,,1,0,0,0.6153846153846154,0.002019080308919287
pred_bau07,pred_bau07,Roche pRED Bau 07,EQUIP,Ausstattung,PLAN,Planung,10,72,1901.0,20.0,26.40277777777778,25.0,160.0,898.0,826.0,9.0,2019-08-05,2022-01-18,0.11254019292604502,0.5932475884244373,15,0.20833333333333334,,9,0,0,0.5330902972518228,0.13387323943661972
pred_bau07,pred_bau07,Roche pRED Bau 07,EQUIP,Ausstattung,PROC,Beschaffung / AVOR,20,44,1665.0,20.0,37.84090909090909,60.0,280.0,1517.0,802.0,9.0,2019-07-04,2023-08-28,0.09539121114683816,0.9078242229367631,9,0.20454545454545456,,13,0,0,0.4669097027481772,0.042022108929382664
pred_bau07,pred_bau07,Roche pRED Bau 07,HZ,Heizung,PLAN,Planung,10,102,1735.0,15.0,17.00980392156863,25.0,50.0,482.0,480.0,9.0,2020-07-17,2021-11-10,0.2984994640943194,0.5562700964630225,0,0.0,,12,0,0,0.4919194783101786,0.1221830985915493
pred_bau07,pred_bau07,Roche pRED Bau 07,HZ,Heizung,PROC,Beschaffung / AVOR,20,87,1792.0,20.0,20.597701149425287,40.0,40.0,581.0,562.0,12.0,2020-06-19,2022-01-20,0.2834941050375134,0.5943193997856377,23,0.26436781609195403,,12,0,0,0.5080805216898214,0.045227398919792036
pred_bau07,pred_bau07,Roche pRED Bau 07,INT,Ausbau,PLAN,Planung,10,170,4680.0,20.0,27.529411764705884,40.0,60.0,1233.0,1026.0,18.0,2020-07-10,2023-11-24,0.2947481243301179,0.954983922829582,116,0.6823529411764706,,27,0,0,0.09211147850732168,0.3295774647887324
pred_bau07,pred_bau07,Roche pRED Bau 07,INT,Ausbau,PROC,Beschaffung / AVOR,20,1106,20076.0,10.0,18.151898734177216,40.0,100.0,1457.0,1435.0,60.0,2020-02-21,2024-02-16,0.21972132904608788,1.0,87,0.07866184448462929,,27,6,0,0.3951346244685876,0.5066882035232951
pred_bau07,pred_bau07,Roche pRED Bau 07,INT,Ausbau,FITOUT,Ausbau,80,2630,25972.0,10.0,9.87528517110266,20.0,45.0,1597.0,831.0,104.0,2019-01-07,2023-05-22,0.0,0.8553054662379421,564,0.21444866920152092,,25,3,0,0.5111793418359314,1.0
pred_bau07,pred_bau07,Roche pRED Bau 07,INT,Ausbau,HANDOVER,Abnahme / Übergabe,100,1,80.0,80.0,80.0,80.0,80.0,110.0,110.0,1.0,2023-07-03,2023-10-20,0.8778135048231511,0.9362272240085745,1,1.0,,1,0,0,0.001574555188159345,0.5
pred_bau07,pred_bau07,Roche pRED Bau 07,KO,Konstruktion,PLAN,Planung,10,41,915.0,20.0,22.317073170731707,30.0,30.0,1235.0,571.0,8.0,2020-07-22,2023-12-08,0.3011789924973205,0.962486602357985,20,0.4878048780487805,,12,0,0,0.10336647085404428,0.06443661971830986
pred_bau07,pred_bau07,Roche pRED Bau 07,KO,Konstruktion,PROC,Beschaffung / AVOR,20,318,6843.0,10.0,21.5188679245283,50.0,160.0,1439.0,1342.0,22.0,2020-03-10,2024-02-16,0.22936763129689175,1.0,28,0.0880503144654088,,25,6,0,0.7730456394035247,0.17270708192418355
pred_bau07,pred_bau07,Roche pRED Bau 07,KO,Konstruktion,DEMO,Rückbau,30,5,45.0,10.0,9.0,13.8,15.0,372.0,57.0,2.0,2021-09-10,2022-09-16,0.5235798499464094,0.722400857449089,0,0.0,,2,0,0,0.00508359692724808,1.0
pred_bau07,pred_bau07,Roche pRED Bau 07,KO,Konstruktion,SHELL,Rohbau,50,63,889.0,10.0,14.11111111111111,20.0,60.0,1021.0,554.0,6.0,2020-11-11,2023-08-28,0.3612004287245445,0.9078242229367631,4,0.06349206349206349,,3,0,0,0.10042928151830095,1.0
pred_bau07,pred_bau07,Roche pRED Bau 07,KO,Konstruktion,COMM,Inbetriebnahme,90,8,80.0,10.0,10.0,10.0,10.0,198.0,68.0,3.0,2022-02-07,2022-08-23,0.6039657020364416,0.7095391211146839,0,0.0,,0,0,0,0.00903750564844103,1.0
pred_bau07,pred_bau07,Roche pRED Bau 07,KO,Konstruktion,HANDOVER,Abnahme / Übergabe,100,8,80.0,10.0,10.0,10.0,10.0,198.0,68.0,3.0,2022-02-21,2022-09-06,0.6114683815648446,0.7170418006430869,0,0.0,,0,0,0,0.00903750564844103,0.5
pred_bau07,pred_bau07,Roche pRED Bau 07,LF,Lüftung,PLAN,Planung,10,59,982.0,15.0,16.64406779661017,25.0,50.0,562.0,524.0,5.0,2020-05-04,2021-11-16,0.25884244372990356,0.5594855305466238,1,0.01694915254237288,,13,0,0,0.4201968335472828,0.06915492957746479
pred_bau07,pred_bau07,Roche pRED Bau 07,LF,Lüftung,PROC,Beschaffung / AVOR,20,56,1355.0,20.0,24.196428571428573,30.0,120.0,762.0,721.0,6.0,2020-04-17,2022-05-18,0.2497320471596999,0.657556270096463,10,0.17857142857142858,,13,0,0,0.5798031664527171,0.034198172732320425
pred_bau07,pred_bau07,Roche pRED Bau 07,OTH,Sonstige,PLAN,Planung,10,12,300.0,25.0,25.0,30.0,30.0,498.0,351.0,2.0,2021-01-05,2022-05-17,0.39067524115755625,0.6570203644158628,1,0.08333333333333333,,6,0,0,0.1733102253032929,0.02112676056338028
pred_bau07,pred_bau07,Roche pRED Bau 07,OTH,Sonstige,PROC,Beschaffung / AVOR,20,46,935.0,10.0,20.32608695652174,80.0,80.0,820.0,681.0,6.0,2020-11-06,2023-02-03,0.35852090032154343,0.797427652733119,0,0.0,,22,2,0,0.5401502021952629,0.02359800111049417
pred_bau07,pred_bau07,Roche pRED Bau 07,OTH,Sonstige,ENVELOPE,Hülle / Fassade,60,1,10.0,10.0,10.0,10.0,10.0,14.0,14.0,1.0,2022-03-29,2022-04-11,0.6307609860664523,0.6377277599142551,0,0.0,,0,0,0,0.005777007510109763,1.0
pred_bau07,pred_bau07,Roche pRED Bau 07,OTH,Sonstige,MEP,TGA-Installation,70,21,230.0,10.0,10.952380952380953,20.0,30.0,671.0,254.0,3.0,2020-11-11,2022-09-12,0.3612004287245445,0.7202572347266881,3,0.14285714285714285,,1,0,0,0.13287117273252455,0.21159153633854647
pred_bau07,pred_bau07,Roche pRED Bau 07,OTH,Sonstige,OTHER,Sonstiges,120,38,256.0,5.0,6.7368421052631575,10.0,30.0,911.0,227.0,3.0,2020-05-18,2022-11-14,0.26634512325830656,0.7540192926045016,7,0.18421052631578946,,2,0,0,0.14789139225880993,1.0
pred_bau07,pred_bau07,Roche pRED Bau 07,SEC,Sicherheit,PLAN,Planung,10,22,440.0,20.0,20.0,30.0,30.0,477.0,401.0,5.0,2020-12-09,2022-03-30,0.3762057877813505,0.6312968917470525,1,0.045454545454545456,,10,0,0,0.2765556253928347,0.030985915492957747
pred_bau07,pred_bau07,Roche pRED Bau 07,SEC,Sicherheit,PROC,Beschaffung / AVOR,20,33,1151.0,30.0,34.878787878787875,50.0,50.0,896.0,561.0,8.0,2020-10-28,2023-04-11,0.3536977491961415,0.8333333333333334,1,0.030303030303030304,,10,0,0,0.7234443746071653,0.029049517944576244
pred_bau07,pred_bau07,Roche pRED Bau 07,SN,Sanitär,PLAN,Planung,10,48,812.0,15.0,16.916666666666668,25.0,50.0,483.0,481.0,4.0,2020-07-17,2021-11-11,0.2984994640943194,0.5568060021436227,3,0.0625,,11,1,0,0.4701795020266358,0.0571830985915493
pred_bau07,pred_bau07,Roche pRED Bau 07,SN,Sanitär,PROC,Beschaffung / AVOR,20,51,915.0,20.0,17.941176470588236,20.0,20.0,596.0,590.0,6.0,2020-06-05,2022-01-21,0.2759914255091104,0.594855305466238,11,0.21568627450980393,,11,1,0,0.5298204979733642,0.02309323103326435
pred_bau07,pred_bau07,Roche pRED Bau 07,SPEC,Spezialmedien,PLAN,Planung,10,60,1013.0,15.0,16.883333333333333,20.500000000000007,50.0,484.0,482.0,6.0,2020-07-14,2021-11-09,0.29689174705251875,0.5557341907824223,8,0.13333333333333333,,11,0,0,0.5009891196834817,0.07133802816901408
pred_bau07,pred_bau07,Roche pRED Bau 07,SPEC,Spezialmedien,PROC,Beschaffung / AVOR,20,35,670.0,20.0,19.142857142857142,20.0,20.0,1187.0,543.0,4.0,2020-06-30,2023-09-29,0.28938906752411575,0.92497320471597,0,0.0,,13,0,0,0.3313550939663699,0.01690979758719903
pred_bau07,pred_bau07,Roche pRED Bau 07,SPEC,Spezialmedien,MEP,TGA-Installation,70,35,339.0,10.0,9.685714285714285,20.0,40.0,591.0,268.0,5.0,2021-08-25,2023-04-07,0.515005359056806,0.8311897106109325,6,0.17142857142857143,,3,1,0,0.16765578635014836,0.31186752529898804
pred_bau07,pred_bau07,Roche pRED Bau 07,SPR,Sprinkler,PLAN,Planung,10,51,867.0,15.0,17.0,25.0,50.0,481.0,479.0,4.0,2020-07-17,2021-11-09,0.2984994640943194,0.5557341907824223,0,0.0,,12,0,0,0.49770378874856486,0.06105633802816902
pred_bau07,pred_bau07,Roche pRED Bau 07,SPR,Sprinkler,PROC,Beschaffung / AVOR,20,54,875.0,20.0,16.203703703703702,20.0,20.0,960.0,558.0,6.0,2020-06-05,2023-01-20,0.2759914255091104,0.789924973204716,12,0.2222222222222222,,13,0,0,0.5022962112514351,0.022083690878804706
uh1,uh1,UH1 CS Master Schedule V6,EL,Elektro,PLAN,Planung,10,3,58.0,10.0,19.333333333333332,36.4,43.0,180.0,76.0,1.0,2022-10-31,2023-04-28,0.09101654846335698,0.16154452324665092,0,0.0,,0,0,1,0.01679212507237985,0.006904761904761905
uh1,uh1,UH1 CS Master Schedule V6,EL,Elektro,EARTH,Baugrube / Erdbau,40,4,8.0,2.0,2.0,2.0,2.0,634.0,8.0,1.0,2023-10-30,2025-07-24,0.23443656422379827,0.4838455476753349,0,0.0,,0,0,0,0.0023161551823972205,0.1702127659574468
uh1,uh1,UH1 CS Master Schedule V6,EL,Elektro,MEP,TGA-Installation,70,294,2604.0,10.0,8.857142857142858,10.0,10.0,1660.0,994.0,7.0,2024-05-09,2028-11-23,0.31008668242710796,0.9637509850275807,0,0.0,,9,7,4,0.7539085118702953,0.3907563025210084
uh1,uh1,UH1 CS Master Schedule V6,EL,Elektro,COMM,Inbetriebnahme,90,41,362.0,10.0,8.829268292682928,10.0,10.0,1311.0,266.0,3.0,2025-02-26,2028-09-28,0.425531914893617,0.9416863672182821,0,0.0,,8,7,0,0.10480602200347423,0.2
uh1,uh1,UH1 CS Master Schedule V6,EL,Elektro,HANDOVER,Abnahme / Übergabe,100,41,362.0,10.0,8.829268292682928,10.0,10.0,1324.0,266.0,3.0,2025-03-27,2028-11-09,0.4369582348305753,0.9582348305752562,0,0.0,,8,7,0,0.10480602200347423,0.23847167325428195
uh1,uh1,UH1 CS Master Schedule V6,EL,Elektro,OTHER,Sonstiges,120,1,60.0,60.0,60.0,60.0,60.0,92.0,92.0,1.0,2027-11-04,2028-02-03,0.8120567375886525,0.8479117415287628,0,0.0,,0,1,0,0.017371163867979156,0.011474469305794608
uh1,uh1,UH1 CS Master Schedule V6,ENV,Gebäudehülle,PLAN,Planung,10,14,245.0,12.5,17.5,33.50000000000001,45.0,222.0,216.0,4.0,2022-05-09,2022-12-16,0.02206461780929866,0.10914105594956659,0,0.0,,0,0,0,0.1068003487358326,0.029166666666666667
uh1,uh1,UH1 CS Master Schedule V6,ENV,Gebäudehülle,ENVELOPE,Hülle / Fassade,60,149,1989.0,10.0,13.348993288590604,30.0,30.0,1604.0,1234.0,6.0,2024-06-06,2028-10-26,0.3211189913317573,0.9527186761229315,0,0.0,,9,7,4,0.8670444638186574,0.7070742979025951
uh1,uh1,UH1 CS Master Schedule V6,ENV,Gebäudehülle,OTHER,Sonstiges,120,6,60.0,10.0,10.0,10.0,10.0,260.0,92.0,1.0,2027-12-16,2028-08-31,0.8286052009456265,0.9306540583136328,0,0.0,,3,1,2,0.026155187445510025,0.011474469305794608
uh1,uh1,UH1 CS Master Schedule V6,EQUIP,Ausstattung,PLAN,Planung,10,1,5.0,5.0,5.0,5.0,5.0,5.0,5.0,1.0,2022-09-26,2022-09-30,0.07722616233254531,0.07880220646178093,0,0.0,,0,0,0,0.0027624309392265192,0.0005952380952380953
uh1,uh1,UH1 CS Master Schedule V6,EQUIP,Ausstattung,EARTH,Baugrube / Erdbau,40,4,8.0,2.0,2.0,2.0,2.0,634.0,10.0,1.0,2023-10-24,2025-07-18,0.23207249802994484,0.48148148148148145,0,0.0,,0,0,0,0.004419889502762431,0.1702127659574468
uh1,uh1,UH1 CS Master Schedule V6,EQUIP,Ausstattung,FITOUT,Ausbau,80,116,1755.0,17.5,15.129310344827585,20.0,89.0,1628.0,801.0,11.0,2024-04-29,2028-10-12,0.3061465721040189,0.9472025216706068,0,0.0,,12,7,0,0.9696132596685083,0.17178935003915427
uh1,uh1,UH1 CS Master Schedule V6,EQUIP,Ausstattung,OTHER,Sonstiges,120,9,42.0,2.0,4.666666666666667,10.0,10.0,1364.0,58.0,1.0,2024-03-22,2027-12-15,0.2911741528762805,0.8282111899133175,0,0.0,,3,1,2,0.023204419889502764,0.008032128514056224
uh1,uh1,UH1 CS Master Schedule V6,HZ,Heizung,PLAN,Planung,10,1,5.0,5.0,5.0,5.0,5.0,5.0,5.0,1.0,2022-09-26,2022-09-30,0.07722616233254531,0.07880220646178093,0,0.0,,0,0,0,0.0034411562284927736,0.0005952380952380953
uh1,uh1,UH1 CS Master Schedule V6,HZ,Heizung,MEP,TGA-Installation,70,82,724.0,10.0,8.829268292682928,10.0,10.0,1393.0,566.0,3.0,2024-11-08,2028-08-31,0.3821907013396375,0.9306540583136328,0,0.0,,8,7,4,0.49827942188575364,0.10864345738295318
uh1,uh1,UH1 CS Master Schedule V6,HZ,Heizung,COMM,Inbetriebnahme,90,41,362.0,10.0,8.829268292682928,10.0,10.0,1311.0,266.0,3.0,2025-02-26,2028-09-28,0.425531914893617,0.9416863672182821,0,0.0,,8,7,0,0.24913971094287682,0.2
uh1,uh1,UH1 CS Master Schedule V6,HZ,Heizung,HANDOVER,Abnahme / Übergabe,100,41,362.0,10.0,8.829268292682928,10.0,10.0,1324.0,266.0,3.0,2025-03-27,2028-11-09,0.4369582348305753,0.9582348305752562,0,0.0,,8,7,0,0.24913971094287682,0.23847167325428195
uh1,uh1,UH1 CS Master Schedule V6,INT,Ausbau,PLAN,Planung,10,5,79.0,8.0,15.8,32.6,41.0,57.0,57.0,2.0,2022-08-05,2022-09-30,0.05673758865248227,0.07880220646178093,0,0.0,,0,0,0,0.008755402859359414,0.009404761904761905
uh1,uh1,UH1 CS Master Schedule V6,INT,Ausbau,MEP,TGA-Installation,70,3,30.0,10.0,10.0,10.0,10.0,56.0,42.0,1.0,2028-01-07,2028-03-02,0.8372734436564224,0.8589440504334122,0,0.0,,3,1,2,0.0033248365288706637,0.004501800720288115
uh1,uh1,UH1 CS Master Schedule V6,INT,Ausbau,FITOUT,Ausbau,80,851,8438.0,10.0,9.91539365452409,15.0,20.0,1780.0,1169.0,32.0,2023-11-29,2028-10-12,0.2462568951930654,0.9472025216706068,0,0.0,,12,7,4,0.935165687687022,0.8259592795614722
uh1,uh1,UH1 CS Master Schedule V6,INT,Ausbau,OTHER,Sonstiges,120,14,476.0,40.0,34.0,60.0,80.0,1487.0,457.0,3.0,2024-03-19,2028-04-13,0.2899921197793538,0.8754925137903862,0,0.0,,0,4,0,0.05275407292474787,0.09103078982597054
uh1,uh1,UH1 CS Master Schedule V6,KO,Konstruktion,PLAN,Planung,10,8,347.0,31.5,43.375,92.0,120.0,817.0,430.0,2.0,2022-05-12,2024-08-05,0.023246650906225373,0.34475965327029157,0,0.0,,0,0,1,0.06576952236542835,0.04130952380952381
uh1,uh1,UH1 CS Master Schedule V6,KO,Konstruktion,DEMO,Rückbau,30,178,1624.0,10.0,9.123595505617978,10.0,50.0,1926.0,584.0,12.0,2023-11-03,2029-02-09,0.2360126083530339,0.9944838455476753,0,0.0,,8,7,4,0.3078089461713419,0.9643705463182898
uh1,uh1,UH1 CS Master Schedule V6,KO,Konstruktion,SHELL,Rohbau,50,394,3125.0,10.0,7.931472081218274,10.0,20.0,1872.0,744.0,19.0,2023-11-29,2029-01-12,0.2462568951930654,0.983451536643026,0,0.0,,11,7,4,0.5923047763457164,0.9904912836767037
uh1,uh1,UH1 CS Master Schedule V6,KO,Konstruktion,MEP,TGA-Installation,70,8,8.0,1.0,1.0,1.0,1.0,1188.0,5.0,4.0,2024-10-24,2028-01-24,0.37628053585500393,0.8439716312056738,0,0.0,,5,4,0,0.001516300227445034,0.0012004801920768306
uh1,uh1,UH1 CS Master Schedule V6,KO,Konstruktion,OTHER,Sonstiges,120,13,172.0,8.0,13.23076923076923,15.0,60.0,1604.0,266.0,1.0,2023-10-26,2028-03-16,0.23286052009456265,0.8644602048857368,0,0.0,,0,1,0,0.032600454890068235,0.03289347867661121
uh1,uh1,UH1 CS Master Schedule V6,LF,Lüftung,EARTH,Baugrube / Erdbau,40,4,8.0,2.0,2.0,2.0,2.0,636.0,12.0,1.0,2023-11-01,2025-07-28,0.23522458628841608,0.4854215918045705,0,0.0,,0,0,0,0.005012531328320802,0.1702127659574468
uh1,uh1,UH1 CS Master Schedule V6,LF,Lüftung,MEP,TGA-Installation,70,90,804.0,10.0,8.933333333333334,10.0,10.0,1590.0,597.0,3.0,2024-04-25,2028-08-31,0.3045705279747833,0.9306540583136328,0,0.0,,8,7,4,0.5037593984962406,0.12064825930372149
uh1,uh1,UH1 CS Master Schedule V6,LF,Lüftung,COMM,Inbetriebnahme,90,44,392.0,10.0,8.909090909090908,10.0,10.0,1319.0,294.0,4.0,2025-03-18,2028-10-26,0.43341213553979513,0.9527186761229315,0,0.0,,8,7,0,0.24561403508771928,0.2165745856353591
uh1,uh1,UH1 CS Master Schedule V6,LF,Lüftung,HANDOVER,Abnahme / Übergabe,100,41,362.0,10.0,8.829268292682928,10.0,10.0,1324.0,266.0,3.0,2025-03-27,2028-11-09,0.4369582348305753,0.9582348305752562,0,0.0,,8,7,0,0.22681704260651628,0.23847167325428195
uh1,uh1,UH1 CS Master Schedule V6,LF,Lüftung,OTHER,Sonstiges,120,1,30.0,30.0,30.0,30.0,30.0,42.0,42.0,1.0,2025-09-12,2025-10-23,0.5035460992907801,0.5197005516154453,0,0.0,,0,1,0,0.018796992481203006,0.005737234652897304
uh1,uh1,UH1 CS Master Schedule V6,OTH,Sonstige,PLAN,Planung,10,210,7075.0,20.0,33.69047619047619,62.099999999999994,714.0,1884.0,1884.0,45.0,2022-03-15,2027-05-11,0.0003940110323089047,0.7423167848699763,0,0.0,,0,0,6,0.4699747575395244,0.8422619047619048
uh1,uh1,UH1 CS Master Schedule V6,OTH,Sonstige,PROC,Beschaffung / AVOR,20,28,1627.0,44.5,58.107142857142854,116.80000000000001,169.0,655.0,596.0,8.0,2022-11-25,2024-09-09,0.1008668242710796,0.35855003940110325,0,0.0,,0,0,5,0.10807758735219875,1.0
uh1,uh1,UH1 CS Master Schedule V6,OTH,Sonstige,SHELL,Rohbau,50,3,30.0,10.0,10.0,10.0,10.0,56.0,42.0,1.0,2028-01-07,2028-03-02,0.8372734436564224,0.8589440504334122,0,0.0,,3,1,2,0.0019928258270227183,0.009508716323296355
uh1,uh1,UH1 CS Master Schedule V6,OTH,Sonstige,ENVELOPE,Hülle / Fassade,60,82,824.0,10.0,10.048780487804878,10.0,30.0,1540.0,682.0,3.0,2024-09-20,2028-12-07,0.3628841607565012,0.9692671394799054,0,0.0,,8,6,4,0.054736282715557326,0.2929257020974049
uh1,uh1,UH1 CS Master Schedule V6,OTH,Sonstige,MEP,TGA-Installation,70,10,100.0,10.0,10.0,10.0,10.0,1534.0,140.0,1.0,2024-05-09,2028-07-20,0.31008668242710796,0.9141055949566588,0,0.0,,3,1,2,0.0066427527567423945,0.015006002400960384
uh1,uh1,UH1 CS Master Schedule V6,OTH,Sonstige,FITOUT,Ausbau,80,1,23.0,23.0,23.0,23.0,23.0,31.0,31.0,1.0,2024-01-02,2024-02-01,0.25965327029156815,0.2714736012608353,0,0.0,,0,0,1,0.0015278331340507507,0.0022513703993735316
uh1,uh1,UH1 CS Master Schedule V6,OTH,Sonstige,COMM,Inbetriebnahme,90,38,332.0,10.0,8.736842105263158,10.0,10.0,1316.0,268.0,3.0,2025-03-07,2028-10-12,0.42907801418439717,0.9472025216706068,0,0.0,,8,6,0,0.02205393915238475,0.18342541436464088
uh1,uh1,UH1 CS Master Schedule V6,OTH,Sonstige,HANDOVER,Abnahme / Übergabe,100,1,10.0,10.0,10.0,10.0,10.0,14.0,14.0,1.0,2028-12-08,2028-12-21,0.9696611505122144,0.9747832939322301,0,0.0,,0,1,0,0.0006642752756742394,0.006587615283267457
uh1,uh1,UH1 CS Master Schedule V6,OTH,Sonstige,MOVE,Umzug,110,36,714.0,20.0,19.833333333333332,40.0,40.0,1390.0,356.0,9.0,2025-05-06,2029-02-23,0.45271867612293143,1.0,0,0.0,,5,7,3,0.047429254683140694,1.0
uh1,uh1,UH1 CS Master Schedule V6,OTH,Sonstige,OTHER,Sonstiges,120,184,4319.0,10.0,23.472826086956523,60.0,200.0,2461.0,1669.0,15.0,2022-03-14,2028-12-07,0.0,0.9692671394799054,0,0.0,,11,7,2,0.286900491563704,0.8259705488621151
uh1,uh1,UH1 CS Master Schedule V6,SEC,Sicherheit,PLAN,Planung,10,15,380.0,10.0,25.333333333333332,61.99999999999999,84.0,319.0,275.0,4.0,2022-04-18,2023-03-02,0.013790386130811664,0.13908589440504335,0,0.0,,0,0,0,0.24265644955300128,0.04523809523809524
uh1,uh1,UH1 CS Master Schedule V6,SEC,Sicherheit,DEMO,Rückbau,30,6,60.0,10.0,10.0,10.0,10.0,1274.0,56.0,2.0,2025-06-27,2028-12-21,0.4732072498029945,0.9747832939322301,0,0.0,,0,6,0,0.038314176245210725,0.035629453681710214
uh1,uh1,UH1 CS Master Schedule V6,SEC,Sicherheit,MEP,TGA-Installation,70,117,1026.0,10.0,8.76923076923077,10.0,10.0,1493.0,773.0,4.0,2024-09-11,2028-10-12,0.35933806146572106,0.9472025216706068,0,0.0,,8,7,4,0.6551724137931034,0.15396158463385354
uh1,uh1,UH1 CS Master Schedule V6,SEC,Sicherheit,HANDOVER,Abnahme / Übergabe,100,6,60.0,10.0,10.0,10.0,10.0,1274.0,56.0,2.0,2025-06-27,2028-12-21,0.4732072498029945,0.9747832939322301,0,0.0,,0,6,0,0.038314176245210725,0.039525691699604744
uh1,uh1,UH1 CS Master Schedule V6,SEC,Sicherheit,OTHER,Sonstiges,120,4,40.0,10.0,10.0,10.0,10.0,190.0,64.0,1.0,2028-07-07,2029-01-12,0.9089834515366431,0.983451536643026,0,0.0,,3,1,0,0.02554278416347382,0.007649646203863071
uh1,uh1,UH1 CS Master Schedule V6,SITE,Umgebung,PLAN,Planung,10,15,139.0,5.0,9.266666666666667,24.999999999999993,35.0,131.0,90.0,5.0,2022-07-11,2022-11-18,0.04688731284475965,0.09810874704491726,0,0.0,,0,0,0,0.9025974025974026,0.016547619047619047
uh1,uh1,UH1 CS Master Schedule V6,SITE,Umgebung,EARTH,Baugrube / Erdbau,40,2,15.0,7.5,7.5,9.5,10.0,66.0,19.0,1.0,2024-04-29,2024-07-03,0.3061465721040189,0.3317572892040977,0,0.0,,0,0,0,0.09740259740259741,0.3191489361702128
uh1,uh1,UH1 CS Master Schedule V6,SN,Sanitär,PLAN,Planung,10,2,67.0,33.5,33.5,59.5,66.0,410.0,93.0,1.0,2022-06-17,2023-07-31,0.03743104806934594,0.19858156028368795,0,0.0,,0,0,1,0.0340620233858668,0.007976190476190477
uh1,uh1,UH1 CS Master Schedule V6,SN,Sanitär,EARTH,Baugrube / Erdbau,40,4,8.0,2.0,2.0,2.0,2.0,636.0,8.0,1.0,2023-10-26,2025-07-22,0.23286052009456265,0.4830575256107171,0,0.0,,0,0,0,0.004067107269954245,0.1702127659574468
uh1,uh1,UH1 CS Master Schedule V6,SN,Sanitär,MEP,TGA-Installation,70,129,1138.0,10.0,8.821705426356589,10.0,10.0,1750.0,714.0,5.0,2023-11-17,2028-08-31,0.24152876280535854,0.9306540583136328,0,0.0,,8,7,4,0.5785460091509913,0.17076830732292916
uh1,uh1,UH1 CS Master Schedule V6,SN,Sanitär,COMM,Inbetriebnahme,90,41,362.0,10.0,8.829268292682928,10.0,10.0,1311.0,266.0,3.0,2025-02-26,2028-09-28,0.425531914893617,0.9416863672182821,0,0.0,,8,7,0,0.1840366039654296,0.2
uh1,uh1,UH1 CS Master Schedule V6,SN,Sanitär,HANDOVER,Abnahme / Übergabe,100,41,362.0,10.0,8.829268292682928,10.0,10.0,1324.0,266.0,3.0,2025-03-27,2028-11-09,0.4369582348305753,0.9582348305752562,0,0.0,,8,7,0,0.1840366039654296,0.23847167325428195
uh1,uh1,UH1 CS Master Schedule V6,SN,Sanitär,OTHER,Sonstiges,120,3,30.0,10.0,10.0,10.0,10.0,56.0,42.0,1.0,2028-03-03,2028-04-27,0.859338061465721,0.8810086682427108,0,0.0,,3,1,0,0.015251652262328419,0.005737234652897304
uh1,uh1,UH1 CS Master Schedule V6,SPR,Sprinkler,MEP,TGA-Installation,70,4,40.0,10.0,10.0,10.0,10.0,649.0,56.0,1.0,2024-04-25,2026-02-02,0.3045705279747833,0.5598896769109535,0,0.0,,0,0,0,1.0,0.006002400960384154
uh1,uh1,UH1 CS Master Schedule V6,TRANS,Transport,MEP,TGA-Installation,70,6,190.0,40.0,31.666666666666668,40.0,40.0,1225.0,154.0,2.0,2024-06-13,2027-10-20,0.32387706855791965,0.806146572104019,0,0.0,,0,5,0,1.0,0.02851140456182473
usb,usb,USB NBK2 Basel,AUTO,Automation,COMM,Inbetriebnahme,90,172,2684.0,10.0,15.604651162790697,30.0,40.0,1183.0,1078.0,12.0,2027-02-02,2030-04-29,0.07688053097345132,0.730641592920354,0,0.0,,20,0,0,0.8817345597897503,0.13297661514070552
usb,usb,USB NBK2 Basel,AUTO,Automation,HANDOVER,Abnahme / Übergabe,100,18,360.0,20.0,20.0,20.0,20.0,400.0,255.0,5.0,2029-04-24,2030-05-28,0.525995575221239,0.7466814159292036,0,0.0,,18,0,0,0.11826544021024968,0.10810810810810811
usb,usb,USB NBK2 Basel,EL,Elektro,MEP,TGA-Installation,70,442,3311.0,7.0,7.490950226244344,15.0,30.0,1093.0,889.0,16.0,2026-09-17,2029-09-13,0.0005530973451327434,0.6045353982300885,0,0.0,,20,0,0,0.5391630027682788,0.29826141789028016
usb,usb,USB NBK2 Basel,EL,Elektro,COMM,Inbetriebnahme,90,88,2440.0,25.0,27.727272727272727,40.0,40.0,1271.0,742.0,10.0,2027-04-27,2030-10-18,0.12334070796460177,0.8257743362831859,0,0.0,,19,0,0,0.39732942517505293,0.12088783194609591
usb,usb,USB NBK2 Basel,EL,Elektro,HANDOVER,Abnahme / Übergabe,100,19,390.0,20.0,20.526315789473685,20.0,30.0,519.0,211.0,9.0,2028-11-09,2030-04-11,0.43418141592920356,0.7206858407079646,0,0.0,,19,0,0,0.0635075720566683,0.11711711711711711
usb,usb,USB NBK2 Basel,ENV,Gebäudehülle,ENVELOPE,Hülle / Fassade,60,15,53.0,1.0,3.533333333333333,12.399999999999993,20.0,412.0,67.0,2.0,2027-06-23,2028-08-07,0.15486725663716813,0.3821902654867257,0,0.0,,14,0,0,1.0,1.0
usb,usb,USB NBK2 Basel,EQUIP,Ausstattung,FITOUT,Ausbau,80,92,1905.0,20.0,20.706521739130434,20.0,120.0,964.0,720.0,11.0,2026-11-26,2029-07-16,0.03926991150442478,0.5719026548672567,0,0.0,,16,0,0,0.6318407960199005,0.1952044266830618
usb,usb,USB NBK2 Basel,EQUIP,Ausstattung,COMM,Inbetriebnahme,90,60,1110.0,20.0,18.5,20.0,40.0,608.0,412.0,9.0,2028-09-14,2030-05-14,0.4032079646017699,0.7389380530973452,0,0.0,,15,0,0,0.3681592039800995,0.054994054696789536
usb,usb,USB NBK2 Basel,GAS,Gas,MEP,TGA-Installation,70,16,380.0,20.0,23.75,35.0,50.0,593.0,456.0,2.0,2027-02-08,2028-09-22,0.08019911504424779,0.40763274336283184,0,0.0,,16,0,0,0.8260869565217391,0.0342311503468156
usb,usb,USB NBK2 Basel,GAS,Gas,COMM,Inbetriebnahme,90,5,60.0,10.0,12.0,16.0,20.0,401.0,85.0,1.0,2028-06-07,2029-07-12,0.34845132743362833,0.5696902654867256,0,0.0,,1,0,0,0.13043478260869565,0.002972651605231867
usb,usb,USB NBK2 Basel,GAS,Gas,HANDOVER,Abnahme / Übergabe,100,1,20.0,20.0,20.0,20.0,20.0,29.0,29.0,1.0,2029-07-13,2029-08-10,0.5702433628318584,0.5857300884955752,0,0.0,,1,0,0,0.043478260869565216,0.006006006006006006
usb,usb,USB NBK2 Basel,HZ,Heizung,MEP,TGA-Installation,70,166,2171.0,10.0,13.078313253012048,20.0,50.0,1046.0,885.0,10.0,2026-10-06,2029-08-16,0.011061946902654867,0.5890486725663717,0,0.0,,20,0,0,0.47495077663530955,0.19556796684983335
usb,usb,USB NBK2 Basel,HZ,Heizung,COMM,Inbetriebnahme,90,69,2080.0,30.0,30.144927536231883,40.0,40.0,721.0,566.0,14.0,2028-06-07,2030-05-28,0.34845132743362833,0.7466814159292036,0,0.0,,17,0,0,0.4550426602493984,0.10305192231470471
usb,usb,USB NBK2 Basel,HZ,Heizung,HANDOVER,Abnahme / Übergabe,100,16,320.0,20.0,20.0,20.0,20.0,407.0,206.0,8.0,2029-05-17,2030-06-27,0.5387168141592921,0.7632743362831859,0,0.0,,15,0,0,0.07000656311529206,0.0960960960960961
usb,usb,USB NBK2 Basel,INT,Ausbau,FITOUT,Ausbau,80,654,7121.0,10.0,10.888379204892967,20.0,80.0,1080.0,1027.0,24.0,2026-09-16,2029-08-30,0.0,0.5967920353982301,0,0.0,,20,0,0,0.7518741421180446,0.7296854185879701
usb,usb,USB NBK2 Basel,INT,Ausbau,COMM,Inbetriebnahme,90,51,1970.0,50.0,38.627450980392155,60.0,60.0,439.0,439.0,15.0,2029-03-16,2030-05-28,0.504424778761062,0.7466814159292036,0,0.0,,17,0,0,0.20800337873508606,0.09760206103844629
usb,usb,USB NBK2 Basel,INT,Ausbau,HANDOVER,Abnahme / Übergabe,100,18,380.0,20.0,21.11111111111111,20.0,40.0,530.0,295.0,5.0,2029-09-10,2031-02-21,0.6028761061946902,0.8954646017699115,0,0.0,,17,0,0,0.040122479146869394,0.11411411411411411
usb,usb,USB NBK2 Basel,KO,Konstruktion,SHELL,Rohbau,50,95,672.0,3.0,7.073684210526316,20.0,50.0,722.0,491.0,6.0,2026-09-21,2028-09-11,0.0027654867256637168,0.40154867256637167,0,0.0,,7,0,0,1.0,1.0
usb,usb,USB NBK2 Basel,KT,Kälte,MEP,TGA-Installation,70,2,12.0,6.0,6.0,9.2,10.0,365.0,16.0,1.0,2027-01-28,2028-01-27,0.07411504424778761,0.2754424778761062,0,0.0,,2,0,0,1.0,0.001080983695162598
usb,usb,USB NBK2 Basel,LF,Lüftung,MEP,TGA-Installation,70,117,1670.0,10.0,14.273504273504274,30.0,50.0,1033.0,829.0,8.0,2026-10-19,2029-08-16,0.01825221238938053,0.5890486725663717,0,0.0,,20,0,0,0.23259052924791088,0.15043689757679488
usb,usb,USB NBK2 Basel,LF,Lüftung,COMM,Inbetriebnahme,90,186,4850.0,20.0,26.0752688172043,40.0,60.0,751.0,708.0,27.0,2028-06-07,2030-06-27,0.34845132743362833,0.7632743362831859,0,0.0,,19,0,0,0.6754874651810585,0.2402893380895759
usb,usb,USB NBK2 Basel,LF,Lüftung,HANDOVER,Abnahme / Übergabe,100,37,660.0,20.0,17.83783783783784,20.0,20.0,377.0,314.0,19.0,2029-05-17,2030-05-28,0.5387168141592921,0.7466814159292036,0,0.0,,19,0,0,0.09192200557103064,0.1981981981981982
usb,usb,USB NBK2 Basel,OTH,Sonstige,FITOUT,Ausbau,80,158,733.0,2.0,4.639240506329114,5.0,172.0,935.0,490.0,5.0,2027-01-29,2029-08-20,0.07466814159292036,0.5912610619469026,0,0.0,,20,0,0,0.589702333065165,0.07511015472896813
usb,usb,USB NBK2 Basel,OTH,Sonstige,COMM,Inbetriebnahme,90,2,80.0,40.0,40.0,40.0,40.0,141.0,111.0,1.0,2030-07-26,2030-12-13,0.7793141592920354,0.8567477876106194,0,0.0,,0,0,0,0.06436041834271923,0.003963535473642489
usb,usb,USB NBK2 Basel,OTH,Sonstige,HANDOVER,Abnahme / Übergabe,100,34,310.0,10.0,9.117647058823529,10.0,50.0,1277.0,368.0,4.0,2027-09-15,2031-03-14,0.2013274336283186,0.9070796460176991,0,0.0,,16,0,0,0.249396621078037,0.09309309309309309
usb,usb,USB NBK2 Basel,OTH,Sonstige,MOVE,Umzug,110,1,120.0,120.0,120.0,120.0,120.0,166.0,166.0,1.0,2031-03-17,2031-08-29,0.9087389380530974,1.0,0,0.0,,0,0,0,0.09654062751407884,1.0
usb,usb,USB NBK2 Basel,SEC,Sicherheit,MEP,TGA-Installation,70,21,230.0,10.0,10.952380952380953,10.0,20.0,561.0,259.0,3.0,2027-04-09,2028-10-20,0.11338495575221239,0.4231194690265487,0,0.0,,16,0,0,1.0,0.02071885415728313
usb,usb,USB NBK2 Basel,SN,Sanitär,MEP,TGA-Installation,70,138,1749.0,10.0,12.673913043478262,20.0,50.0,1047.0,820.0,10.0,2026-10-05,2029-08-16,0.010508849557522125,0.5890486725663717,0,0.0,,20,0,1,0.30422682205600976,0.15755337356994864
usb,usb,USB NBK2 Basel,SN,Sanitär,COMM,Inbetriebnahme,90,165,3510.0,20.0,21.272727272727273,40.0,40.0,737.0,636.0,25.0,2028-06-07,2030-06-13,0.34845132743362833,0.7555309734513275,0,0.0,,17,0,0,0.6105409636458514,0.17390011890606422
usb,usb,USB NBK2 Basel,SN,Sanitär,HANDOVER,Abnahme / Übergabe,100,33,490.0,10.0,14.848484848484848,20.0,20.0,497.0,201.0,8.0,2029-02-16,2030-06-27,0.4889380530973451,0.7632743362831859,0,0.0,,17,0,0,0.0852322142981388,0.14714714714714713
usb,usb,USB NBK2 Basel,SPEC,Spezialmedien,MEP,TGA-Installation,70,1,5.0,5.0,5.0,5.0,5.0,5.0,5.0,1.0,2028-06-26,2028-06-30,0.35896017699115046,0.36117256637168144,0,0.0,,1,0,0,0.04,0.0004504098729844158
usb,usb,USB NBK2 Basel,SPEC,Spezialmedien,COMM,Inbetriebnahme,90,1,120.0,120.0,120.0,120.0,120.0,166.0,166.0,1.0,2031-03-17,2031-08-29,0.9087389380530974,1.0,0,0.0,,0,0,0,0.96,0.005945303210463734
usb,usb,USB NBK2 Basel,SPR,Sprinkler,MEP,TGA-Installation,70,69,1101.0,14.0,15.956521739130435,30.0,50.0,880.0,682.0,7.0,2026-10-26,2029-03-23,0.022123893805309734,0.5082964601769911,0,0.0,,20,0,0,0.4200686760778329,0.09918025403116837
usb,usb,USB NBK2 Basel,SPR,Sprinkler,COMM,Inbetriebnahme,90,76,1140.0,15.0,15.0,20.0,20.0,660.0,355.0,11.0,2028-06-07,2030-03-28,0.34845132743362833,0.7129424778761062,0,0.0,,19,0,0,0.43494849294162535,0.05648038049940547
usb,usb,USB NBK2 Basel,SPR,Sprinkler,HANDOVER,Abnahme / Übergabe,100,19,380.0,20.0,20.0,20.0,20.0,438.0,147.0,10.0,2029-02-16,2030-04-29,0.4889380530973451,0.730641592920354,0,0.0,,19,0,0,0.14498283098054177,0.11411411411411411
usb,usb,USB NBK2 Basel,TRANS,Transport,MEP,TGA-Installation,70,28,472.0,20.0,16.857142857142858,20.0,50.0,677.0,481.0,4.0,2026-11-16,2028-09-22,0.03373893805309734,0.40763274336283184,0,0.0,,19,0,0,0.7468354430379747,0.04251869200972885
usb,usb,USB NBK2 Basel,TRANS,Transport,COMM,Inbetriebnahme,90,8,140.0,20.0,17.5,20.0,20.0,689.0,196.0,1.0,2028-01-04,2029-11-22,0.2627212389380531,0.6432522123893806,0,0.0,,2,0,0,0.22151898734177214,0.006936187078874356
usb,usb,USB NBK2 Basel,TRANS,Transport,HANDOVER,Abnahme / Übergabe,100,1,20.0,20.0,20.0,20.0,20.0,28.0,28.0,1.0,2029-11-23,2029-12-20,0.6438053097345132,0.6587389380530974,0,0.0,,1,0,0,0.03164556962025317,0.006006006006006006
