schedule_id,project,schedule_label,gewerk,gewerk_name,montage,montage_name,tasks,task_days,median_task_days,mean_task_days,p90_task_days,max_task_days,span_days,active_days,peak_concurrency,first_start,last_finish,start_position,finish_position,critical_tasks,critical_share,person_days,floors,zones,contractors,stage_share_of_gewerk,montage_order
baeretower,baeretower,Zentrum Bären / BäreTower,EL,Elektro,GROB,Grobmontage,1,15.0,15.0,15.0,15.0,15.0,19.0,19.0,1.0,2020-10-12,2020-10-30,0.4623921085080148,0.4845869297163995,0,0.0,,0,0,0,0.06465517241379311,10
baeretower,baeretower,Zentrum Bären / BäreTower,EL,Elektro,FEIN,Feinmontage,32,192.0,5.0,6.0,10.400000000000013,15.0,344.0,164.0,4.0,2021-01-08,2021-12-17,0.5709001233045623,0.9938347718865598,0,0.0,560.0,28,0,0,0.8275862068965517,20
baeretower,baeretower,Zentrum Bären / BäreTower,EL,Elektro,END,Endmontage,5,25.0,5.0,5.0,5.0,5.0,92.0,30.0,2.0,2021-05-20,2021-08-19,0.7336621454993835,0.8458692971639951,0,0.0,,2,0,0,0.10775862068965517,30
baeretower,baeretower,Zentrum Bären / BäreTower,ENV,Gebäudehülle,GROB,Grobmontage,5,22.0,3.0,4.4,8.0,10.0,481.0,28.0,1.0,2020-05-18,2021-09-10,0.281134401972873,0.872996300863132,0,0.0,,0,0,0,0.016541353383458645,10
baeretower,baeretower,Zentrum Bären / BäreTower,ENV,Gebäudehülle,END,Endmontage,169,1308.0,3.0,7.739644970414201,18.0,75.0,583.0,503.0,10.0,2020-03-31,2021-11-03,0.2219482120838471,0.9395807644882861,0,0.0,7326.0,35,0,0,0.9834586466165414,30
baeretower,baeretower,Zentrum Bären / BäreTower,EQUIP,Ausstattung,END,Endmontage,87,261.0,2.0,3.0,5.0,5.0,398.0,220.0,6.0,2020-11-18,2021-12-20,0.5080147965474723,0.9975339087546239,0,0.0,1247.0,28,0,0,1.0,30
baeretower,baeretower,Zentrum Bären / BäreTower,HZ,Heizung,FEIN,Feinmontage,1,1.0,1.0,1.0,1.0,1.0,1.0,1.0,1.0,2020-10-13,2020-10-13,0.4636251541307028,0.4636251541307028,0,0.0,2.0,1,0,0,1.0,20
baeretower,baeretower,Zentrum Bären / BäreTower,INT,Ausbau,GROB,Grobmontage,4,170.0,33.5,42.5,86.60000000000001,98.0,149.0,149.0,3.0,2020-11-09,2021-04-06,0.4969173859432799,0.6794081381011098,0,0.0,,3,0,0,0.12620638455827765,10
baeretower,baeretower,Zentrum Bären / BäreTower,INT,Ausbau,END,Endmontage,299,1177.0,2.0,3.9364548494983276,6.0,80.0,564.0,513.0,12.0,2020-06-02,2021-12-17,0.2996300863131936,0.9938347718865598,0,0.0,5692.0,31,0,0,0.8737936154417223,30
baeretower,baeretower,Zentrum Bären / BäreTower,KO,Konstruktion,GROB,Grobmontage,8,65.0,5.0,8.125,17.7,24.0,399.0,79.0,3.0,2020-05-05,2021-06-07,0.2651048088779285,0.7558569667077681,0,0.0,,0,0,0,1.0,10
baeretower,baeretower,Zentrum Bären / BäreTower,LF,Lüftung,FEIN,Feinmontage,2,10.0,5.0,5.0,5.0,5.0,30.0,14.0,1.0,2021-03-17,2021-04-15,0.654747225647349,0.6905055487053021,0,0.0,,0,0,0,1.0,20
baeretower,baeretower,Zentrum Bären / BäreTower,OTH,Sonstige,END,Endmontage,37,129.0,3.0,3.4864864864864864,5.199999999999996,10.0,365.0,122.0,3.0,2020-12-23,2021-12-22,0.5511713933415536,1.0,0,0.0,435.0,31,0,0,1.0,30
baeretower,baeretower,Zentrum Bären / BäreTower,SITE,Umgebung,GROB,Grobmontage,39,586.0,6.0,15.025641025641026,39.200000000000145,80.0,541.0,296.0,6.0,2020-04-28,2021-10-20,0.2564734895191122,0.9223181257706535,0,0.0,100.0,1,0,0,0.9750415973377704,10
baeretower,baeretower,Zentrum Bären / BäreTower,SITE,Umgebung,FEIN,Feinmontage,1,15.0,15.0,15.0,15.0,15.0,21.0,21.0,1.0,2020-09-22,2020-10-12,0.43773119605425403,0.4623921085080148,0,0.0,,0,0,0,0.024958402662229616,20
baeretower,baeretower,Zentrum Bären / BäreTower,SN,Sanitär,GROB,Grobmontage,7,193.0,15.0,27.571428571428573,68.0,80.0,400.0,248.0,3.0,2020-06-23,2021-07-27,0.32552404438964244,0.8175092478421702,0,0.0,,3,0,0,0.18451242829827916,10
baeretower,baeretower,Zentrum Bären / BäreTower,SN,Sanitär,FEIN,Feinmontage,188,853.0,5.0,4.537234042553192,10.0,10.0,442.0,353.0,10.0,2020-10-05,2021-12-20,0.45376078914919854,0.9975339087546239,0,0.0,2566.0,30,0,0,0.8154875717017208,20
baeretower,baeretower,Zentrum Bären / BäreTower,SPR,Sprinkler,FEIN,Feinmontage,2,4.0,2.0,2.0,2.0,2.0,23.0,4.0,1.0,2021-03-31,2021-04-22,0.6720098643649816,0.6991368680641183,0,0.0,,0,0,0,1.0,20
baeretower,baeretower,Zentrum Bären / BäreTower,TRANS,Transport,GROB,Grobmontage,1,2.0,2.0,2.0,2.0,2.0,2.0,2.0,1.0,2021-11-30,2021-12-01,0.9728729963008631,0.9741060419235512,0,0.0,,0,0,0,0.005208333333333333,10
baeretower,baeretower,Zentrum Bären / BäreTower,TRANS,Transport,FEIN,Feinmontage,13,382.0,20.0,29.384615384615383,50.0,85.0,749.0,286.0,3.0,2019-10-03,2021-10-20,0.0,0.9223181257706535,0,0.0,60.0,1,0,0,0.9947916666666666,20
burckhardt,burckhardt,Burckhardt Laborgebäude,EL,Elektro,GROB,Grobmontage,23,135.0,5.0,5.869565217391305,5.0,25.0,334.0,93.0,2.0,2025-11-17,2026-10-16,0.3967914438502674,0.7529411764705882,0,0.0,,11,1,1,0.0782608695652174,10
burckhardt,burckhardt,Burckhardt Laborgebäude,EL,Elektro,FEIN,Feinmontage,63,1365.0,20.0,21.666666666666668,35.0,60.0,404.0,402.0,10.0,2026-01-12,2027-02-19,0.4566844919786096,0.8877005347593583,0,0.0,,11,4,3,0.7913043478260869,20
burckhardt,burckhardt,Burckhardt Laborgebäude,EL,Elektro,END,Endmontage,21,225.0,10.0,10.714285714285714,15.0,15.0,229.0,220.0,4.0,2026-10-19,2027-06-04,0.7561497326203208,1.0,0,0.0,,11,2,1,0.13043478260869565,30
burckhardt,burckhardt,Burckhardt Laborgebäude,ENV,Gebäudehülle,GROB,Grobmontage,24,279.0,10.0,11.625,15.0,25.0,488.0,292.0,3.0,2025-05-05,2026-09-04,0.18716577540106952,0.7080213903743315,0,0.0,,7,0,2,0.375,10
burckhardt,burckhardt,Burckhardt Laborgebäude,ENV,Gebäudehülle,END,Endmontage,30,465.0,15.0,15.5,20.0,60.0,593.0,347.0,4.0,2025-07-07,2027-02-19,0.2545454545454545,0.8877005347593583,0,0.0,,6,3,4,0.625,30
burckhardt,burckhardt,Burckhardt Laborgebäude,EQUIP,Ausstattung,GROB,Grobmontage,1,20.0,20.0,20.0,20.0,20.0,26.0,26.0,1.0,2024-11-11,2024-12-06,0.0,0.026737967914438502,0,0.0,,0,0,1,0.03361344537815126,10
burckhardt,burckhardt,Burckhardt Laborgebäude,EQUIP,Ausstattung,END,Endmontage,58,575.0,5.0,9.913793103448276,20.0,20.0,474.0,411.0,7.0,2026-02-09,2027-05-28,0.48663101604278075,0.9925133689839573,0,0.0,,10,2,8,0.9663865546218487,30
burckhardt,burckhardt,Burckhardt Laborgebäude,HZ,Heizung,GROB,Grobmontage,20,100.0,5.0,5.0,5.0,5.0,96.0,60.0,2.0,2025-11-17,2026-02-20,0.3967914438502674,0.4983957219251337,0,0.0,,11,1,2,0.11834319526627218,10
burckhardt,burckhardt,Burckhardt Laborgebäude,HZ,Heizung,FEIN,Feinmontage,44,670.0,15.0,15.227272727272727,20.0,30.0,327.0,321.0,7.0,2026-01-26,2026-12-18,0.4716577540106952,0.8203208556149733,0,0.0,,11,3,1,0.7928994082840237,20
burckhardt,burckhardt,Burckhardt Laborgebäude,HZ,Heizung,END,Endmontage,11,75.0,5.0,6.818181818181818,15.0,15.0,208.0,73.0,2.0,2026-11-02,2027-05-28,0.7711229946524064,0.9925133689839573,0,0.0,,11,2,1,0.08875739644970414,30
burckhardt,burckhardt,Burckhardt Laborgebäude,INT,Ausbau,GROB,Grobmontage,21,230.0,5.0,10.952380952380953,20.0,30.0,502.0,253.0,3.0,2024-12-09,2026-04-24,0.029946524064171122,0.5657754010695187,0,0.0,,11,0,1,0.1329479768786127,10
burckhardt,burckhardt,Burckhardt Laborgebäude,INT,Ausbau,END,Endmontage,187,1500.0,10.0,8.02139037433155,10.0,15.0,558.0,541.0,10.0,2025-11-10,2027-05-21,0.3893048128342246,0.9850267379679144,0,0.0,,11,5,9,0.8670520231213873,30
burckhardt,burckhardt,Burckhardt Laborgebäude,KO,Konstruktion,GROB,Grobmontage,77,1069.0,15.0,13.883116883116884,20.0,45.0,848.0,522.0,7.0,2024-12-09,2027-04-05,0.029946524064171122,0.9358288770053476,0,0.0,,11,2,3,1.0,10
burckhardt,burckhardt,Burckhardt Laborgebäude,KT,Kälte,GROB,Grobmontage,1,10.0,10.0,10.0,10.0,10.0,12.0,12.0,1.0,2025-12-08,2025-12-19,0.4192513368983957,0.4310160427807487,0,0.0,,0,1,1,0.05405405405405406,10
burckhardt,burckhardt,Burckhardt Laborgebäude,KT,Kälte,FEIN,Feinmontage,16,155.0,10.0,9.6875,12.5,20.0,341.0,168.0,2.0,2026-06-08,2027-05-14,0.613903743315508,0.9775401069518717,0,0.0,,11,3,3,0.8378378378378378,20
burckhardt,burckhardt,Burckhardt Laborgebäude,KT,Kälte,END,Endmontage,4,20.0,5.0,5.0,5.0,5.0,208.0,20.0,1.0,2026-11-02,2027-05-28,0.7711229946524064,0.9925133689839573,0,0.0,,4,2,1,0.10810810810810811,30
burckhardt,burckhardt,Burckhardt Laborgebäude,LF,Lüftung,GROB,Grobmontage,12,125.0,10.0,10.416666666666666,10.0,15.0,271.0,125.0,2.0,2025-11-17,2026-08-14,0.3967914438502674,0.6855614973262032,0,0.0,,11,2,1,0.26881720430107525,10
burckhardt,burckhardt,Burckhardt Laborgebäude,LF,Lüftung,FEIN,Feinmontage,23,275.0,15.0,11.956521739130435,15.0,15.0,383.0,267.0,3.0,2026-03-02,2027-03-19,0.509090909090909,0.9176470588235294,0,0.0,,11,3,2,0.5913978494623656,20
burckhardt,burckhardt,Burckhardt Laborgebäude,LF,Lüftung,END,Endmontage,11,65.0,5.0,5.909090909090909,5.0,15.0,208.0,64.0,2.0,2026-11-02,2027-05-28,0.7711229946524064,0.9925133689839573,0,0.0,,11,2,1,0.13978494623655913,30
burckhardt,burckhardt,Burckhardt Laborgebäude,OTH,Sonstige,GROB,Grobmontage,1,15.0,15.0,15.0,15.0,15.0,19.0,19.0,1.0,2026-01-05,2026-01-23,0.44919786096256686,0.46844919786096256,0,0.0,,0,0,0,0.11538461538461539,10
burckhardt,burckhardt,Burckhardt Laborgebäude,OTH,Sonstige,FEIN,Feinmontage,3,45.0,20.0,15.0,20.0,20.0,47.0,47.0,2.0,2026-04-20,2026-06-05,0.5614973262032086,0.6106951871657754,0,0.0,,1,1,1,0.34615384615384615,20
burckhardt,burckhardt,Burckhardt Laborgebäude,OTH,Sonstige,END,Endmontage,11,70.0,5.0,6.363636363636363,10.0,15.0,232.0,79.0,1.0,2026-08-31,2027-04-19,0.7037433155080214,0.9508021390374332,0,0.0,,11,2,1,0.5384615384615384,30
burckhardt,burckhardt,Burckhardt Laborgebäude,SEC,Sicherheit,GROB,Grobmontage,11,110.0,10.0,10.0,10.0,10.0,222.0,132.0,1.0,2026-02-23,2026-10-02,0.5016042780748663,0.7379679144385026,0,0.0,,11,1,1,1.0,10
burckhardt,burckhardt,Burckhardt Laborgebäude,SN,Sanitär,GROB,Grobmontage,20,100.0,5.0,5.0,5.0,5.0,306.0,100.0,1.0,2025-11-24,2026-09-25,0.4042780748663102,0.7304812834224599,0,0.0,,11,1,2,0.5555555555555556,10
burckhardt,burckhardt,Burckhardt Laborgebäude,SN,Sanitär,FEIN,Feinmontage,1,20.0,20.0,20.0,20.0,20.0,26.0,26.0,1.0,2026-07-13,2026-08-07,0.651336898395722,0.6780748663101605,0,0.0,,1,1,1,0.1111111111111111,20
burckhardt,burckhardt,Burckhardt Laborgebäude,SN,Sanitär,END,Endmontage,10,60.0,5.0,6.0,5.9999999999999964,15.0,208.0,59.0,2.0,2026-11-02,2027-05-28,0.7711229946524064,0.9925133689839573,0,0.0,,10,2,1,0.3333333333333333,30
burckhardt,burckhardt,Burckhardt Laborgebäude,SPR,Sprinkler,GROB,Grobmontage,11,55.0,5.0,5.0,5.0,5.0,89.0,55.0,1.0,2025-12-01,2026-02-27,0.4117647058823529,0.5058823529411764,0,0.0,,11,1,1,0.4230769230769231,10
burckhardt,burckhardt,Burckhardt Laborgebäude,SPR,Sprinkler,END,Endmontage,11,75.0,5.0,6.818181818181818,15.0,15.0,278.0,78.0,2.0,2026-06-15,2027-03-19,0.6213903743315508,0.9176470588235294,0,0.0,,11,1,1,0.5769230769230769,30
burckhardt,burckhardt,Burckhardt Laborgebäude,TRANS,Transport,FEIN,Feinmontage,4,220.0,62.5,55.0,70.0,70.0,183.0,139.0,3.0,2026-03-02,2026-08-31,0.509090909090909,0.7037433155080214,0,0.0,,0,1,1,1.0,20
dc30,dc30,DC30 Rechenzentrum,AUTO,Automation,GROB,Grobmontage,3,14.0,5.0,4.666666666666667,5.0,5.0,60.0,18.0,1.0,2026-08-04,2026-10-02,0.3629976580796253,0.5011709601873536,0,0.0,,1,1,0,0.004421983575489577,10
dc30,dc30,DC30 Rechenzentrum,AUTO,Automation,FEIN,Feinmontage,342,3152.0,5.0,9.216374269005849,20.0,51.0,421.0,299.0,35.0,2026-03-02,2027-04-26,0.0,0.9836065573770492,0,0.0,,7,17,0,0.9955780164245104,20
dc30,dc30,DC30 Rechenzentrum,EL,Elektro,GROB,Grobmontage,170,1310.0,5.0,7.705882352941177,10.0,69.0,340.0,340.0,21.0,2026-03-16,2027-02-18,0.03278688524590164,0.8266978922716628,0,0.0,,5,16,0,0.10815719947159841,10
dc30,dc30,DC30 Rechenzentrum,EL,Elektro,FEIN,Feinmontage,1293,10802.0,5.0,8.354215003866976,15.0,82.0,400.0,398.0,130.0,2026-03-09,2027-04-12,0.01639344262295082,0.9508196721311475,3,0.002320185614849188,,6,17,0,0.8918428005284016,20
dc30,dc30,DC30 Rechenzentrum,ENV,Gebäudehülle,GROB,Grobmontage,12,73.0,5.0,6.083333333333333,6.0,16.0,142.0,78.0,2.0,2026-10-12,2027-03-02,0.5245901639344263,0.8548009367681498,0,0.0,,1,5,0,0.18575063613231552,10
dc30,dc30,DC30 Rechenzentrum,ENV,Gebäudehülle,END,Endmontage,35,320.0,10.0,9.142857142857142,15.0,21.0,330.0,163.0,8.0,2026-03-23,2027-02-15,0.04918032786885246,0.819672131147541,0,0.0,,3,9,0,0.8142493638676844,30
dc30,dc30,DC30 Rechenzentrum,HZ,Heizung,FEIN,Feinmontage,147,1106.0,5.0,7.523809523809524,15.0,25.0,316.0,261.0,14.0,2026-04-13,2027-02-22,0.09836065573770492,0.8360655737704918,0,0.0,,6,11,0,1.0,20
dc30,dc30,DC30 Rechenzentrum,INT,Ausbau,GROB,Grobmontage,1,10.0,10.0,10.0,10.0,10.0,14.0,14.0,1.0,2026-07-29,2026-08-11,0.34894613583138173,0.3793911007025761,0,0.0,,1,1,0,0.0021668472372697724,10
dc30,dc30,DC30 Rechenzentrum,INT,Ausbau,END,Endmontage,677,4605.0,5.0,6.802067946824224,10.0,59.0,407.0,405.0,52.0,2026-03-09,2027-04-19,0.01639344262295082,0.9672131147540983,2,0.0029542097488921715,,6,14,0,0.9978331527627302,30
dc30,dc30,DC30 Rechenzentrum,KO,Konstruktion,GROB,Grobmontage,104,656.0,5.0,6.3076923076923075,10.0,22.0,287.0,263.0,17.0,2026-05-29,2027-03-11,0.20608899297423888,0.8758782201405152,0,0.0,,6,12,0,1.0,10
dc30,dc30,DC30 Rechenzentrum,KT,Kälte,FEIN,Feinmontage,560,4732.0,5.0,8.45,15.0,42.0,347.0,347.0,40.0,2026-04-20,2027-04-01,0.11475409836065574,0.9250585480093677,34,0.060714285714285714,,7,14,0,1.0,20
dc30,dc30,DC30 Rechenzentrum,LF,Lüftung,FEIN,Feinmontage,178,1806.0,10.0,10.146067415730338,20.0,59.0,338.0,334.0,21.0,2026-03-30,2027-03-02,0.06557377049180328,0.8548009367681498,0,0.0,,7,11,0,1.0,20
dc30,dc30,DC30 Rechenzentrum,OTH,Sonstige,FEIN,Feinmontage,9,180.0,5.0,20.0,50.0,50.0,138.0,122.0,5.0,2026-08-03,2026-12-18,0.36065573770491804,0.6814988290398126,0,0.0,,3,4,0,0.33271719038817005,20
dc30,dc30,DC30 Rechenzentrum,OTH,Sonstige,END,Endmontage,72,361.0,5.0,5.013888888888889,5.0,7.0,245.0,194.0,6.0,2026-09-01,2027-05-03,0.42857142857142855,1.0,0,0.0,,5,7,0,0.66728280961183,30
dc30,dc30,DC30 Rechenzentrum,SN,Sanitär,FEIN,Feinmontage,96,593.0,5.0,6.177083333333333,10.0,20.0,248.0,217.0,18.0,2026-04-20,2026-12-23,0.11475409836065574,0.6932084309133489,0,0.0,,6,8,0,1.0,20
dc30,dc30,DC30 Rechenzentrum,SPR,Sprinkler,FEIN,Feinmontage,350,2380.0,5.0,6.8,10.0,65.0,375.0,354.0,37.0,2026-03-16,2027-03-25,0.03278688524590164,0.9086651053864169,1,0.002857142857142857,,5,9,0,1.0,20
dc30,dc30,DC30 Rechenzentrum,TRANS,Transport,FEIN,Feinmontage,69,377.0,5.0,5.463768115942029,5.0,16.0,227.0,210.0,9.0,2026-07-28,2027-03-11,0.34660421545667447,0.8758782201405152,0,0.0,,5,8,0,1.0,20
elp_v6,elp,ELP Masterterminplan V6,AUTO,Automation,END,Endmontage,61,749.0,10.0,12.278688524590164,20.0,40.0,1105.0,278.0,14.0,2024-08-08,2027-08-17,0.13510798593671522,0.6896032144650929,1,0.01639344262295082,,3,17,1,1.0,30
elp_v6,elp,ELP Masterterminplan V6,EL,Elektro,GROB,Grobmontage,92,333.0,3.0,3.619565217391304,5.0,15.0,446.0,159.0,12.0,2026-02-19,2027-05-10,0.41637368156705173,0.6398794575590155,0,0.0,,3,10,3,0.07556160653505786,10
elp_v6,elp,ELP Masterterminplan V6,EL,Elektro,FEIN,Feinmontage,364,2386.0,5.0,6.554945054945055,15.0,50.0,1102.0,416.0,34.0,2024-07-15,2027-07-21,0.12305374183827222,0.6760421898543445,0,0.0,,3,19,5,0.5414113909689131,20
elp_v6,elp,ELP Masterterminplan V6,EL,Elektro,END,Endmontage,309,1688.0,5.0,5.4627831715210355,15.0,40.0,1095.0,456.0,43.0,2024-08-12,2027-08-11,0.13711702661978906,0.6865896534404822,1,0.003236245954692557,,3,19,4,0.38302700249602906,30
elp_v6,elp,ELP Masterterminplan V6,ENV,Gebäudehülle,GROB,Grobmontage,2,8.0,4.0,4.0,4.8,5.0,29.0,11.0,1.0,2026-09-07,2026-10-05,0.5168257157207433,0.5308890005022602,0,0.0,,1,1,0,1.0,10
elp_v6,elp,ELP Masterterminplan V6,EQUIP,Ausstattung,FEIN,Feinmontage,4,17.0,5.0,4.25,5.0,5.0,50.0,27.0,2.0,2026-06-22,2026-08-10,0.4781516825715721,0.5027624309392266,0,0.0,,1,2,0,0.8095238095238095,20
elp_v6,elp,ELP Masterterminplan V6,EQUIP,Ausstattung,END,Endmontage,3,4.0,1.0,1.3333333333333333,1.8,2.0,62.0,4.0,1.0,2025-05-22,2025-07-22,0.2792566549472627,0.30989452536413864,0,0.0,,1,1,0,0.19047619047619047,30
elp_v6,elp,ELP Masterterminplan V6,HZ,Heizung,GROB,Grobmontage,90,180.0,2.0,2.0,2.0,2.0,346.0,83.0,13.0,2026-05-18,2027-04-28,0.46057257659467604,0.633852335509794,0,0.0,,3,9,1,0.22756005056890014,10
elp_v6,elp,ELP Masterterminplan V6,HZ,Heizung,FEIN,Feinmontage,238,544.0,2.0,2.2857142857142856,5.0,5.0,1065.0,242.0,16.0,2024-07-15,2027-06-14,0.12305374183827222,0.6574585635359116,0,0.0,,3,17,1,0.6877370417193426,20
elp_v6,elp,ELP Masterterminplan V6,HZ,Heizung,END,Endmontage,14,67.0,5.0,4.785714285714286,5.0,5.0,933.0,82.0,2.0,2024-08-01,2027-02-19,0.131592164741336,0.5996986438975389,0,0.0,,3,14,1,0.08470290771175727,30
elp_v6,elp,ELP Masterterminplan V6,INT,Ausbau,GROB,Grobmontage,34,220.0,5.0,6.470588235294118,13.499999999999996,15.0,862.0,171.0,7.0,2024-05-27,2026-10-05,0.09844299347061777,0.5308890005022602,0,0.0,,3,11,0,0.19264448336252188,10
elp_v6,elp,ELP Masterterminplan V6,INT,Ausbau,FEIN,Feinmontage,26,34.0,1.0,1.3076923076923077,1.0,5.0,229.0,49.0,4.0,2026-05-07,2026-12-21,0.455047714716223,0.5695630336514315,0,0.0,,3,7,0,0.0297723292469352,20
elp_v6,elp,ELP Masterterminplan V6,INT,Ausbau,END,Endmontage,134,888.0,5.0,6.626865671641791,10.0,40.0,1107.0,548.0,9.0,2024-07-01,2027-07-12,0.11602209944751381,0.6715218483174284,0,0.0,,3,20,4,0.7775831873905429,30
elp_v6,elp,ELP Masterterminplan V6,KO,Konstruktion,GROB,Grobmontage,68,1030.0,10.0,15.147058823529411,29.0,87.0,981.0,526.0,10.0,2024-01-22,2026-09-28,0.03515821195379206,0.527373179306881,0,0.0,,4,11,4,0.9440879926672777,10
elp_v6,elp,ELP Masterterminplan V6,KO,Konstruktion,FEIN,Feinmontage,2,30.0,15.0,15.0,15.0,15.0,23.0,23.0,2.0,2026-03-16,2026-04-07,0.4289301858362632,0.43997990959316924,0,0.0,,1,2,1,0.027497708524289642,20
elp_v6,elp,ELP Masterterminplan V6,KO,Konstruktion,END,Endmontage,8,31.0,3.5,3.875,6.499999999999999,10.0,311.0,34.0,3.0,2025-05-14,2026-03-20,0.27523857358111503,0.430939226519337,0,0.0,,2,3,3,0.02841429880843263,30
elp_v6,elp,ELP Masterterminplan V6,KT,Kälte,FEIN,Feinmontage,3,29.0,9.0,9.666666666666666,13.8,15.0,24.0,24.0,3.0,2026-05-05,2026-05-28,0.4540431943746861,0.46559517830236063,0,0.0,,1,2,1,1.0,20
elp_v6,elp,ELP Masterterminplan V6,LF,Lüftung,GROB,Grobmontage,91,294.0,2.0,3.230769230769231,5.0,15.0,376.0,159.0,8.0,2026-05-08,2027-05-18,0.45554997488699145,0.6438975389251632,0,0.0,,3,9,2,0.19128171763175017,10
elp_v6,elp,ELP Masterterminplan V6,LF,Lüftung,FEIN,Feinmontage,262,1048.0,3.0,4.0,8.0,20.0,1747.0,332.0,20.0,2024-07-15,2029-04-26,0.12305374183827222,1.0,1,0.003816793893129771,,3,19,13,0.6818477553675992,20
elp_v6,elp,ELP Masterterminplan V6,LF,Lüftung,END,Endmontage,28,195.0,5.0,6.964285714285714,15.0,15.0,1195.0,159.0,6.0,2023-11-13,2027-02-19,0.0,0.5996986438975389,0,0.0,,3,15,13,0.12687052700065063,30
elp_v6,elp,ELP Masterterminplan V6,OTH,Sonstige,GROB,Grobmontage,82,711.0,5.0,8.670731707317072,20.0,40.0,929.0,295.0,14.0,2024-06-03,2026-12-18,0.10195881466599699,0.5680562531391261,0,0.0,,3,14,2,0.4859876965140123,10
elp_v6,elp,ELP Masterterminplan V6,OTH,Sonstige,FEIN,Feinmontage,17,99.0,5.0,5.823529411764706,7.000000000000002,20.0,239.0,85.0,3.0,2026-03-30,2026-11-23,0.4359618282270216,0.5554997488699146,0,0.0,,3,9,1,0.06766917293233082,20
elp_v6,elp,ELP Masterterminplan V6,OTH,Sonstige,END,Endmontage,78,653.0,5.0,8.371794871794872,15.0,20.0,840.0,295.0,14.0,2025-05-13,2027-08-30,0.27473631341034654,0.6961325966850829,1,0.01282051282051282,,3,20,4,0.4463431305536569,30
elp_v6,elp,ELP Masterterminplan V6,SEC,Sicherheit,GROB,Grobmontage,13,68.0,3.0,5.230769230769231,10.0,10.0,21.0,17.0,9.0,2026-08-18,2026-09-07,0.5067805123053741,0.5168257157207433,0,0.0,,3,3,0,0.36363636363636365,10
elp_v6,elp,ELP Masterterminplan V6,SEC,Sicherheit,FEIN,Feinmontage,18,119.0,5.0,6.611111111111111,10.0,10.0,250.0,145.0,3.0,2026-05-07,2027-01-11,0.455047714716223,0.580110497237569,0,0.0,,3,16,0,0.6363636363636364,20
elp_v6,elp,ELP Masterterminplan V6,SITE,Umgebung,GROB,Grobmontage,1,5.0,5.0,5.0,5.0,5.0,8.0,8.0,1.0,2026-10-05,2026-10-12,0.5308890005022602,0.5344048216976394,0,0.0,,1,1,0,1.0,10
elp_v6,elp,ELP Masterterminplan V6,SN,Sanitär,GROB,Grobmontage,49,213.0,3.0,4.346938775510204,3.0,54.0,672.0,183.0,9.0,2025-06-20,2027-04-22,0.29382219989954794,0.6308387744851833,0,0.0,,3,10,2,0.24287343215507412,10
elp_v6,elp,ELP Masterterminplan V6,SN,Sanitär,FEIN,Feinmontage,159,333.0,2.0,2.0943396226415096,2.0,5.0,1055.0,195.0,13.0,2024-07-22,2027-06-11,0.12656956303365144,0.6559517830236062,0,0.0,,3,17,1,0.37970353477765106,20
elp_v6,elp,ELP Masterterminplan V6,SN,Sanitär,END,Endmontage,60,331.0,5.0,5.516666666666667,5.0,15.0,426.0,165.0,11.0,2026-05-15,2027-07-14,0.4590657960823707,0.6725263686589653,0,0.0,,3,14,2,0.3774230330672748,30
elp_v6,elp,ELP Masterterminplan V6,SPEC,Spezialmedien,FEIN,Feinmontage,4,4.0,1.0,1.0,1.0,1.0,4.0,2.0,2.0,2026-11-06,2026-11-09,0.5469613259668509,0.5484681064791562,0,0.0,,1,1,0,1.0,20
elp_v6,elp,ELP Masterterminplan V6,SPR,Sprinkler,FEIN,Feinmontage,34,141.0,5.0,4.147058823529412,5.0,10.0,904.0,124.0,7.0,2024-07-15,2027-01-04,0.12305374183827222,0.5765946760421898,0,0.0,,3,17,1,0.5529411764705883,20
elp_v6,elp,ELP Masterterminplan V6,SPR,Sprinkler,END,Endmontage,17,114.0,5.0,6.705882352941177,15.0,15.0,957.0,125.0,3.0,2024-07-15,2027-02-26,0.12305374183827222,0.6032144650929181,0,0.0,,3,16,1,0.4470588235294118,30
elp_v7,elp,ELP Masterterminplan V7,AUTO,Automation,END,Endmontage,6,55.0,7.5,9.166666666666666,15.0,15.0,82.0,47.0,3.0,2027-04-26,2027-07-16,0.8768267223382046,0.9331941544885177,0,0.0,,1,3,1,1.0,30
elp_v7,elp,ELP Masterterminplan V7,EL,Elektro,GROB,Grobmontage,8,30.0,4.0,3.75,5.0,5.0,108.0,23.0,2.0,2027-02-16,2027-06-03,0.8288100208768268,0.9032707028531664,0,0.0,,1,2,1,0.053763440860215055,10
elp_v7,elp,ELP Masterterminplan V7,EL,Elektro,FEIN,Feinmontage,39,232.0,5.0,5.948717948717949,15.0,15.0,193.0,143.0,8.0,2027-02-05,2027-08-16,0.8211551844119693,0.9547668754349339,0,0.0,,1,5,1,0.4157706093189964,20
elp_v7,elp,ELP Masterterminplan V7,EL,Elektro,END,Endmontage,50,296.0,5.0,5.92,10.500000000000007,30.0,186.0,156.0,12.0,2027-02-26,2027-08-30,0.8357689631176062,0.964509394572025,0,0.0,,1,5,2,0.5304659498207885,30
elp_v7,elp,ELP Masterterminplan V7,ENV,Gebäudehülle,GROB,Grobmontage,3,30.0,10.0,10.0,10.0,10.0,20.0,20.0,3.0,2027-04-09,2027-04-28,0.8649965205288797,0.8782185107863605,0,0.0,,2,3,0,1.0,10
elp_v7,elp,ELP Masterterminplan V7,EQUIP,Ausstattung,END,Endmontage,4,44.0,10.0,11.0,12.8,14.0,131.0,50.0,2.0,2027-04-22,2027-08-30,0.8740431454418929,0.964509394572025,0,0.0,,1,2,0,1.0,30
elp_v7,elp,ELP Masterterminplan V7,HZ,Heizung,GROB,Grobmontage,8,16.0,2.0,2.0,2.0,2.0,92.0,14.0,4.0,2027-02-23,2027-05-25,0.8336812804453723,0.8970076548364648,0,0.0,,1,2,1,0.14545454545454545,10
elp_v7,elp,ELP Masterterminplan V7,HZ,Heizung,FEIN,Feinmontage,25,79.0,3.0,3.16,5.0,5.0,179.0,69.0,4.0,2027-02-05,2027-08-02,0.8211551844119693,0.9450243562978428,0,0.0,,1,5,1,0.7181818181818181,20
elp_v7,elp,ELP Masterterminplan V7,HZ,Heizung,END,Endmontage,3,15.0,5.0,5.0,5.0,5.0,63.0,22.0,2.0,2027-06-04,2027-08-05,0.9039665970772442,0.9471120389700766,0,0.0,,1,3,1,0.13636363636363635,30
elp_v7,elp,ELP Masterterminplan V7,INT,Ausbau,GROB,Grobmontage,11,75.0,5.0,6.818181818181818,10.0,20.0,212.0,87.0,3.0,2026-12-16,2027-07-15,0.7856645789839944,0.9324982602644398,0,0.0,,2,6,0,0.23219814241486067,10
elp_v7,elp,ELP Masterterminplan V7,INT,Ausbau,FEIN,Feinmontage,2,2.0,1.0,1.0,1.0,1.0,2.0,2.0,1.0,2027-03-18,2027-03-19,0.8496868475991649,0.8503827418232429,0,0.0,,1,1,0,0.006191950464396285,20
elp_v7,elp,ELP Masterterminplan V7,INT,Ausbau,END,Endmontage,33,246.0,5.0,7.454545454545454,10.0,20.0,281.0,175.0,6.0,2027-01-13,2027-10-20,0.8051496172581768,1.0,0,0.0,,3,8,0,0.7616099071207431,30
elp_v7,elp,ELP Masterterminplan V7,KO,Konstruktion,GROB,Grobmontage,66,1439.0,10.5,21.803030303030305,50.0,148.0,1313.0,961.0,8.0,2023-11-13,2027-06-17,0.0,0.9130132219902575,0,0.0,,3,15,4,1.0,10
elp_v7,elp,ELP Masterterminplan V7,LF,Lüftung,GROB,Grobmontage,5,9.0,2.0,1.8,2.0,2.0,88.0,8.0,2.0,2027-03-01,2027-05-27,0.83785664578984,0.8983994432846207,0,0.0,,1,2,1,0.06040268456375839,10
elp_v7,elp,ELP Masterterminplan V7,LF,Lüftung,FEIN,Feinmontage,27,115.0,5.0,4.2592592592592595,6.200000000000006,8.0,175.0,67.0,6.0,2027-02-12,2027-08-05,0.826026443980515,0.9471120389700766,0,0.0,,1,5,2,0.7718120805369127,20
elp_v7,elp,ELP Masterterminplan V7,LF,Lüftung,END,Endmontage,5,25.0,5.0,5.0,5.0,5.0,63.0,22.0,3.0,2027-06-04,2027-08-05,0.9039665970772442,0.9471120389700766,0,0.0,,1,3,2,0.16778523489932887,30
elp_v7,elp,ELP Masterterminplan V7,OTH,Sonstige,GROB,Grobmontage,32,202.0,5.0,6.3125,10.0,10.0,431.0,179.0,4.0,2026-06-01,2027-08-05,0.6478775226165623,0.9471120389700766,0,0.0,,3,9,2,0.8145161290322581,10
elp_v7,elp,ELP Masterterminplan V7,OTH,Sonstige,FEIN,Feinmontage,1,5.0,5.0,5.0,5.0,5.0,7.0,7.0,1.0,2027-03-11,2027-03-17,0.8448155880306193,0.848990953375087,0,0.0,,1,1,1,0.020161290322580645,20
elp_v7,elp,ELP Masterterminplan V7,OTH,Sonstige,END,Endmontage,8,41.0,5.0,5.125,6.499999999999999,10.0,1349.0,57.0,2.0,2023-11-13,2027-07-23,0.0,0.9380654140570633,0,0.0,,1,3,1,0.16532258064516128,30
elp_v7,elp,ELP Masterterminplan V7,SEC,Sicherheit,GROB,Grobmontage,2,10.0,5.0,5.0,5.0,5.0,5.0,5.0,2.0,2027-02-22,2027-02-26,0.8329853862212944,0.8357689631176062,0,0.0,,1,1,0,0.2,10
elp_v7,elp,ELP Masterterminplan V7,SEC,Sicherheit,FEIN,Feinmontage,5,40.0,10.0,8.0,10.0,10.0,172.0,49.0,2.0,2027-02-05,2027-07-26,0.8211551844119693,0.9401530967292971,0,0.0,,1,5,0,0.8,20
elp_v7,elp,ELP Masterterminplan V7,SN,Sanitär,GROB,Grobmontage,4,12.0,3.0,3.0,3.0,3.0,91.0,13.0,2.0,2027-02-18,2027-05-19,0.8302018093249826,0.8928322894919972,0,0.0,,1,2,1,0.13186813186813187,10
elp_v7,elp,ELP Masterterminplan V7,SN,Sanitär,FEIN,Feinmontage,25,47.0,2.0,1.88,2.0,3.0,176.0,48.0,4.0,2027-02-05,2027-07-30,0.8211551844119693,0.942936673625609,0,0.0,,1,5,1,0.5164835164835165,20
elp_v7,elp,ELP Masterterminplan V7,SN,Sanitär,END,Endmontage,6,32.0,5.0,5.333333333333333,7.5,10.0,88.0,31.0,4.0,2027-06-04,2027-08-30,0.9039665970772442,0.964509394572025,0,0.0,,1,3,1,0.3516483516483517,30
elp_v7,elp,ELP Masterterminplan V7,SPR,Sprinkler,FEIN,Feinmontage,5,22.0,5.0,4.4,5.0,5.0,165.0,30.0,2.0,2027-02-05,2027-07-19,0.8211551844119693,0.9352818371607515,0,0.0,,1,5,1,0.46808510638297873,20
elp_v7,elp,ELP Masterterminplan V7,SPR,Sprinkler,END,Endmontage,5,25.0,5.0,5.0,5.0,5.0,133.0,41.0,1.0,2027-04-20,2027-08-30,0.872651356993737,0.964509394572025,0,0.0,,1,5,1,0.5319148936170213,30
elp_v7,elp,ELP Masterterminplan V7,TRANS,Transport,END,Endmontage,4,12.0,3.0,3.0,3.0,3.0,6.0,6.0,4.0,2027-05-07,2027-05-12,0.8844815588030619,0.8879610299234516,0,0.0,,1,1,0,1.0,30
frankfurt_four,frankfurt_four,Frankfurt Four RT4,EL,Elektro,FEIN,Feinmontage,11,70.0,5.0,6.363636363636363,10.0,10.0,380.0,102.0,1.0,2022-03-29,2023-04-12,0.15301724137931033,0.9698275862068966,0,0.0,220.0,3,5,0,0.8536585365853658,20
frankfurt_four,frankfurt_four,Frankfurt Four RT4,EL,Elektro,END,Endmontage,12,12.0,1.0,1.0,1.0,1.0,165.0,12.0,1.0,2022-04-19,2022-09-30,0.19827586206896552,0.5517241379310345,0,0.0,24.0,3,4,0,0.14634146341463414,30
frankfurt_four,frankfurt_four,Frankfurt Four RT4,ENV,Gebäudehülle,END,Endmontage,39,186.0,5.0,4.769230769230769,5.0,5.0,211.0,150.0,3.0,2022-02-18,2022-09-16,0.06896551724137931,0.521551724137931,0,0.0,372.0,5,6,0,1.0,30
frankfurt_four,frankfurt_four,Frankfurt Four RT4,HZ,Heizung,GROB,Grobmontage,3,15.0,5.0,5.0,5.0,5.0,81.0,21.0,1.0,2022-02-11,2022-05-02,0.05387931034482758,0.22629310344827586,0,0.0,60.0,3,1,0,1.0,10
frankfurt_four,frankfurt_four,Frankfurt Four RT4,INT,Ausbau,GROB,Grobmontage,33,112.0,4.0,3.393939393939394,5.0,5.0,242.0,130.0,2.0,2022-01-24,2022-09-22,0.015086206896551725,0.5344827586206896,0,0.0,274.0,5,3,0,0.23529411764705882,10
frankfurt_four,frankfurt_four,Frankfurt Four RT4,INT,Ausbau,END,Endmontage,80,364.0,5.0,4.55,5.0,5.0,411.0,229.0,6.0,2022-02-11,2023-03-28,0.05387931034482758,0.9375,0,0.0,638.0,5,6,0,0.7647058823529411,30
frankfurt_four,frankfurt_four,Frankfurt Four RT4,KT,Kälte,FEIN,Feinmontage,12,60.0,5.0,5.0,5.0,5.0,173.0,74.0,1.0,2022-03-28,2022-09-16,0.15086206896551724,0.521551724137931,0,0.0,240.0,3,4,0,1.0,20
frankfurt_four,frankfurt_four,Frankfurt Four RT4,LF,Lüftung,GROB,Grobmontage,2,10.0,5.0,5.0,5.0,5.0,67.0,14.0,1.0,2022-02-18,2022-04-25,0.06896551724137931,0.21120689655172414,0,0.0,30.0,2,1,0,0.18181818181818182,10
frankfurt_four,frankfurt_four,Frankfurt Four RT4,LF,Lüftung,FEIN,Feinmontage,3,15.0,5.0,5.0,5.0,5.0,163.0,21.0,1.0,2022-11-08,2023-04-19,0.6357758620689655,0.9849137931034483,0,0.0,30.0,3,1,0,0.2727272727272727,20
frankfurt_four,frankfurt_four,Frankfurt Four RT4,LF,Lüftung,END,Endmontage,15,30.0,2.0,2.0,2.0,2.0,356.0,44.0,1.0,2022-04-13,2023-04-03,0.1853448275862069,0.9504310344827587,0,0.0,60.0,3,5,0,0.5454545454545454,30
frankfurt_four,frankfurt_four,Frankfurt Four RT4,OTH,Sonstige,END,Endmontage,15,39.0,2.0,2.6,5.0,5.0,372.0,48.0,1.0,2022-04-20,2023-04-26,0.20043103448275862,1.0,0,0.0,78.0,3,5,0,1.0,30
frankfurt_four,frankfurt_four,Frankfurt Four RT4,SN,Sanitär,GROB,Grobmontage,3,15.0,5.0,5.0,5.0,5.0,75.0,15.0,1.0,2022-01-17,2022-04-01,0.0,0.15948275862068967,0,0.0,60.0,3,1,0,0.15,10
frankfurt_four,frankfurt_four,Frankfurt Four RT4,SN,Sanitär,FEIN,Feinmontage,12,60.0,5.0,5.0,5.0,5.0,158.0,83.0,1.0,2022-05-17,2022-10-21,0.25862068965517243,0.5969827586206896,0,0.0,70.0,5,1,0,0.6,20
frankfurt_four,frankfurt_four,Frankfurt Four RT4,SN,Sanitär,END,Endmontage,5,25.0,5.0,5.0,5.0,5.0,142.0,31.0,1.0,2022-06-09,2022-10-28,0.3081896551724138,0.6120689655172413,0,0.0,50.0,5,1,0,0.25,30
frankfurt_four,frankfurt_four,Frankfurt Four RT4,SPR,Sprinkler,END,Endmontage,15,30.0,2.0,2.0,2.0,2.0,354.0,31.0,1.0,2022-04-11,2023-03-30,0.1810344827586207,0.9418103448275862,0,0.0,60.0,3,5,0,1.0,30
frankfurt_four,frankfurt_four,Frankfurt Four RT4,TRANS,Transport,FEIN,Feinmontage,3,15.0,5.0,5.0,5.0,5.0,154.0,21.0,1.0,2022-03-18,2022-08-18,0.12931034482758622,0.45905172413793105,0,0.0,15.0,3,1,0,0.8333333333333334,20
frankfurt_four,frankfurt_four,Frankfurt Four RT4,TRANS,Transport,END,Endmontage,3,3.0,1.0,1.0,1.0,1.0,152.0,3.0,1.0,2022-11-04,2023-04-04,0.6271551724137931,0.9525862068965517,0,0.0,6.0,3,1,0,0.16666666666666666,30
pred_bau04,pred_bau04,Roche pRED Bau 04,EL,Elektro,GROB,Grobmontage,26,645.0,20.0,24.807692307692307,40.0,50.0,418.0,386.0,7.0,2020-05-04,2021-06-25,0.14893617021276595,0.46580547112462006,0,0.0,,5,0,0,1.0,10
pred_bau04,pred_bau04,Roche pRED Bau 04,INT,Ausbau,GROB,Grobmontage,177,2775.5,10.0,15.680790960451978,20.400000000000006,178.0,705.0,543.0,21.0,2020-10-29,2022-10-03,0.28419452887537994,0.8191489361702128,0,0.0,,4,5,0,0.5928655345508919,10
pred_bau04,pred_bau04,Roche pRED Bau 04,INT,Ausbau,FEIN,Feinmontage,9,60.0,5.0,6.666666666666667,10.0,10.0,233.0,85.0,1.0,2021-03-04,2021-10-22,0.3799392097264438,0.5562310030395137,0,0.0,,3,1,0,0.01281640499839795,20
pred_bau04,pred_bau04,Roche pRED Bau 04,INT,Ausbau,END,Endmontage,142,1846.0,10.0,13.0,20.0,75.0,901.0,614.0,15.0,2020-12-10,2023-05-29,0.3161094224924012,1.0,36,0.2535211267605634,,4,3,0,0.3943180604507102,30
pred_bau04,pred_bau04,Roche pRED Bau 04,KO,Konstruktion,GROB,Grobmontage,106,1477.5,5.0,13.93867924528302,20.0,141.0,1117.0,515.0,21.0,2019-10-21,2022-11-10,0.0,0.8480243161094225,3,0.02830188679245283,,8,4,0,0.2757558790593505,10
pred_bau04,pred_bau04,Roche pRED Bau 04,KO,Konstruktion,FEIN,Feinmontage,6,115.0,12.5,19.166666666666668,40.0,50.0,494.0,119.0,3.0,2021-09-20,2023-01-26,0.5319148936170213,0.9065349544072948,0,0.0,,3,2,0,0.02146323254945875,20
pred_bau04,pred_bau04,Roche pRED Bau 04,KO,Konstruktion,END,Endmontage,391,3765.5,10.0,9.630434782608695,20.0,50.0,827.0,705.0,26.0,2020-10-02,2023-01-06,0.26367781155015196,0.8913373860182371,91,0.23273657289002558,,8,4,0,0.7027808883911908,30
pred_bau04,pred_bau04,Roche pRED Bau 04,OTH,Sonstige,GROB,Grobmontage,1,5.0,5.0,5.0,5.0,5.0,5.0,5.0,1.0,2021-06-21,2021-06-25,0.4627659574468085,0.46580547112462006,0,0.0,,1,1,0,1.0,10
pred_bau04,pred_bau04,Roche pRED Bau 04,SN,Sanitär,GROB,Grobmontage,77,1632.0,10.0,21.194805194805195,42.00000000000003,157.0,470.0,374.0,15.0,2020-10-09,2022-01-21,0.2689969604863222,0.6253799392097265,0,0.0,,2,2,0,0.6556850140618722,10
pred_bau04,pred_bau04,Roche pRED Bau 04,SN,Sanitär,FEIN,Feinmontage,2,20.0,10.0,10.0,10.0,10.0,21.0,21.0,2.0,2020-09-30,2020-10-20,0.2621580547112462,0.2773556231003039,0,0.0,,1,0,0,0.008035355564483728,20
pred_bau04,pred_bau04,Roche pRED Bau 04,SN,Sanitär,END,Endmontage,52,837.0,10.0,16.096153846153847,25.0,87.0,569.0,395.0,10.0,2020-12-10,2022-07-01,0.3161094224924012,0.7477203647416414,5,0.09615384615384616,,2,2,0,0.33627963037364406,30
pred_bau05,pred_bau05,Roche pRED Bau 05,EL,Elektro,GROB,Grobmontage,31,780.0,20.0,25.161290322580644,40.0,50.0,437.0,434.0,4.0,2020-05-04,2021-07-14,0.0,0.40823970037453183,5,0.16129032258064516,,6,0,0,1.0,10
pred_bau05,pred_bau05,Roche pRED Bau 05,ENV,Gebäudehülle,GROB,Grobmontage,2,12.0,6.0,6.0,6.8,7.0,276.0,14.0,1.0,2020-11-04,2021-08-06,0.17228464419475656,0.4297752808988764,0,0.0,,1,0,0,1.0,10
pred_bau05,pred_bau05,Roche pRED Bau 05,INT,Ausbau,GROB,Grobmontage,232,3958.75,10.0,17.063577586206897,39.00000000000006,173.0,801.0,636.0,23.0,2020-09-16,2022-11-25,0.12640449438202248,0.8754681647940075,4,0.017241379310344827,,5,3,0,0.48998978865612525,10
pred_bau05,pred_bau05,Roche pRED Bau 05,INT,Ausbau,FEIN,Feinmontage,38,332.5,5.0,8.75,14.300000000000004,42.5,745.0,279.0,6.0,2020-09-30,2022-10-14,0.13951310861423222,0.8361423220973783,1,0.02631578947368421,,3,0,0,0.04115481016183433,20
pred_bau05,pred_bau05,Roche pRED Bau 05,INT,Ausbau,END,Endmontage,358,3788.0,10.0,10.581005586592179,20.0,73.0,920.0,752.0,22.0,2020-09-30,2023-04-07,0.13951310861423222,1.0,41,0.11452513966480447,,5,3,0,0.4688554011820404,30
pred_bau05,pred_bau05,Roche pRED Bau 05,KO,Konstruktion,GROB,Grobmontage,178,1695.0,5.0,9.52247191011236,20.0,35.0,411.0,278.0,17.0,2021-05-10,2022-06-24,0.34737827715355807,0.7312734082397003,4,0.02247191011235955,,4,4,0,0.3574441164065795,10
pred_bau05,pred_bau05,Roche pRED Bau 05,KO,Konstruktion,END,Endmontage,315,3047.0,10.0,9.673015873015872,19.600000000000023,48.0,576.0,513.0,20.0,2021-06-02,2022-12-29,0.36891385767790263,0.9073033707865169,40,0.12698412698412698,,6,2,0,0.6425558835934205,30
pred_bau05,pred_bau05,Roche pRED Bau 05,OTH,Sonstige,GROB,Grobmontage,57,714.0,10.0,12.526315789473685,21.999999999999993,45.0,430.0,252.0,13.0,2021-04-21,2022-06-24,0.3295880149812734,0.7312734082397003,3,0.05263157894736842,,1,1,0,0.4265232974910394,10
pred_bau05,pred_bau05,Roche pRED Bau 05,OTH,Sonstige,FEIN,Feinmontage,27,271.0,9.0,10.037037037037036,20.0,30.0,159.0,120.0,8.0,2021-10-25,2022-04-01,0.5046816479400749,0.6526217228464419,1,0.037037037037037035,,1,0,0,0.16188769414575865,20
pred_bau05,pred_bau05,Roche pRED Bau 05,OTH,Sonstige,END,Endmontage,81,689.0,5.0,8.506172839506172,15.0,20.0,614.0,389.0,7.0,2021-07-26,2023-03-31,0.41947565543071164,0.9934456928838952,32,0.3950617283950617,,1,3,0,0.4115890083632019,30
pred_bau05,pred_bau05,Roche pRED Bau 05,SN,Sanitär,GROB,Grobmontage,16,169.0,10.0,10.5625,20.0,25.0,190.0,162.0,3.0,2021-07-29,2022-02-03,0.42228464419475653,0.599250936329588,0,0.0,,1,0,0,0.4412532637075718,10
pred_bau05,pred_bau05,Roche pRED Bau 05,SN,Sanitär,FEIN,Feinmontage,1,50.0,50.0,50.0,50.0,50.0,85.0,85.0,1.0,2021-12-09,2022-03-03,0.5468164794007491,0.6254681647940075,0,0.0,,1,0,0,0.13054830287206268,20
pred_bau05,pred_bau05,Roche pRED Bau 05,SN,Sanitär,END,Endmontage,15,164.0,10.0,10.933333333333334,18.0,30.0,379.0,199.0,2.0,2021-04-01,2022-04-14,0.31086142322097376,0.6647940074906367,1,0.06666666666666667,,1,0,0,0.4281984334203655,30
pred_bau07,pred_bau07,Roche pRED Bau 07,EL,Elektro,GROB,Grobmontage,70,1415.0,20.0,20.214285714285715,40.0,50.0,888.0,687.0,7.0,2020-06-10,2022-11-14,0.29646522234891676,0.8021664766248575,17,0.24285714285714285,,10,0,0,0.8081096516276414,10
pred_bau07,pred_bau07,Roche pRED Bau 07,EL,Elektro,FEIN,Feinmontage,16,336.0,12.5,21.0,42.0,42.0,992.0,277.0,4.0,2021-02-08,2023-10-27,0.43500570125427596,1.0,0,0.0,,4,0,0,0.19189034837235866,20
pred_bau07,pred_bau07,Roche pRED Bau 07,INT,Ausbau,GROB,Grobmontage,726,8560.0,10.0,11.790633608815426,20.0,30.0,842.0,762.0,40.0,2020-11-02,2023-02-21,0.379133409350057,0.8586088939566705,65,0.08953168044077135,,27,2,0,0.30857966834895456,10
pred_bau07,pred_bau07,Roche pRED Bau 07,INT,Ausbau,FEIN,Feinmontage,545,5732.0,10.0,10.51743119266055,25.0,30.0,846.0,616.0,29.0,2020-10-01,2023-01-24,0.36088939566704675,0.8426453819840365,67,0.12293577981651377,,25,0,0,0.20663302090843547,20
pred_bau07,pred_bau07,Roche pRED Bau 07,INT,Ausbau,END,Endmontage,1490,13448.0,10.0,9.025503355704698,15.0,45.0,1597.0,828.0,59.0,2019-01-07,2023-05-22,0.0,0.9099201824401368,435,0.29194630872483224,,25,3,0,0.48478731074260994,30
pred_bau07,pred_bau07,Roche pRED Bau 07,KO,Konstruktion,GROB,Grobmontage,43,685.0,15.0,15.930232558139535,24.00000000000002,60.0,681.0,329.0,10.0,2020-11-05,2022-09-16,0.3808437856328392,0.7685290763968073,3,0.06976744186046512,,5,2,0,0.4753643303261624,10
pred_bau07,pred_bau07,Roche pRED Bau 07,KO,Konstruktion,FEIN,Feinmontage,26,482.0,12.5,18.53846153846154,45.0,87.0,712.0,386.0,5.0,2020-10-01,2022-09-12,0.36088939566704675,0.766248574686431,0,0.0,,3,0,0,0.33448993754337264,20
pred_bau07,pred_bau07,Roche pRED Bau 07,KO,Konstruktion,END,Endmontage,31,274.0,9.0,8.838709677419354,20.0,30.0,785.0,258.0,5.0,2021-07-05,2023-08-28,0.5188141391106044,0.9657924743443558,1,0.03225806451612903,,8,1,0,0.19014573213046496,30
pred_bau07,pred_bau07,Roche pRED Bau 07,OTH,Sonstige,GROB,Grobmontage,31,300.0,5.0,9.67741935483871,20.0,30.0,634.0,231.0,4.0,2020-11-06,2022-08-01,0.3814139110604333,0.74230330672748,5,0.16129032258064516,,1,2,0,0.5084745762711864,10
pred_bau07,pred_bau07,Roche pRED Bau 07,OTH,Sonstige,FEIN,Feinmontage,18,175.0,10.0,9.722222222222221,15.0,15.0,512.0,146.0,4.0,2021-06-07,2022-10-31,0.5028506271379704,0.7941847206385405,5,0.2777777777777778,,1,0,0,0.2966101694915254,20
pred_bau07,pred_bau07,Roche pRED Bau 07,OTH,Sonstige,END,Endmontage,16,115.0,5.0,7.1875,10.0,20.0,477.0,113.0,3.0,2021-07-26,2022-11-14,0.5307867730900798,0.8021664766248575,0,0.0,,1,0,0,0.19491525423728814,30
pred_bau07,pred_bau07,Roche pRED Bau 07,SPEC,Spezialmedien,FEIN,Feinmontage,3,30.0,10.0,10.0,10.0,10.0,289.0,42.0,1.0,2021-08-25,2022-06-09,0.5478905359179019,0.7120866590649944,0,0.0,,3,0,0,0.08849557522123894,20
pred_bau07,pred_bau07,Roche pRED Bau 07,SPEC,Spezialmedien,END,Endmontage,32,309.0,7.5,9.65625,20.0,40.0,397.0,226.0,5.0,2022-03-07,2023-04-07,0.6584948688711516,0.8842645381984037,6,0.1875,,3,1,0,0.911504424778761,30
uh1,uh1,UH1 CS Master Schedule V6,EL,Elektro,GROB,Grobmontage,80,672.0,10.0,8.4,10.0,10.0,1656.0,383.0,6.0,2023-10-30,2028-05-11,0.18019549511262217,0.8835529111772206,0,0.0,,8,6,4,0.2572741194486983,10
uh1,uh1,UH1 CS Master Schedule V6,EL,Elektro,FEIN,Feinmontage,218,1940.0,10.0,8.899082568807339,10.0,10.0,1660.0,802.0,7.0,2024-05-09,2028-11-23,0.2617934551636209,0.9668508287292817,0,0.0,,9,7,0,0.7427258805513017,20
uh1,uh1,UH1 CS Master Schedule V6,ENV,Gebäudehülle,END,Endmontage,129,1714.0,10.0,13.286821705426357,30.0,30.0,1478.0,1051.0,6.0,2024-10-10,2028-10-26,0.32724181895452614,0.9549511262218444,0,0.0,,9,7,4,1.0,30
uh1,uh1,UH1 CS Master Schedule V6,EQUIP,Ausstattung,GROB,Grobmontage,4,8.0,2.0,2.0,2.0,2.0,634.0,10.0,1.0,2023-10-24,2025-07-18,0.17764555886102848,0.4466638334041649,0,0.0,,0,0,0,0.005047318611987382,10
uh1,uh1,UH1 CS Master Schedule V6,EQUIP,Ausstattung,END,Endmontage,114,1577.0,12.5,13.833333333333334,20.0,20.0,1614.0,696.0,11.0,2024-05-13,2028-10-12,0.2634934126646834,0.9490012749681258,0,0.0,,12,7,0,0.9949526813880126,30
uh1,uh1,UH1 CS Master Schedule V6,HZ,Heizung,GROB,Grobmontage,41,362.0,10.0,8.829268292682928,10.0,10.0,1281.0,289.0,3.0,2024-11-08,2028-05-11,0.33956651083722905,0.8835529111772206,0,0.0,,8,7,4,0.5,10
uh1,uh1,UH1 CS Master Schedule V6,HZ,Heizung,FEIN,Feinmontage,41,362.0,10.0,8.829268292682928,10.0,10.0,1303.0,277.0,3.0,2025-02-06,2028-08-31,0.3778155546111347,0.9311517212069699,0,0.0,,8,7,0,0.5,20
uh1,uh1,UH1 CS Master Schedule V6,INT,Ausbau,GROB,Grobmontage,47,422.0,10.0,8.97872340425532,10.0,10.0,1289.0,354.0,4.0,2024-11-28,2028-06-08,0.34806629834254144,0.8954526136846579,0,0.0,,8,7,4,0.09361135758651287,10
uh1,uh1,UH1 CS Master Schedule V6,INT,Ausbau,FEIN,Feinmontage,3,30.0,10.0,10.0,10.0,10.0,56.0,42.0,1.0,2028-01-07,2028-03-02,0.8304292392690182,0.8538036549086273,0,0.0,,3,1,2,0.006654835847382431,20
uh1,uh1,UH1 CS Master Schedule V6,INT,Ausbau,END,Endmontage,392,4056.0,10.0,10.346938775510203,20.0,20.0,1446.0,936.0,20.0,2024-09-30,2028-09-14,0.32299192520187,0.9371015724606885,0,0.0,,12,7,4,0.8997338065661047,30
uh1,uh1,UH1 CS Master Schedule V6,KO,Konstruktion,GROB,Grobmontage,368,3148.0,10.0,8.554347826086957,10.0,50.0,1926.0,742.0,21.0,2023-11-03,2029-02-09,0.18189545261368467,1.0,0,0.0,,11,7,4,0.9974651457541192,10
uh1,uh1,UH1 CS Master Schedule V6,KO,Konstruktion,FEIN,Feinmontage,8,8.0,1.0,1.0,1.0,1.0,1188.0,5.0,4.0,2024-10-24,2028-01-24,0.3331916702082448,0.8376540586485338,0,0.0,,5,4,0,0.0025348542458808617,20
uh1,uh1,UH1 CS Master Schedule V6,LF,Lüftung,GROB,Grobmontage,4,8.0,2.0,2.0,2.0,2.0,636.0,12.0,1.0,2023-11-01,2025-07-28,0.18104547386315342,0.4509137271568211,0,0.0,,0,0,0,0.010498687664041995,10
uh1,uh1,UH1 CS Master Schedule V6,LF,Lüftung,FEIN,Feinmontage,82,724.0,10.0,8.829268292682928,10.0,10.0,1382.0,564.0,3.0,2024-11-19,2028-08-31,0.34424139396515085,0.9311517212069699,0,0.0,,8,7,4,0.9501312335958005,20
uh1,uh1,UH1 CS Master Schedule V6,LF,Lüftung,END,Endmontage,3,30.0,10.0,10.0,10.0,10.0,56.0,42.0,1.0,2028-07-07,2028-08-31,0.9077773055673608,0.9311517212069699,0,0.0,,3,1,0,0.03937007874015748,30
uh1,uh1,UH1 CS Master Schedule V6,OTH,Sonstige,GROB,Grobmontage,6,60.0,10.0,10.0,10.0,10.0,84.0,70.0,2.0,2028-01-07,2028-03-30,0.8304292392690182,0.8657033574160646,0,0.0,,3,1,2,0.046296296296296294,10
uh1,uh1,UH1 CS Master Schedule V6,OTH,Sonstige,FEIN,Feinmontage,8,80.0,10.0,10.0,10.0,10.0,2150.0,112.0,1.0,2022-09-01,2028-07-20,0.0,0.9133021674458138,0,0.0,,3,1,0,0.06172839506172839,20
uh1,uh1,UH1 CS Master Schedule V6,OTH,Sonstige,END,Endmontage,120,1156.0,10.0,9.633333333333333,10.0,30.0,1540.0,682.0,6.0,2024-09-20,2028-12-07,0.31874203144921376,0.9728006799830005,0,0.0,,8,6,4,0.8919753086419753,30
uh1,uh1,UH1 CS Master Schedule V6,SEC,Sicherheit,GROB,Grobmontage,6,60.0,10.0,10.0,10.0,10.0,1274.0,56.0,2.0,2025-06-27,2028-12-21,0.4377390565235869,0.9787505312367191,0,0.0,,0,6,0,0.15306122448979592,10
uh1,uh1,UH1 CS Master Schedule V6,SEC,Sicherheit,FEIN,Feinmontage,38,332.0,10.0,8.736842105263158,10.0,10.0,1255.0,274.0,3.0,2024-09-11,2028-02-17,0.3149171270718232,0.8478538036549086,0,0.0,,8,6,4,0.8469387755102041,20
uh1,uh1,UH1 CS Master Schedule V6,SN,Sanitär,GROB,Grobmontage,4,8.0,2.0,2.0,2.0,2.0,636.0,8.0,1.0,2023-10-26,2025-07-22,0.1784955376115597,0.4483637909052274,0,0.0,,0,0,0,0.011396011396011397,10
uh1,uh1,UH1 CS Master Schedule V6,SN,Sanitär,FEIN,Feinmontage,79,694.0,10.0,8.784810126582279,10.0,10.0,1393.0,566.0,3.0,2024-11-08,2028-08-31,0.33956651083722905,0.9311517212069699,0,0.0,,8,7,4,0.9886039886039886,20
uh1,uh1,UH1 CS Master Schedule V6,TRANS,Transport,FEIN,Feinmontage,6,190.0,40.0,31.666666666666668,40.0,40.0,1225.0,154.0,2.0,2024-06-13,2027-10-20,0.27666808329791753,0.7968550786230344,0,0.0,,0,5,0,1.0,20
usb,usb,USB NBK2 Basel,AUTO,Automation,END,Endmontage,18,450.0,25.0,25.0,30.0,40.0,505.0,314.0,8.0,2028-09-28,2030-02-14,0.5621212121212121,0.943939393939394,0,0.0,,18,0,0,1.0,30
usb,usb,USB NBK2 Basel,EL,Elektro,GROB,Grobmontage,73,826.0,10.0,11.315068493150685,20.0,30.0,642.0,507.0,6.0,2026-11-02,2028-08-04,0.03484848484848485,0.5204545454545455,0,0.0,,20,0,0,0.20082664721614393,10
usb,usb,USB NBK2 Basel,EL,Elektro,FEIN,Feinmontage,233,2677.0,10.0,11.489270386266094,20.0,40.0,1191.0,1066.0,10.0,2026-09-17,2029-12-20,0.0,0.9015151515151515,0,0.0,,20,0,0,0.650863116946268,20
usb,usb,USB NBK2 Basel,EL,Elektro,END,Endmontage,84,610.0,5.0,7.261904761904762,10.0,40.0,1002.0,585.0,4.0,2026-11-19,2029-08-16,0.04772727272727273,0.806060606060606,0,0.0,,20,0,0,0.14831023583758812,30
usb,usb,USB NBK2 Basel,ENV,Gebäudehülle,FEIN,Feinmontage,1,20.0,20.0,20.0,20.0,20.0,29.0,29.0,1.0,2028-07-10,2028-08-07,0.5015151515151515,0.5227272727272727,0,0.0,,1,0,0,0.5,20
usb,usb,USB NBK2 Basel,ENV,Gebäudehülle,END,Endmontage,1,20.0,20.0,20.0,20.0,20.0,26.0,26.0,1.0,2028-06-12,2028-07-07,0.4803030303030303,0.49924242424242427,0,0.0,,1,0,0,0.5,30
usb,usb,USB NBK2 Basel,EQUIP,Ausstattung,GROB,Grobmontage,16,160.0,7.5,10.0,20.0,20.0,568.0,223.0,2.0,2026-11-26,2028-06-15,0.05303030303030303,0.4825757575757576,0,0.0,,15,0,0,0.0794044665012407,10
usb,usb,USB NBK2 Basel,EQUIP,Ausstattung,END,Endmontage,89,1855.0,20.0,20.84269662921348,20.0,120.0,1085.0,777.0,9.0,2027-05-11,2030-04-29,0.1787878787878788,1.0,0,0.0,,16,0,0,0.9205955334987593,30
usb,usb,USB NBK2 Basel,GAS,Gas,GROB,Grobmontage,16,380.0,20.0,23.75,35.0,50.0,593.0,456.0,2.0,2027-02-08,2028-09-22,0.10909090909090909,0.5575757575757576,0,0.0,,16,0,0,1.0,10
usb,usb,USB NBK2 Basel,HZ,Heizung,GROB,Grobmontage,76,1204.0,14.0,15.842105263157896,30.0,50.0,732.0,693.0,8.0,2026-10-06,2028-10-06,0.014393939393939395,0.5681818181818182,0,0.0,,20,0,0,0.5867446393762183,10
usb,usb,USB NBK2 Basel,HZ,Heizung,FEIN,Feinmontage,56,613.0,10.0,10.946428571428571,20.0,20.0,819.0,532.0,4.0,2027-01-26,2029-04-23,0.09924242424242424,0.718939393939394,0,0.0,,19,0,0,0.2987329434697856,20
usb,usb,USB NBK2 Basel,HZ,Heizung,END,Endmontage,24,235.0,10.0,9.791666666666666,15.0,15.0,716.0,318.0,2.0,2027-09-01,2029-08-16,0.2643939393939394,0.806060606060606,0,0.0,,17,0,0,0.1145224171539961,30
usb,usb,USB NBK2 Basel,INT,Ausbau,GROB,Grobmontage,52,599.0,12.0,11.51923076923077,15.0,30.0,648.0,528.0,4.0,2026-09-21,2028-06-29,0.0030303030303030303,0.49318181818181817,0,0.0,,20,0,0,0.14591961023142508,10
usb,usb,USB NBK2 Basel,INT,Ausbau,FEIN,Feinmontage,1,20.0,20.0,20.0,20.0,20.0,29.0,29.0,1.0,2028-07-10,2028-08-07,0.5015151515151515,0.5227272727272727,0,0.0,,1,0,0,0.0048721071863581,20
usb,usb,USB NBK2 Basel,INT,Ausbau,END,Endmontage,339,3486.0,10.0,10.283185840707965,20.0,80.0,1071.0,935.0,13.0,2026-09-25,2029-08-30,0.006060606060606061,0.8166666666666667,0,0.0,,20,0,0,0.8492082825822168,30
usb,usb,USB NBK2 Basel,KO,Konstruktion,GROB,Grobmontage,60,504.0,5.0,8.4,25.0,30.0,709.0,399.0,5.0,2026-09-21,2028-08-29,0.0030303030303030303,0.5393939393939394,0,0.0,,6,0,0,0.9710982658959537,10
usb,usb,USB NBK2 Basel,KO,Konstruktion,FEIN,Feinmontage,1,15.0,15.0,15.0,15.0,15.0,21.0,21.0,1.0,2028-08-22,2028-09-11,0.5340909090909091,0.5492424242424242,0,0.0,,1,0,0,0.028901734104046242,20
usb,usb,USB NBK2 Basel,KT,Kälte,GROB,Grobmontage,2,12.0,6.0,6.0,9.2,10.0,365.0,16.0,1.0,2027-01-28,2028-01-27,0.10075757575757575,0.3765151515151515,0,0.0,,2,0,0,1.0,10
usb,usb,USB NBK2 Basel,LF,Lüftung,GROB,Grobmontage,73,1126.0,10.0,15.424657534246576,30.0,50.0,733.0,681.0,7.0,2026-10-19,2028-10-20,0.024242424242424242,0.5787878787878787,0,0.0,,20,0,0,0.7213324791800129,10
usb,usb,USB NBK2 Basel,LF,Lüftung,FEIN,Feinmontage,11,200.0,15.0,18.181818181818183,25.0,30.0,784.0,251.0,3.0,2027-02-03,2029-03-27,0.1053030303030303,0.6984848484848485,0,0.0,,5,0,0,0.12812299807815503,20
usb,usb,USB NBK2 Basel,LF,Lüftung,END,Endmontage,24,235.0,10.0,9.791666666666666,15.0,15.0,716.0,318.0,2.0,2027-09-01,2029-08-16,0.2643939393939394,0.806060606060606,0,0.0,,17,0,0,0.15054452274183217,30
usb,usb,USB NBK2 Basel,OTH,Sonstige,END,Endmontage,171,516.0,2.0,3.017543859649123,5.0,5.0,952.0,466.0,4.0,2027-01-29,2029-09-06,0.10151515151515152,0.821969696969697,0,0.0,,20,0,0,1.0,30
usb,usb,USB NBK2 Basel,SEC,Sicherheit,FEIN,Feinmontage,21,230.0,10.0,10.952380952380953,10.0,20.0,561.0,259.0,3.0,2027-04-09,2028-10-20,0.15454545454545454,0.5787878787878787,0,0.0,,16,0,0,1.0,20
usb,usb,USB NBK2 Basel,SN,Sanitär,GROB,Grobmontage,65,1038.0,14.0,15.96923076923077,30.0,50.0,740.0,661.0,7.0,2026-10-05,2028-10-13,0.013636363636363636,0.5734848484848485,0,0.0,,20,0,0,0.6372007366482505,10
usb,usb,USB NBK2 Basel,SN,Sanitär,FEIN,Feinmontage,13,160.0,10.0,12.307692307692308,20.0,20.0,575.0,230.0,1.0,2027-03-12,2028-10-06,0.13333333333333333,0.5681818181818182,0,0.0,,11,0,1,0.09821976672805402,20
usb,usb,USB NBK2 Basel,SN,Sanitär,END,Endmontage,47,431.0,10.0,9.170212765957446,15.0,20.0,847.0,470.0,4.0,2027-04-23,2029-08-16,0.16515151515151516,0.806060606060606,0,0.0,,18,0,0,0.2645794966236955,30
usb,usb,USB NBK2 Basel,SPEC,Spezialmedien,FEIN,Feinmontage,1,5.0,5.0,5.0,5.0,5.0,5.0,5.0,1.0,2028-06-26,2028-06-30,0.4909090909090909,0.49393939393939396,0,0.0,,1,0,0,1.0,20
usb,usb,USB NBK2 Basel,SPR,Sprinkler,GROB,Grobmontage,65,1046.0,14.0,16.092307692307692,30.0,50.0,712.0,660.0,7.0,2026-10-26,2028-10-06,0.029545454545454545,0.5681818181818182,0,0.0,,20,0,0,0.9500454132606722,10
usb,usb,USB NBK2 Basel,SPR,Sprinkler,FEIN,Feinmontage,4,55.0,12.5,13.75,18.5,20.0,838.0,74.0,1.0,2026-12-07,2029-03-23,0.06136363636363636,0.6954545454545454,0,0.0,,3,0,0,0.049954586739327886,20
usb,usb,USB NBK2 Basel,TRANS,Transport,GROB,Grobmontage,25,412.0,20.0,16.48,20.0,50.0,677.0,470.0,3.0,2026-11-16,2028-09-22,0.045454545454545456,0.5575757575757576,0,0.0,,18,0,0,0.8728813559322034,10
usb,usb,USB NBK2 Basel,TRANS,Transport,FEIN,Feinmontage,3,60.0,20.0,20.0,20.0,20.0,360.0,87.0,1.0,2027-03-08,2028-03-01,0.1303030303030303,0.4022727272727273,0,0.0,,3,0,0,0.1271186440677966,20
