schedule_id,project,schedule_label,gewerk,gewerk_name,stage,stage_name,tasks,task_days,median_task_days,mean_task_days,p90_task_days,max_task_days,span_days,active_days,peak_concurrency,first_start,last_finish,start_position,finish_position,critical_tasks,critical_share,person_days,floors,zones,contractors,inferred_task_days,stage_share_of_gewerk,stage_order
baeretower,baeretower,Zentrum Bären / BäreTower,EL,Elektro,GROB,Grobmontage,1,15.0,15.0,15.0,15.0,15.0,19.0,19.0,1.0,2020-10-12,2020-10-30,0.4480651731160896,0.4663951120162933,0,0.0,,0,0,0,0.0,0.027932960893854747,10
baeretower,baeretower,Zentrum Bären / BäreTower,EL,Elektro,FEIN,Feinmontage,38,302.0,5.0,7.947368421052632,18.000000000000043,25.0,375.0,214.0,5.0,2020-12-08,2021-12-17,0.5061099796334012,0.8869653767820774,0,0.0,560.0,30,0,0,110.0,0.5623836126629422,20
baeretower,baeretower,Zentrum Bären / BäreTower,EL,Elektro,END,Endmontage,7,220.0,5.0,31.428571428571427,81.00000000000006,180.0,331.0,283.0,3.0,2021-05-12,2022-04-07,0.6639511201629328,1.0,0,0.0,360.0,2,0,0,195.0,0.409683426443203,30
baeretower,baeretower,Zentrum Bären / BäreTower,ENV,Gebäudehülle,GROB,Grobmontage,5,22.0,3.0,4.4,8.0,10.0,481.0,28.0,1.0,2020-05-18,2021-09-10,0.2983706720977597,0.7871690427698574,0,0.0,,0,0,0,0.0,0.01071602532878714,10
baeretower,baeretower,Zentrum Bären / BäreTower,ENV,Gebäudehülle,END,Endmontage,351,2031.0,2.0,5.786324786324786,18.0,323.0,590.0,554.0,11.0,2020-03-31,2021-11-10,0.2494908350305499,0.8492871690427699,0,0.0,8370.0,35,0,0,723.0,0.9892839746712129,30
baeretower,baeretower,Zentrum Bären / BäreTower,EQUIP,Ausstattung,END,Endmontage,87,261.0,2.0,3.0,5.0,5.0,398.0,220.0,6.0,2020-11-18,2021-12-20,0.48574338085539714,0.890020366598778,0,0.0,1247.0,28,0,0,0.0,1.0,30
baeretower,baeretower,Zentrum Bären / BäreTower,HZ,Heizung,FEIN,Feinmontage,1,1.0,1.0,1.0,1.0,1.0,1.0,1.0,1.0,2020-10-13,2020-10-13,0.44908350305498984,0.44908350305498984,0,0.0,2.0,1,0,0,0.0,1.0,20
baeretower,baeretower,Zentrum Bären / BäreTower,INT,Ausbau,GROB,Grobmontage,207,2446.0,3.0,11.816425120772946,40.0,146.0,852.0,845.0,15.0,2019-08-08,2021-12-06,0.009164969450101833,0.8757637474541752,0,0.0,10531.0,36,0,0,2276.0,0.5441601779755284,10
baeretower,baeretower,Zentrum Bären / BäreTower,INT,Ausbau,FEIN,Feinmontage,3,21.0,10.0,7.0,10.0,10.0,93.0,25.0,1.0,2020-10-05,2021-01-05,0.4409368635437882,0.5346232179226069,0,0.0,,1,0,0,21.0,0.0046718576195773085,20
baeretower,baeretower,Zentrum Bären / BäreTower,INT,Ausbau,END,Endmontage,498,2028.0,2.0,4.072289156626506,10.0,80.0,570.0,563.0,19.0,2020-05-27,2021-12-17,0.3075356415478615,0.8869653767820774,0,0.0,8909.0,31,0,0,851.0,0.4511679644048943,30
baeretower,baeretower,Zentrum Bären / BäreTower,KO,Konstruktion,GROB,Grobmontage,10,133.0,5.0,13.3,28.299999999999983,67.0,519.0,172.0,3.0,2020-01-06,2021-06-07,0.1629327902240326,0.6904276985743381,0,0.0,,0,0,0,68.0,0.8159509202453987,10
baeretower,baeretower,Zentrum Bären / BäreTower,KO,Konstruktion,FEIN,Feinmontage,1,5.0,5.0,5.0,5.0,5.0,9.0,9.0,1.0,2019-07-30,2019-08-07,0.0,0.008146639511201629,0,0.0,25.0,0,0,0,5.0,0.03067484662576687,20
baeretower,baeretower,Zentrum Bären / BäreTower,KO,Konstruktion,END,Endmontage,2,25.0,12.5,12.5,14.5,15.0,41.0,35.0,1.0,2020-06-11,2020-07-21,0.3228105906313646,0.3635437881873727,0,0.0,100.0,1,0,0,25.0,0.15337423312883436,30
baeretower,baeretower,Zentrum Bären / BäreTower,LF,Lüftung,FEIN,Feinmontage,2,10.0,5.0,5.0,5.0,5.0,30.0,14.0,1.0,2021-03-17,2021-04-15,0.6069246435845214,0.6364562118126272,0,0.0,,0,0,0,0.0,1.0,20
baeretower,baeretower,Zentrum Bären / BäreTower,OTH,Sonstige,GROB,Grobmontage,1,30.0,30.0,30.0,30.0,30.0,42.0,42.0,1.0,2021-01-06,2021-02-16,0.5356415478615071,0.5773930753564155,0,0.0,,1,0,0,30.0,0.18867924528301888,10
baeretower,baeretower,Zentrum Bären / BäreTower,OTH,Sonstige,END,Endmontage,37,129.0,3.0,3.4864864864864864,5.199999999999996,10.0,365.0,122.0,3.0,2020-12-23,2021-12-22,0.5213849287169042,0.8920570264765784,0,0.0,435.0,31,0,0,0.0,0.8113207547169812,30
baeretower,baeretower,Zentrum Bären / BäreTower,SEC,Sicherheit,END,Endmontage,31,31.0,1.0,1.0,1.0,1.0,363.0,23.0,2.0,2020-12-23,2021-12-20,0.5213849287169042,0.890020366598778,0,0.0,58.0,28,0,0,31.0,1.0,30
baeretower,baeretower,Zentrum Bären / BäreTower,SITE,Umgebung,GROB,Grobmontage,62,1091.0,7.5,17.596774193548388,76.49999999999994,145.0,820.0,503.0,9.0,2019-11-18,2022-02-14,0.11303462321792261,0.9470468431771895,0,0.0,100.0,1,0,0,505.0,0.9405172413793104,10
baeretower,baeretower,Zentrum Bären / BäreTower,SITE,Umgebung,FEIN,Feinmontage,1,15.0,15.0,15.0,15.0,15.0,21.0,21.0,1.0,2020-09-22,2020-10-12,0.42769857433808556,0.4480651731160896,0,0.0,,0,0,0,0.0,0.01293103448275862,20
baeretower,baeretower,Zentrum Bären / BäreTower,SITE,Umgebung,END,Endmontage,3,54.0,15.0,18.0,23.0,25.0,45.0,45.0,3.0,2020-05-05,2020-06-18,0.285132382892057,0.329938900203666,0,0.0,,0,0,0,54.0,0.04655172413793104,30
baeretower,baeretower,Zentrum Bären / BäreTower,SN,Sanitär,GROB,Grobmontage,7,193.0,15.0,27.571428571428573,68.0,80.0,400.0,248.0,3.0,2020-06-23,2021-07-27,0.335030549898167,0.7413441955193483,0,0.0,,3,0,0,0.0,0.17673992673992675,10
baeretower,baeretower,Zentrum Bären / BäreTower,SN,Sanitär,FEIN,Feinmontage,188,853.0,5.0,4.537234042553192,10.0,10.0,442.0,353.0,10.0,2020-10-05,2021-12-20,0.4409368635437882,0.890020366598778,0,0.0,2566.0,30,0,0,0.0,0.7811355311355311,20
baeretower,baeretower,Zentrum Bären / BäreTower,SN,Sanitär,END,Endmontage,23,46.0,2.0,2.0,2.0,2.0,248.0,38.0,2.0,2021-03-24,2021-11-26,0.6140529531568228,0.8655804480651731,0,0.0,92.0,23,0,0,46.0,0.04212454212454213,30
baeretower,baeretower,Zentrum Bären / BäreTower,SPR,Sprinkler,FEIN,Feinmontage,2,4.0,2.0,2.0,2.0,2.0,23.0,4.0,1.0,2021-03-31,2021-04-22,0.6211812627291242,0.6435845213849287,0,0.0,,0,0,0,0.0,1.0,20
baeretower,baeretower,Zentrum Bären / BäreTower,TRANS,Transport,GROB,Grobmontage,1,2.0,2.0,2.0,2.0,2.0,2.0,2.0,1.0,2021-11-30,2021-12-01,0.869653767820774,0.8706720977596741,0,0.0,,0,0,0,0.0,0.005208333333333333,10
baeretower,baeretower,Zentrum Bären / BäreTower,TRANS,Transport,FEIN,Feinmontage,13,382.0,20.0,29.384615384615383,50.0,85.0,749.0,286.0,3.0,2019-10-03,2021-10-20,0.06619144602851323,0.8279022403258656,0,0.0,60.0,1,0,0,0.0,0.9947916666666666,20
burckhardt,burckhardt,Burckhardt Laborgebäude,EL,Elektro,GROB,Grobmontage,23,135.0,5.0,5.869565217391305,5.0,25.0,334.0,93.0,2.0,2025-11-17,2026-10-16,0.34575955265610436,0.6561043802423113,0,0.0,,11,1,1,0.0,0.07356948228882834,10
burckhardt,burckhardt,Burckhardt Laborgebäude,EL,Elektro,FEIN,Feinmontage,74,1475.0,20.0,19.93243243243243,35.0,60.0,498.0,484.0,10.0,2026-01-12,2027-05-24,0.3979496738117428,0.8611369990680335,0,0.0,,11,4,4,110.0,0.8038147138964578,20
burckhardt,burckhardt,Burckhardt Laborgebäude,EL,Elektro,END,Endmontage,21,225.0,10.0,10.714285714285714,15.0,15.0,229.0,220.0,4.0,2026-10-19,2027-06-04,0.6589002795899348,0.8713886300093197,0,0.0,,11,2,1,0.0,0.1226158038147139,30
burckhardt,burckhardt,Burckhardt Laborgebäude,ENV,Gebäudehülle,GROB,Grobmontage,24,279.0,10.0,11.625,15.0,25.0,488.0,292.0,3.0,2025-05-05,2026-09-04,0.16309412861137,0.6169617893755824,0,0.0,,7,0,2,0.0,0.3052516411378556,10
burckhardt,burckhardt,Burckhardt Laborgebäude,ENV,Gebäudehülle,END,Endmontage,56,635.0,10.0,11.339285714285714,20.0,60.0,593.0,413.0,6.0,2025-07-07,2027-02-19,0.22180801491146318,0.7735321528424977,0,0.0,,9,4,7,170.0,0.6947483588621444,30
burckhardt,burckhardt,Burckhardt Laborgebäude,EQUIP,Ausstattung,GROB,Grobmontage,2,30.0,15.0,15.0,19.0,20.0,915.0,38.0,1.0,2024-11-11,2027-05-14,0.0,0.8518173345759553,0,0.0,,0,1,1,10.0,0.031914893617021274,10
burckhardt,burckhardt,Burckhardt Laborgebäude,EQUIP,Ausstattung,FEIN,Feinmontage,9,45.0,5.0,5.0,5.0,5.0,187.0,45.0,1.0,2026-01-26,2026-07-31,0.4109972041006524,0.5843429636533085,0,0.0,,9,1,1,45.0,0.047872340425531915,20
burckhardt,burckhardt,Burckhardt Laborgebäude,EQUIP,Ausstattung,END,Endmontage,89,865.0,10.0,9.719101123595506,20.0,20.0,502.0,439.0,8.0,2026-02-09,2027-06-25,0.424044734389562,0.8909599254426841,0,0.0,,10,2,8,290.0,0.9202127659574468,30
burckhardt,burckhardt,Burckhardt Laborgebäude,HZ,Heizung,GROB,Grobmontage,21,115.0,5.0,5.476190476190476,5.0,15.0,250.0,79.0,2.0,2025-11-17,2026-07-24,0.34575955265610436,0.5778191985088537,0,0.0,,11,2,2,15.0,0.12921348314606743,10
burckhardt,burckhardt,Burckhardt Laborgebäude,HZ,Heizung,FEIN,Feinmontage,44,670.0,15.0,15.227272727272727,20.0,30.0,327.0,321.0,7.0,2026-01-26,2026-12-18,0.4109972041006524,0.7148182665424044,0,0.0,,11,3,1,0.0,0.7528089887640449,20
burckhardt,burckhardt,Burckhardt Laborgebäude,HZ,Heizung,END,Endmontage,12,105.0,5.0,8.75,15.0,30.0,306.0,113.0,2.0,2026-07-27,2027-05-28,0.5806150978564771,0.8648648648648649,0,0.0,,11,3,1,30.0,0.11797752808988764,30
burckhardt,burckhardt,Burckhardt Laborgebäude,INT,Ausbau,GROB,Grobmontage,34,320.0,5.0,9.411764705882353,15.0,30.0,817.0,343.0,3.0,2024-12-09,2027-03-05,0.0260950605778192,0.7865796831314072,0,0.0,,12,2,2,90.0,0.10996563573883161,10
burckhardt,burckhardt,Burckhardt Laborgebäude,INT,Ausbau,END,Endmontage,306,2590.0,10.0,8.4640522875817,15.0,25.0,565.0,552.0,14.0,2025-11-03,2027-05-21,0.33271202236719477,0.8583410997204101,0,0.0,,11,5,10,1090.0,0.8900343642611683,30
burckhardt,burckhardt,Burckhardt Laborgebäude,KO,Konstruktion,GROB,Grobmontage,90,1204.0,10.0,13.377777777777778,20.0,45.0,848.0,561.0,7.0,2024-12-09,2027-04-05,0.0260950605778192,0.8154706430568499,0,0.0,,11,3,3,135.0,1.0,10
burckhardt,burckhardt,Burckhardt Laborgebäude,KT,Kälte,GROB,Grobmontage,1,10.0,10.0,10.0,10.0,10.0,12.0,12.0,1.0,2025-12-08,2025-12-19,0.36533084808946875,0.37558247903075487,0,0.0,,0,1,1,0.0,0.05263157894736842,10
burckhardt,burckhardt,Burckhardt Laborgebäude,KT,Kälte,FEIN,Feinmontage,17,160.0,10.0,9.411764705882353,12.000000000000002,20.0,369.0,173.0,2.0,2026-05-11,2027-05-14,0.5088536812674743,0.8518173345759553,0,0.0,,11,3,3,5.0,0.8421052631578947,20
burckhardt,burckhardt,Burckhardt Laborgebäude,KT,Kälte,END,Endmontage,4,20.0,5.0,5.0,5.0,5.0,208.0,20.0,1.0,2026-11-02,2027-05-28,0.6719478098788444,0.8648648648648649,0,0.0,,4,2,1,0.0,0.10526315789473684,30
burckhardt,burckhardt,Burckhardt Laborgebäude,LF,Lüftung,GROB,Grobmontage,13,135.0,10.0,10.384615384615385,10.0,15.0,596.0,140.0,2.0,2025-11-17,2027-07-05,0.34575955265610436,0.9002795899347623,0,0.0,,11,3,2,10.0,0.2523364485981308,10
burckhardt,burckhardt,Burckhardt Laborgebäude,LF,Lüftung,FEIN,Feinmontage,34,335.0,10.0,9.852941176470589,15.0,15.0,383.0,272.0,4.0,2026-03-02,2027-03-19,0.44361602982292636,0.7996272134203168,0,0.0,,11,5,3,60.0,0.6261682242990654,20
burckhardt,burckhardt,Burckhardt Laborgebäude,LF,Lüftung,END,Endmontage,11,65.0,5.0,5.909090909090909,5.0,15.0,208.0,64.0,2.0,2026-11-02,2027-05-28,0.6719478098788444,0.8648648648648649,0,0.0,,11,2,1,0.0,0.12149532710280374,30
burckhardt,burckhardt,Burckhardt Laborgebäude,OTH,Sonstige,GROB,Grobmontage,12,70.0,5.0,5.833333333333333,5.0,15.0,215.0,69.0,2.0,2025-12-08,2026-07-10,0.36533084808946875,0.5647716682199441,0,0.0,,11,1,1,55.0,0.2692307692307692,10
burckhardt,burckhardt,Burckhardt Laborgebäude,OTH,Sonstige,FEIN,Feinmontage,3,45.0,20.0,15.0,20.0,20.0,47.0,47.0,2.0,2026-04-20,2026-06-05,0.48928238583411,0.53215284249767,0,0.0,,1,1,1,0.0,0.17307692307692307,20
burckhardt,burckhardt,Burckhardt Laborgebäude,OTH,Sonstige,END,Endmontage,17,145.0,5.0,8.529411764705882,15.0,20.0,416.0,170.0,2.0,2026-08-31,2027-10-20,0.6132339235787512,1.0,0,0.0,,11,3,1,75.0,0.5576923076923077,30
burckhardt,burckhardt,Burckhardt Laborgebäude,SEC,Sicherheit,GROB,Grobmontage,11,110.0,10.0,10.0,10.0,10.0,222.0,132.0,1.0,2026-02-23,2026-10-02,0.43709226467847156,0.6430568499534017,0,0.0,,11,1,1,0.0,1.0,10
burckhardt,burckhardt,Burckhardt Laborgebäude,SN,Sanitär,GROB,Grobmontage,40,355.0,7.5,8.875,15.0,15.0,341.0,278.0,3.0,2025-11-24,2026-10-30,0.35228331780055916,0.6691519105312209,0,0.0,,11,3,2,255.0,0.5725806451612904,10
burckhardt,burckhardt,Burckhardt Laborgebäude,SN,Sanitär,FEIN,Feinmontage,1,20.0,20.0,20.0,20.0,20.0,26.0,26.0,1.0,2026-07-13,2026-08-07,0.5675675675675675,0.5908667287977633,0,0.0,,1,1,1,0.0,0.03225806451612903,20
burckhardt,burckhardt,Burckhardt Laborgebäude,SN,Sanitär,END,Endmontage,22,245.0,15.0,11.136363636363637,15.0,20.0,530.0,272.0,3.0,2025-12-15,2027-05-28,0.3718546132339236,0.8648648648648649,0,0.0,,11,3,1,185.0,0.3951612903225806,30
burckhardt,burckhardt,Burckhardt Laborgebäude,SPR,Sprinkler,GROB,Grobmontage,23,180.0,5.0,7.826086956521739,10.0,15.0,376.0,191.0,2.0,2025-12-01,2026-12-11,0.35880708294501396,0.7082945013979497,0,0.0,,11,2,1,125.0,0.7058823529411765,10
burckhardt,burckhardt,Burckhardt Laborgebäude,SPR,Sprinkler,END,Endmontage,11,75.0,5.0,6.818181818181818,15.0,15.0,278.0,78.0,2.0,2026-06-15,2027-03-19,0.5414725069897484,0.7996272134203168,0,0.0,,11,1,1,0.0,0.29411764705882354,30
burckhardt,burckhardt,Burckhardt Laborgebäude,TRANS,Transport,GROB,Grobmontage,2,325.0,162.5,162.5,284.5,315.0,474.0,472.0,1.0,2026-04-06,2027-07-23,0.4762348555452004,0.9170549860205033,0,0.0,,0,1,1,325.0,0.5963302752293578,10
burckhardt,burckhardt,Burckhardt Laborgebäude,TRANS,Transport,FEIN,Feinmontage,4,220.0,62.5,55.0,70.0,70.0,183.0,139.0,3.0,2026-03-02,2026-08-31,0.44361602982292636,0.6132339235787512,0,0.0,,0,1,1,0.0,0.4036697247706422,20
dc30,dc30,DC30 Rechenzentrum,AUTO,Automation,GROB,Grobmontage,39,218.0,5.0,5.589743589743589,5.0,16.0,252.0,157.0,4.0,2026-08-04,2027-04-12,0.3629976580796253,0.9508196721311475,0,0.0,,4,5,0,204.0,0.06468842729970327,10
dc30,dc30,DC30 Rechenzentrum,AUTO,Automation,FEIN,Feinmontage,342,3152.0,5.0,9.216374269005849,20.0,51.0,421.0,299.0,35.0,2026-03-02,2027-04-26,0.0,0.9836065573770492,0,0.0,,7,17,0,0.0,0.9353115727002967,20
dc30,dc30,DC30 Rechenzentrum,EL,Elektro,GROB,Grobmontage,174,1330.0,5.0,7.64367816091954,10.0,69.0,340.0,340.0,21.0,2026-03-16,2027-02-18,0.03278688524590164,0.8266978922716628,0,0.0,,5,16,0,20.0,0.10962743158588856,10
dc30,dc30,DC30 Rechenzentrum,EL,Elektro,FEIN,Feinmontage,1293,10802.0,5.0,8.354215003866976,15.0,82.0,400.0,398.0,130.0,2026-03-09,2027-04-12,0.01639344262295082,0.9508196721311475,3,0.002320185614849188,,6,17,0,0.0,0.8903725684141114,20
dc30,dc30,DC30 Rechenzentrum,ENV,Gebäudehülle,GROB,Grobmontage,12,73.0,5.0,6.083333333333333,6.0,16.0,142.0,78.0,2.0,2026-10-12,2027-03-02,0.5245901639344263,0.8548009367681498,0,0.0,,1,5,0,0.0,0.11568938193343899,10
dc30,dc30,DC30 Rechenzentrum,ENV,Gebäudehülle,END,Endmontage,54,558.0,10.0,10.333333333333334,15.700000000000003,26.0,359.0,213.0,9.0,2026-03-23,2027-03-16,0.04918032786885246,0.8875878220140515,0,0.0,,7,10,0,238.0,0.884310618066561,30
dc30,dc30,DC30 Rechenzentrum,HZ,Heizung,FEIN,Feinmontage,147,1106.0,5.0,7.523809523809524,15.0,25.0,316.0,261.0,14.0,2026-04-13,2027-02-22,0.09836065573770492,0.8360655737704918,0,0.0,,6,11,0,0.0,1.0,20
dc30,dc30,DC30 Rechenzentrum,INT,Ausbau,GROB,Grobmontage,1,10.0,10.0,10.0,10.0,10.0,14.0,14.0,1.0,2026-07-29,2026-08-11,0.34894613583138173,0.3793911007025761,0,0.0,,1,1,0,0.0,0.0021155066638459913,10
dc30,dc30,DC30 Rechenzentrum,INT,Ausbau,END,Endmontage,695,4717.0,5.0,6.7870503597122305,10.0,59.0,407.0,405.0,52.0,2026-03-09,2027-04-19,0.01639344262295082,0.9672131147540983,2,0.0028776978417266188,,6,14,0,112.0,0.997884493336154,30
dc30,dc30,DC30 Rechenzentrum,KO,Konstruktion,GROB,Grobmontage,104,656.0,5.0,6.3076923076923075,10.0,22.0,287.0,263.0,17.0,2026-05-29,2027-03-11,0.20608899297423888,0.8758782201405152,0,0.0,,6,12,0,0.0,1.0,10
dc30,dc30,DC30 Rechenzentrum,KT,Kälte,FEIN,Feinmontage,655,5245.0,5.0,8.007633587786259,15.0,42.0,347.0,347.0,49.0,2026-04-20,2027-04-01,0.11475409836065574,0.9250585480093677,40,0.061068702290076333,,7,14,0,513.0,1.0,20
dc30,dc30,DC30 Rechenzentrum,LF,Lüftung,FEIN,Feinmontage,268,2266.0,5.0,8.455223880597014,15.0,59.0,338.0,336.0,30.0,2026-03-30,2027-03-02,0.06557377049180328,0.8548009367681498,3,0.011194029850746268,,7,11,0,460.0,1.0,20
dc30,dc30,DC30 Rechenzentrum,OTH,Sonstige,FEIN,Feinmontage,9,180.0,5.0,20.0,50.0,50.0,138.0,122.0,5.0,2026-08-03,2026-12-18,0.36065573770491804,0.6814988290398126,0,0.0,,3,4,0,0.0,0.33271719038817005,20
dc30,dc30,DC30 Rechenzentrum,OTH,Sonstige,END,Endmontage,72,361.0,5.0,5.013888888888889,5.0,7.0,245.0,194.0,6.0,2026-09-01,2027-05-03,0.42857142857142855,1.0,0,0.0,,5,7,0,0.0,0.66728280961183,30
dc30,dc30,DC30 Rechenzentrum,SN,Sanitär,FEIN,Feinmontage,96,593.0,5.0,6.177083333333333,10.0,20.0,248.0,217.0,18.0,2026-04-20,2026-12-23,0.11475409836065574,0.6932084309133489,0,0.0,,6,8,0,0.0,1.0,20
dc30,dc30,DC30 Rechenzentrum,SPR,Sprinkler,FEIN,Feinmontage,350,2380.0,5.0,6.8,10.0,65.0,375.0,354.0,37.0,2026-03-16,2027-03-25,0.03278688524590164,0.9086651053864169,1,0.002857142857142857,,5,9,0,0.0,0.9039118875807064,20
dc30,dc30,DC30 Rechenzentrum,SPR,Sprinkler,END,Endmontage,34,253.0,6.0,7.4411764705882355,10.0,11.0,153.0,145.0,7.0,2026-06-24,2026-11-23,0.26697892271662765,0.6229508196721312,0,0.0,,5,8,0,253.0,0.09608811241929358,30
dc30,dc30,DC30 Rechenzentrum,TRANS,Transport,FEIN,Feinmontage,69,377.0,5.0,5.463768115942029,5.0,16.0,227.0,210.0,9.0,2026-07-28,2027-03-11,0.34660421545667447,0.8758782201405152,0,0.0,,5,8,0,0.0,0.9617346938775511,20
dc30,dc30,DC30 Rechenzentrum,TRANS,Transport,END,Endmontage,3,15.0,5.0,5.0,5.0,5.0,93.0,17.0,1.0,2026-09-17,2026-12-18,0.46604215456674475,0.6814988290398126,0,0.0,,1,1,0,15.0,0.03826530612244898,30
elp_v6,elp,ELP Masterterminplan V6,AUTO,Automation,END,Endmontage,61,749.0,10.0,12.278688524590164,20.0,40.0,1105.0,278.0,14.0,2024-08-08,2027-08-17,0.13510798593671522,0.6896032144650929,1,0.01639344262295082,,3,17,1,0.0,1.0,30
elp_v6,elp,ELP Masterterminplan V6,EL,Elektro,GROB,Grobmontage,102,490.0,5.0,4.803921568627451,5.0,20.0,722.0,249.0,12.0,2025-05-19,2027-05-10,0.2777498744349573,0.6398794575590155,0,0.0,,3,11,3,157.0,0.09784345047923322,10
elp_v6,elp,ELP Masterterminplan V6,EL,Elektro,FEIN,Feinmontage,434,2737.0,5.0,6.306451612903226,15.0,50.0,1102.0,451.0,38.0,2024-07-15,2027-07-21,0.12305374183827222,0.6760421898543445,3,0.0069124423963133645,,3,21,6,351.0,0.5465255591054313,20
elp_v6,elp,ELP Masterterminplan V6,EL,Elektro,END,Endmontage,316,1781.0,5.0,5.636075949367089,15.0,40.0,1095.0,463.0,43.0,2024-08-12,2027-08-11,0.13711702661978906,0.6865896534404822,1,0.0031645569620253164,,3,20,4,93.0,0.35563099041533547,30
elp_v6,elp,ELP Masterterminplan V6,ENV,Gebäudehülle,GROB,Grobmontage,4,10.0,2.0,2.5,4.4,5.0,246.0,13.0,1.0,2026-02-02,2026-10-05,0.40783525866398795,0.5308890005022602,0,0.0,,1,2,1,2.0,0.09523809523809523,10
elp_v6,elp,ELP Masterterminplan V6,ENV,Gebäudehülle,END,Endmontage,6,95.0,17.5,15.833333333333334,20.0,20.0,866.0,130.0,1.0,2024-09-30,2027-02-12,0.1617277749874435,0.5961828227021597,0,0.0,,1,3,0,95.0,0.9047619047619048,30
elp_v6,elp,ELP Masterterminplan V6,EQUIP,Ausstattung,FEIN,Feinmontage,4,17.0,5.0,4.25,5.0,5.0,50.0,27.0,2.0,2026-06-22,2026-08-10,0.4781516825715721,0.5027624309392266,0,0.0,,1,2,0,0.0,0.8095238095238095,20
elp_v6,elp,ELP Masterterminplan V6,EQUIP,Ausstattung,END,Endmontage,3,4.0,1.0,1.3333333333333333,1.8,2.0,62.0,4.0,1.0,2025-05-22,2025-07-22,0.2792566549472627,0.30989452536413864,0,0.0,,1,1,0,0.0,0.19047619047619047,30
elp_v6,elp,ELP Masterterminplan V6,HZ,Heizung,GROB,Grobmontage,90,180.0,2.0,2.0,2.0,2.0,346.0,83.0,13.0,2026-05-18,2027-04-28,0.46057257659467604,0.633852335509794,0,0.0,,3,9,1,0.0,0.22756005056890014,10
elp_v6,elp,ELP Masterterminplan V6,HZ,Heizung,FEIN,Feinmontage,238,544.0,2.0,2.2857142857142856,5.0,5.0,1065.0,242.0,16.0,2024-07-15,2027-06-14,0.12305374183827222,0.6574585635359116,0,0.0,,3,17,1,0.0,0.6877370417193426,20
elp_v6,elp,ELP Masterterminplan V6,HZ,Heizung,END,Endmontage,14,67.0,5.0,4.785714285714286,5.0,5.0,933.0,82.0,2.0,2024-08-01,2027-02-19,0.131592164741336,0.5996986438975389,0,0.0,,3,14,1,0.0,0.08470290771175727,30
elp_v6,elp,ELP Masterterminplan V6,INT,Ausbau,GROB,Grobmontage,78,546.0,5.0,7.0,15.0,30.0,1052.0,331.0,11.0,2024-05-27,2027-04-13,0.09844299347061777,0.6263184329482672,0,0.0,,3,21,2,326.0,0.21962992759452937,10
elp_v6,elp,ELP Masterterminplan V6,INT,Ausbau,FEIN,Feinmontage,37,159.0,1.0,4.297297297297297,15.0,20.0,866.0,186.0,5.0,2024-09-02,2027-01-15,0.14766449020592667,0.5821195379206429,0,0.0,,3,13,0,125.0,0.06395816572807723,20
elp_v6,elp,ELP Masterterminplan V6,INT,Ausbau,END,Endmontage,220,1781.0,10.0,8.095454545454546,15.0,70.0,1108.0,726.0,19.0,2024-07-01,2027-07-13,0.11602209944751381,0.6720241084881969,0,0.0,,3,20,5,893.0,0.7164119066773934,30
elp_v6,elp,ELP Masterterminplan V6,KO,Konstruktion,GROB,Grobmontage,138,2712.0,11.5,19.652173913043477,48.0,120.0,1051.0,804.0,18.0,2023-11-13,2026-09-28,0.0,0.527373179306881,0,0.0,,4,41,5,1682.0,0.6679802955665025,10
elp_v6,elp,ELP Masterterminplan V6,KO,Konstruktion,FEIN,Feinmontage,4,41.0,12.5,10.25,15.0,15.0,320.0,36.0,2.0,2025-05-23,2026-04-07,0.27975891511803114,0.43997990959316924,0,0.0,,2,4,2,11.0,0.010098522167487686,20
elp_v6,elp,ELP Masterterminplan V6,KO,Konstruktion,END,Endmontage,35,1307.0,10.0,37.34285714285714,71.00000000000001,550.0,1195.0,1083.0,6.0,2023-11-13,2027-02-19,0.0,0.5996986438975389,1,0.02857142857142857,,4,6,5,1276.0,0.32192118226600985,30
elp_v6,elp,ELP Masterterminplan V6,KT,Kälte,FEIN,Feinmontage,5,45.0,9.0,9.0,15.0,15.0,81.0,48.0,3.0,2026-05-05,2026-07-24,0.4540431943746861,0.49422400803616273,0,0.0,,1,3,1,16.0,1.0,20
elp_v6,elp,ELP Masterterminplan V6,LF,Lüftung,GROB,Grobmontage,93,334.0,2.0,3.5913978494623655,8.999999999999986,35.0,485.0,206.0,8.0,2026-01-19,2027-05-18,0.4008036162732295,0.6438975389251632,0,0.0,,3,10,3,40.0,0.1762532981530343,10
elp_v6,elp,ELP Masterterminplan V6,LF,Lüftung,FEIN,Feinmontage,268,1141.0,3.0,4.257462686567164,9.0,20.0,1747.0,340.0,20.0,2024-07-15,2029-04-26,0.12305374183827222,1.0,1,0.0037313432835820895,,3,19,14,93.0,0.6021108179419525,20
elp_v6,elp,ELP Masterterminplan V6,LF,Lüftung,END,Endmontage,54,420.0,5.0,7.777777777777778,15.0,30.0,1195.0,292.0,6.0,2023-11-13,2027-02-19,0.0,0.5996986438975389,0,0.0,,3,17,19,225.0,0.22163588390501318,30
elp_v6,elp,ELP Masterterminplan V6,OTH,Sonstige,GROB,Grobmontage,107,893.0,5.0,8.345794392523365,20.0,40.0,1146.0,350.0,17.0,2024-06-03,2027-07-23,0.10195881466599699,0.6770467101958815,0,0.0,,3,22,3,182.0,0.366735112936345,10
elp_v6,elp,ELP Masterterminplan V6,OTH,Sonstige,FEIN,Feinmontage,18,104.0,5.0,5.777777777777778,6.5000000000000036,20.0,410.0,92.0,3.0,2026-03-30,2027-05-13,0.4359618282270216,0.6413862380713209,1,0.05555555555555555,,3,9,1,5.0,0.04271047227926078,20
elp_v6,elp,ELP Masterterminplan V6,OTH,Sonstige,END,Endmontage,157,1438.0,5.0,9.159235668789808,15.0,91.0,1543.0,678.0,18.0,2024-07-08,2028-09-27,0.11953792064289302,0.8940231039678553,2,0.012738853503184714,,3,24,5,785.0,0.5905544147843943,30
elp_v6,elp,ELP Masterterminplan V6,SEC,Sicherheit,GROB,Grobmontage,15,90.0,3.0,6.0,10.0,20.0,508.0,45.0,9.0,2025-05-27,2026-10-16,0.281767955801105,0.5364138623807132,0,0.0,,3,4,0,22.0,0.3930131004366812,10
elp_v6,elp,ELP Masterterminplan V6,SEC,Sicherheit,FEIN,Feinmontage,18,119.0,5.0,6.611111111111111,10.0,10.0,250.0,145.0,3.0,2026-05-07,2027-01-11,0.455047714716223,0.580110497237569,0,0.0,,3,16,0,0.0,0.519650655021834,20
elp_v6,elp,ELP Masterterminplan V6,SEC,Sicherheit,END,Endmontage,1,20.0,20.0,20.0,20.0,20.0,26.0,26.0,1.0,2026-09-21,2026-10-16,0.5238573581115018,0.5364138623807132,0,0.0,,0,0,0,20.0,0.08733624454148471,30
elp_v6,elp,ELP Masterterminplan V6,SITE,Umgebung,GROB,Grobmontage,2,25.0,12.5,12.5,18.5,20.0,33.0,33.0,2.0,2026-10-05,2026-11-06,0.5308890005022602,0.5469613259668509,0,0.0,,1,1,0,20.0,1.0,10
elp_v6,elp,ELP Masterterminplan V6,SN,Sanitär,GROB,Grobmontage,52,447.0,3.0,8.596153846153847,3.0,230.0,823.0,432.0,9.0,2025-01-20,2027-04-22,0.2179809141135108,0.6308387744851833,0,0.0,,3,11,3,234.0,0.39348591549295775,10
elp_v6,elp,ELP Masterterminplan V6,SN,Sanitär,FEIN,Feinmontage,161,335.0,2.0,2.080745341614907,2.0,5.0,1055.0,197.0,13.0,2024-07-22,2027-06-11,0.12656956303365144,0.6559517830236062,0,0.0,,3,18,1,2.0,0.2948943661971831,20
elp_v6,elp,ELP Masterterminplan V6,SN,Sanitär,END,Endmontage,64,354.0,5.0,5.53125,5.0,20.0,556.0,176.0,11.0,2026-01-05,2027-07-14,0.3937719738824711,0.6725263686589653,0,0.0,,3,16,2,23.0,0.31161971830985913,30
elp_v6,elp,ELP Masterterminplan V6,SPEC,Spezialmedien,FEIN,Feinmontage,4,4.0,1.0,1.0,1.0,1.0,4.0,2.0,2.0,2026-11-06,2026-11-09,0.5469613259668509,0.5484681064791562,0,0.0,,1,1,0,0.0,1.0,20
elp_v6,elp,ELP Masterterminplan V6,SPR,Sprinkler,GROB,Grobmontage,7,130.0,20.0,18.571428571428573,20.0,20.0,239.0,106.0,5.0,2026-06-19,2027-02-12,0.4766449020592667,0.5961828227021597,0,0.0,,1,1,0,130.0,0.3359173126614987,10
elp_v6,elp,ELP Masterterminplan V6,SPR,Sprinkler,FEIN,Feinmontage,34,141.0,5.0,4.147058823529412,5.0,10.0,904.0,124.0,7.0,2024-07-15,2027-01-04,0.12305374183827222,0.5765946760421898,0,0.0,,3,17,1,0.0,0.3643410852713178,20
elp_v6,elp,ELP Masterterminplan V6,SPR,Sprinkler,END,Endmontage,18,116.0,5.0,6.444444444444445,15.0,15.0,957.0,128.0,3.0,2024-07-15,2027-02-26,0.12305374183827222,0.6032144650929181,0,0.0,,3,16,2,2.0,0.2997416020671835,30
elp_v6,elp,ELP Masterterminplan V6,TRANS,Transport,END,Endmontage,4,30.0,7.5,7.5,10.0,10.0,99.0,31.0,2.0,2026-05-26,2026-09-01,0.4645906579608237,0.5138121546961326,0,0.0,,2,3,1,30.0,1.0,30
elp_v7,elp,ELP Masterterminplan V7,AUTO,Automation,END,Endmontage,6,55.0,7.5,9.166666666666666,15.0,15.0,82.0,47.0,3.0,2027-04-26,2027-07-16,0.7078651685393258,0.753370786516854,0,0.0,,1,3,1,0.0,1.0,30
elp_v7,elp,ELP Masterterminplan V7,EL,Elektro,GROB,Grobmontage,8,30.0,4.0,3.75,5.0,5.0,108.0,23.0,2.0,2027-02-16,2027-06-03,0.6691011235955057,0.7292134831460674,0,0.0,,1,2,1,0.0,0.050590219224283306,10
elp_v7,elp,ELP Masterterminplan V7,EL,Elektro,FEIN,Feinmontage,46,267.0,5.0,5.804347826086956,15.0,15.0,193.0,143.0,9.0,2027-02-05,2027-08-16,0.6629213483146067,0.7707865168539326,0,0.0,,1,5,1,35.0,0.4502529510961214,20
elp_v7,elp,ELP Masterterminplan V7,EL,Elektro,END,Endmontage,50,296.0,5.0,5.92,10.500000000000007,30.0,186.0,156.0,12.0,2027-02-26,2027-08-30,0.6747191011235955,0.7786516853932585,0,0.0,,1,5,2,0.0,0.4991568296795953,30
elp_v7,elp,ELP Masterterminplan V7,ENV,Gebäudehülle,GROB,Grobmontage,3,30.0,10.0,10.0,10.0,10.0,20.0,20.0,3.0,2027-04-09,2027-04-28,0.6983146067415731,0.7089887640449438,0,0.0,,2,3,0,0.0,0.23622047244094488,10
elp_v7,elp,ELP Masterterminplan V7,ENV,Gebäudehülle,END,Endmontage,10,97.0,10.0,9.7,20.0,20.0,1328.0,88.0,4.0,2023-11-13,2027-07-02,0.0,0.7455056179775281,0,0.0,,3,6,0,97.0,0.7637795275590551,30
elp_v7,elp,ELP Masterterminplan V7,EQUIP,Ausstattung,END,Endmontage,6,79.0,10.0,13.166666666666666,19.5,25.0,131.0,64.0,2.0,2027-04-22,2027-08-30,0.7056179775280899,0.7786516853932585,0,0.0,,1,2,0,35.0,1.0,30
elp_v7,elp,ELP Masterterminplan V7,HZ,Heizung,GROB,Grobmontage,8,16.0,2.0,2.0,2.0,2.0,92.0,14.0,4.0,2027-02-23,2027-05-25,0.6730337078651686,0.7241573033707865,0,0.0,,1,2,1,0.0,0.14545454545454545,10
elp_v7,elp,ELP Masterterminplan V7,HZ,Heizung,FEIN,Feinmontage,25,79.0,3.0,3.16,5.0,5.0,179.0,69.0,4.0,2027-02-05,2027-08-02,0.6629213483146067,0.7629213483146068,0,0.0,,1,5,1,0.0,0.7181818181818181,20
elp_v7,elp,ELP Masterterminplan V7,HZ,Heizung,END,Endmontage,3,15.0,5.0,5.0,5.0,5.0,63.0,22.0,2.0,2027-06-04,2027-08-05,0.7297752808988764,0.7646067415730337,0,0.0,,1,3,1,0.0,0.13636363636363635,30
elp_v7,elp,ELP Masterterminplan V7,INT,Ausbau,GROB,Grobmontage,23,173.0,5.0,7.521739130434782,14.000000000000004,20.0,1356.0,173.0,4.0,2023-11-13,2027-07-30,0.0,0.7612359550561798,0,0.0,,2,8,1,98.0,0.2503617945007236,10
elp_v7,elp,ELP Masterterminplan V7,INT,Ausbau,FEIN,Feinmontage,5,19.0,1.0,3.8,9.400000000000002,15.0,1278.0,26.0,2.0,2023-11-13,2027-05-13,0.0,0.7174157303370786,0,0.0,,1,2,0,17.0,0.027496382054992764,20
elp_v7,elp,ELP Masterterminplan V7,INT,Ausbau,END,Endmontage,63,499.0,10.0,7.920634920634921,10.0,20.0,1438.0,261.0,8.0,2023-11-13,2027-10-20,0.0,0.8073033707865168,0,0.0,,3,8,0,253.0,0.7221418234442837,30
elp_v7,elp,ELP Masterterminplan V7,KO,Konstruktion,GROB,Grobmontage,135,2196.0,10.0,16.266666666666666,39.60000000000001,148.0,1313.0,1056.0,9.0,2023-11-13,2027-06-17,0.0,0.7370786516853932,0,0.0,,4,53,4,757.0,0.7033952594490711,10
elp_v7,elp,ELP Masterterminplan V7,KO,Konstruktion,FEIN,Feinmontage,1,1.0,1.0,1.0,1.0,1.0,1.0,1.0,1.0,2023-11-13,2023-11-13,0.0,0.0,0,0.0,,0,0,0,1.0,0.00032030749519538755,20
elp_v7,elp,ELP Masterterminplan V7,KO,Konstruktion,END,Endmontage,15,925.0,20.0,61.666666666666664,78.0,550.0,1191.0,1102.0,4.0,2023-11-13,2027-02-15,0.0,0.6685393258426966,0,0.0,,3,5,2,925.0,0.2962844330557335,30
elp_v7,elp,ELP Masterterminplan V7,LF,Lüftung,GROB,Grobmontage,5,9.0,2.0,1.8,2.0,2.0,88.0,8.0,2.0,2027-03-01,2027-05-27,0.6764044943820224,0.7252808988764045,0,0.0,,1,2,1,0.0,0.06040268456375839,10
elp_v7,elp,ELP Masterterminplan V7,LF,Lüftung,FEIN,Feinmontage,27,115.0,5.0,4.2592592592592595,6.200000000000006,8.0,175.0,67.0,6.0,2027-02-12,2027-08-05,0.6668539325842696,0.7646067415730337,0,0.0,,1,5,2,0.0,0.7718120805369127,20
elp_v7,elp,ELP Masterterminplan V7,LF,Lüftung,END,Endmontage,5,25.0,5.0,5.0,5.0,5.0,63.0,22.0,3.0,2027-06-04,2027-08-05,0.7297752808988764,0.7646067415730337,0,0.0,,1,3,2,0.0,0.16778523489932887,30
elp_v7,elp,ELP Masterterminplan V7,OTH,Sonstige,GROB,Grobmontage,38,234.0,5.0,6.157894736842105,10.0,10.0,1362.0,208.0,4.0,2023-11-13,2027-08-05,0.0,0.7646067415730337,0,0.0,,3,10,2,32.0,0.5131578947368421,10
elp_v7,elp,ELP Masterterminplan V7,OTH,Sonstige,FEIN,Feinmontage,1,5.0,5.0,5.0,5.0,5.0,7.0,7.0,1.0,2027-03-11,2027-03-17,0.6820224719101123,0.6853932584269663,0,0.0,,1,1,1,0.0,0.010964912280701754,20
elp_v7,elp,ELP Masterterminplan V7,OTH,Sonstige,END,Endmontage,20,217.0,5.0,10.85,15.500000000000078,65.0,1781.0,258.0,3.0,2023-11-13,2028-09-27,0.0,1.0,0,0.0,,1,5,2,176.0,0.4758771929824561,30
elp_v7,elp,ELP Masterterminplan V7,SEC,Sicherheit,GROB,Grobmontage,2,10.0,5.0,5.0,5.0,5.0,5.0,5.0,2.0,2027-02-22,2027-02-26,0.6724719101123595,0.6747191011235955,0,0.0,,1,1,0,0.0,0.2,10
elp_v7,elp,ELP Masterterminplan V7,SEC,Sicherheit,FEIN,Feinmontage,5,40.0,10.0,8.0,10.0,10.0,172.0,49.0,2.0,2027-02-05,2027-07-26,0.6629213483146067,0.7589887640449439,0,0.0,,1,5,0,0.0,0.8,20
elp_v7,elp,ELP Masterterminplan V7,SITE,Umgebung,GROB,Grobmontage,6,80.0,10.0,13.333333333333334,20.0,20.0,113.0,88.0,2.0,2027-07-26,2027-11-15,0.7589887640449439,0.8219101123595506,0,0.0,,1,1,0,80.0,0.5333333333333333,10
elp_v7,elp,ELP Masterterminplan V7,SITE,Umgebung,FEIN,Feinmontage,2,20.0,10.0,10.0,10.0,10.0,40.0,24.0,1.0,2027-07-12,2027-08-20,0.751123595505618,0.7730337078651686,0,0.0,,1,1,0,20.0,0.13333333333333333,20
elp_v7,elp,ELP Masterterminplan V7,SITE,Umgebung,END,Endmontage,6,50.0,10.0,8.333333333333334,10.0,10.0,92.0,63.0,2.0,2027-06-28,2027-09-27,0.7432584269662922,0.7943820224719101,0,0.0,,1,1,0,50.0,0.3333333333333333,30
elp_v7,elp,ELP Masterterminplan V7,SN,Sanitär,GROB,Grobmontage,4,12.0,3.0,3.0,3.0,3.0,91.0,13.0,2.0,2027-02-18,2027-05-19,0.6702247191011236,0.7207865168539326,0,0.0,,1,2,1,0.0,0.1188118811881188,10
elp_v7,elp,ELP Masterterminplan V7,SN,Sanitär,FEIN,Feinmontage,25,47.0,2.0,1.88,2.0,3.0,176.0,48.0,4.0,2027-02-05,2027-07-30,0.6629213483146067,0.7612359550561798,0,0.0,,1,5,1,0.0,0.46534653465346537,20
elp_v7,elp,ELP Masterterminplan V7,SN,Sanitär,END,Endmontage,7,42.0,5.0,6.0,10.0,10.0,238.0,45.0,4.0,2027-01-05,2027-08-30,0.645505617977528,0.7786516853932585,0,0.0,,2,4,1,10.0,0.4158415841584158,30
elp_v7,elp,ELP Masterterminplan V7,SPR,Sprinkler,FEIN,Feinmontage,5,22.0,5.0,4.4,5.0,5.0,165.0,30.0,2.0,2027-02-05,2027-07-19,0.6629213483146067,0.755056179775281,0,0.0,,1,5,1,0.0,0.46808510638297873,20
elp_v7,elp,ELP Masterterminplan V7,SPR,Sprinkler,END,Endmontage,5,25.0,5.0,5.0,5.0,5.0,133.0,41.0,1.0,2027-04-20,2027-08-30,0.7044943820224719,0.7786516853932585,0,0.0,,1,5,1,0.0,0.5319148936170213,30
elp_v7,elp,ELP Masterterminplan V7,TRANS,Transport,GROB,Grobmontage,1,80.0,80.0,80.0,80.0,80.0,117.0,117.0,1.0,2027-04-15,2027-08-09,0.7016853932584269,0.7668539325842697,0,0.0,,1,1,0,80.0,0.8695652173913043,10
elp_v7,elp,ELP Masterterminplan V7,TRANS,Transport,END,Endmontage,4,12.0,3.0,3.0,3.0,3.0,6.0,6.0,4.0,2027-05-07,2027-05-12,0.7140449438202248,0.7168539325842697,0,0.0,,1,1,0,0.0,0.13043478260869565,30
frankfurt_four,frankfurt_four,Frankfurt Four RT4,EL,Elektro,FEIN,Feinmontage,11,70.0,5.0,6.363636363636363,10.0,10.0,380.0,102.0,1.0,2022-03-29,2023-04-12,0.11912751677852348,0.7550335570469798,0,0.0,220.0,3,5,0,0.0,0.8536585365853658,20
frankfurt_four,frankfurt_four,Frankfurt Four RT4,EL,Elektro,END,Endmontage,12,12.0,1.0,1.0,1.0,1.0,165.0,12.0,1.0,2022-04-19,2022-09-30,0.15436241610738255,0.42953020134228187,0,0.0,24.0,3,4,0,0.0,0.14634146341463414,30
frankfurt_four,frankfurt_four,Frankfurt Four RT4,ENV,Gebäudehülle,GROB,Grobmontage,1,120.0,120.0,120.0,120.0,120.0,176.0,176.0,1.0,2023-03-14,2023-09-05,0.7063758389261745,1.0,0,0.0,,0,0,0,120.0,0.31088082901554404,10
frankfurt_four,frankfurt_four,Frankfurt Four RT4,ENV,Gebäudehülle,END,Endmontage,55,266.0,5.0,4.836363636363636,5.0,5.0,410.0,191.0,4.0,2022-02-11,2023-03-27,0.04194630872483222,0.7281879194630873,0,0.0,512.0,5,7,0,80.0,0.689119170984456,30
frankfurt_four,frankfurt_four,Frankfurt Four RT4,HZ,Heizung,GROB,Grobmontage,3,15.0,5.0,5.0,5.0,5.0,81.0,21.0,1.0,2022-02-11,2022-05-02,0.04194630872483222,0.1761744966442953,0,0.0,60.0,3,1,0,0.0,1.0,10
frankfurt_four,frankfurt_four,Frankfurt Four RT4,INT,Ausbau,GROB,Grobmontage,36,127.0,4.5,3.5277777777777777,5.0,5.0,257.0,147.0,2.0,2022-01-24,2022-10-07,0.01174496644295302,0.4412751677852349,0,0.0,334.0,5,3,0,15.0,0.20483870967741935,10
frankfurt_four,frankfurt_four,Frankfurt Four RT4,INT,Ausbau,END,Endmontage,107,493.0,5.0,4.607476635514018,5.0,10.0,411.0,279.0,7.0,2022-02-11,2023-03-28,0.04194630872483222,0.7298657718120806,0,0.0,984.0,5,7,0,129.0,0.7951612903225806,30
frankfurt_four,frankfurt_four,Frankfurt Four RT4,KT,Kälte,FEIN,Feinmontage,12,60.0,5.0,5.0,5.0,5.0,173.0,74.0,1.0,2022-03-28,2022-09-16,0.1174496644295302,0.40604026845637586,0,0.0,240.0,3,4,0,0.0,1.0,20
frankfurt_four,frankfurt_four,Frankfurt Four RT4,LF,Lüftung,GROB,Grobmontage,2,10.0,5.0,5.0,5.0,5.0,67.0,14.0,1.0,2022-02-18,2022-04-25,0.053691275167785234,0.1644295302013423,0,0.0,30.0,2,1,0,0.0,0.18181818181818182,10
frankfurt_four,frankfurt_four,Frankfurt Four RT4,LF,Lüftung,FEIN,Feinmontage,3,15.0,5.0,5.0,5.0,5.0,163.0,21.0,1.0,2022-11-08,2023-04-19,0.4949664429530201,0.7667785234899329,0,0.0,30.0,3,1,0,0.0,0.2727272727272727,20
frankfurt_four,frankfurt_four,Frankfurt Four RT4,LF,Lüftung,END,Endmontage,15,30.0,2.0,2.0,2.0,2.0,356.0,44.0,1.0,2022-04-13,2023-04-03,0.14429530201342283,0.7399328859060402,0,0.0,60.0,3,5,0,0.0,0.5454545454545454,30
frankfurt_four,frankfurt_four,Frankfurt Four RT4,OTH,Sonstige,END,Endmontage,15,39.0,2.0,2.6,5.0,5.0,372.0,48.0,1.0,2022-04-20,2023-04-26,0.15604026845637584,0.7785234899328859,0,0.0,78.0,3,5,0,0.0,1.0,30
frankfurt_four,frankfurt_four,Frankfurt Four RT4,SITE,Umgebung,END,Endmontage,1,50.0,50.0,50.0,50.0,50.0,78.0,78.0,1.0,2023-04-03,2023-06-19,0.7399328859060402,0.8691275167785235,0,0.0,,0,0,0,50.0,1.0,30
frankfurt_four,frankfurt_four,Frankfurt Four RT4,SN,Sanitär,GROB,Grobmontage,3,15.0,5.0,5.0,5.0,5.0,75.0,15.0,1.0,2022-01-17,2022-04-01,0.0,0.12416107382550336,0,0.0,60.0,3,1,0,0.0,0.15,10
frankfurt_four,frankfurt_four,Frankfurt Four RT4,SN,Sanitär,FEIN,Feinmontage,12,60.0,5.0,5.0,5.0,5.0,158.0,83.0,1.0,2022-05-17,2022-10-21,0.20134228187919462,0.46476510067114096,0,0.0,70.0,5,1,0,0.0,0.6,20
frankfurt_four,frankfurt_four,Frankfurt Four RT4,SN,Sanitär,END,Endmontage,5,25.0,5.0,5.0,5.0,5.0,142.0,31.0,1.0,2022-06-09,2022-10-28,0.23993288590604026,0.47651006711409394,0,0.0,50.0,5,1,0,0.0,0.25,30
frankfurt_four,frankfurt_four,Frankfurt Four RT4,SPR,Sprinkler,END,Endmontage,15,30.0,2.0,2.0,2.0,2.0,354.0,31.0,1.0,2022-04-11,2023-03-30,0.14093959731543623,0.7332214765100671,0,0.0,60.0,3,5,0,0.0,1.0,30
frankfurt_four,frankfurt_four,Frankfurt Four RT4,TRANS,Transport,FEIN,Feinmontage,3,15.0,5.0,5.0,5.0,5.0,154.0,21.0,1.0,2022-03-18,2022-08-18,0.10067114093959731,0.3573825503355705,0,0.0,15.0,3,1,0,0.0,0.8333333333333334,20
frankfurt_four,frankfurt_four,Frankfurt Four RT4,TRANS,Transport,END,Endmontage,3,3.0,1.0,1.0,1.0,1.0,152.0,3.0,1.0,2022-11-04,2023-04-04,0.48825503355704697,0.7416107382550335,0,0.0,6.0,3,1,0,0.0,0.16666666666666666,30
pred_bau04,pred_bau04,Roche pRED Bau 04,EL,Elektro,GROB,Grobmontage,26,645.0,20.0,24.807692307692307,40.0,50.0,418.0,386.0,7.0,2020-05-04,2021-06-25,0.1794871794871795,0.484981684981685,0,0.0,,5,0,0,0.0,1.0,10
pred_bau04,pred_bau04,Roche pRED Bau 04,ENV,Gebäudehülle,END,Endmontage,1,20.0,20.0,20.0,20.0,20.0,42.0,42.0,1.0,2019-12-10,2020-01-20,0.07252747252747253,0.10256410256410256,0,0.0,,1,0,0,20.0,1.0,30
pred_bau04,pred_bau04,Roche pRED Bau 04,HZ,Heizung,FEIN,Feinmontage,8,180.0,20.0,22.5,30.0,30.0,256.0,108.0,5.0,2020-07-31,2021-04-12,0.24395604395604395,0.4307692307692308,0,0.0,,7,0,0,180.0,1.0,20
pred_bau04,pred_bau04,Roche pRED Bau 04,INT,Ausbau,GROB,Grobmontage,213,3058.5,10.0,14.359154929577464,20.0,178.0,987.0,634.0,21.0,2020-01-21,2022-10-03,0.10329670329670329,0.8256410256410256,0,0.0,,4,5,0,283.0,0.5242094438255206,10
pred_bau04,pred_bau04,Roche pRED Bau 04,INT,Ausbau,FEIN,Feinmontage,16,150.0,5.0,9.375,10.0,60.0,544.0,164.0,2.0,2021-03-04,2022-08-29,0.4021978021978022,0.8,0,0.0,,4,1,0,90.0,0.02570914388550861,20
pred_bau04,pred_bau04,Roche pRED Bau 04,INT,Ausbau,END,Endmontage,206,2626.0,10.0,12.74757281553398,20.0,75.0,1125.0,838.0,16.0,2020-04-30,2023-05-29,0.17655677655677657,1.0,36,0.17475728155339806,,5,3,0,780.0,0.45008141228897075,30
pred_bau04,pred_bau04,Roche pRED Bau 04,KO,Konstruktion,GROB,Grobmontage,131,1877.5,5.0,14.33206106870229,25.0,141.0,1222.0,699.0,22.0,2019-09-02,2023-01-05,0.0,0.8945054945054945,4,0.030534351145038167,,8,5,0,400.0,0.27170767004341534,10
pred_bau04,pred_bau04,Roche pRED Bau 04,KO,Konstruktion,FEIN,Feinmontage,22,232.0,7.5,10.545454545454545,15.0,50.0,914.0,218.0,3.0,2020-07-27,2023-01-26,0.24102564102564103,0.9098901098901099,2,0.09090909090909091,,5,5,0,117.0,0.03357452966714906,20
pred_bau04,pred_bau04,Roche pRED Bau 04,KO,Konstruktion,END,Endmontage,511,4800.5,10.0,9.394324853228962,19.0,50.0,1086.0,962.0,27.0,2020-02-20,2023-02-09,0.12527472527472527,0.9201465201465201,106,0.20743639921722112,,9,4,0,1035.0,0.6947178002894356,30
pred_bau04,pred_bau04,Roche pRED Bau 04,KT,Kälte,FEIN,Feinmontage,36,856.0,20.0,23.77777777777778,35.0,70.0,341.0,341.0,7.0,2020-06-04,2021-05-10,0.2021978021978022,0.4512820512820513,0,0.0,,5,0,0,856.0,1.0,20
pred_bau04,pred_bau04,Roche pRED Bau 04,LF,Lüftung,FEIN,Feinmontage,10,235.0,20.0,23.5,31.999999999999993,50.0,406.0,140.0,5.0,2020-04-17,2021-05-27,0.16703296703296702,0.46373626373626375,0,0.0,,7,0,0,235.0,1.0,20
pred_bau04,pred_bau04,Roche pRED Bau 04,OTH,Sonstige,GROB,Grobmontage,3,45.0,20.0,15.0,20.0,20.0,467.0,35.0,2.0,2020-03-16,2021-06-25,0.14358974358974358,0.484981684981685,0,0.0,,1,1,0,40.0,0.17928286852589642,10
pred_bau04,pred_bau04,Roche pRED Bau 04,OTH,Sonstige,FEIN,Feinmontage,2,10.0,5.0,5.0,5.0,5.0,12.0,10.0,1.0,2021-06-28,2021-07-09,0.48717948717948717,0.49523809523809526,0,0.0,,1,1,0,10.0,0.0398406374501992,20
pred_bau04,pred_bau04,Roche pRED Bau 04,OTH,Sonstige,END,Endmontage,20,196.0,7.5,9.8,20.0,20.0,1073.0,147.0,5.0,2020-03-16,2023-02-21,0.14358974358974358,0.928937728937729,0,0.0,,8,0,0,196.0,0.7808764940239044,30
pred_bau04,pred_bau04,Roche pRED Bau 04,SN,Sanitär,GROB,Grobmontage,87,1724.0,10.0,19.816091954022987,40.0,157.0,696.0,440.0,15.0,2020-02-26,2022-01-21,0.12967032967032968,0.6388278388278388,0,0.0,,2,2,0,92.0,0.5320987654320988,10
pred_bau04,pred_bau04,Roche pRED Bau 04,SN,Sanitär,FEIN,Feinmontage,14,287.0,20.0,20.5,27.00000000000001,82.0,505.0,243.0,5.0,2020-07-31,2021-12-17,0.24395604395604395,0.6131868131868132,0,0.0,,6,0,0,267.0,0.08858024691358024,20
pred_bau04,pred_bau04,Roche pRED Bau 04,SN,Sanitär,END,Endmontage,74,1229.0,10.0,16.60810810810811,28.500000000000014,90.0,709.0,550.0,10.0,2020-09-30,2022-09-08,0.2886446886446886,0.8073260073260073,5,0.06756756756756757,,2,2,0,392.0,0.379320987654321,30
pred_bau04,pred_bau04,Roche pRED Bau 04,SPR,Sprinkler,FEIN,Feinmontage,8,180.0,20.0,22.5,30.0,30.0,277.0,117.0,4.0,2020-07-31,2021-05-03,0.24395604395604395,0.4461538461538462,0,0.0,,7,0,0,180.0,1.0,20
pred_bau05,pred_bau05,Roche pRED Bau 05,EL,Elektro,GROB,Grobmontage,31,780.0,20.0,25.161290322580644,40.0,50.0,437.0,434.0,4.0,2020-05-04,2021-07-14,0.11275720164609053,0.47160493827160493,5,0.16129032258064516,,6,0,0,0.0,1.0,10
pred_bau05,pred_bau05,Roche pRED Bau 05,ENV,Gebäudehülle,GROB,Grobmontage,3,17.0,5.0,5.666666666666667,6.6,7.0,276.0,19.0,1.0,2020-11-04,2021-08-06,0.2641975308641975,0.4905349794238683,0,0.0,,1,0,0,5.0,0.16666666666666666,10
pred_bau05,pred_bau05,Roche pRED Bau 05,ENV,Gebäudehülle,END,Endmontage,8,85.0,10.0,10.625,14.499999999999996,25.0,277.0,95.0,2.0,2020-11-17,2021-08-20,0.2748971193415638,0.5020576131687243,0,0.0,,1,0,0,85.0,0.8333333333333334,30
pred_bau05,pred_bau05,Roche pRED Bau 05,EQUIP,Ausstattung,FEIN,Feinmontage,2,20.0,10.0,10.0,10.0,10.0,12.0,12.0,2.0,2021-07-05,2021-07-16,0.4641975308641975,0.4732510288065844,1,0.5,,1,0,0,20.0,1.0,20
pred_bau05,pred_bau05,Roche pRED Bau 05,HZ,Heizung,FEIN,Feinmontage,9,190.0,20.0,21.11111111111111,30.0,30.0,315.0,190.0,3.0,2020-08-20,2021-06-30,0.20164609053497942,0.460082304526749,1,0.1111111111111111,,7,0,0,190.0,1.0,20
pred_bau05,pred_bau05,Roche pRED Bau 05,INT,Ausbau,GROB,Grobmontage,275,4515.75,10.0,16.420909090909092,30.0,173.0,1073.0,874.0,23.0,2019-12-19,2022-11-25,0.0,0.8823045267489712,4,0.014545454545454545,,5,3,0,557.0,0.4440156338339766,10
pred_bau05,pred_bau05,Roche pRED Bau 05,INT,Ausbau,FEIN,Feinmontage,64,776.5,9.0,12.1328125,23.500000000000014,82.0,787.0,444.0,11.0,2020-09-30,2022-11-25,0.2353909465020576,0.8823045267489712,1,0.015625,,5,2,0,444.0,0.07635013888547479,20
pred_bau05,pred_bau05,Roche pRED Bau 05,INT,Ausbau,END,Endmontage,443,4878.0,10.0,11.011286681715575,20.0,100.0,1081.0,937.0,25.0,2020-04-22,2023-04-07,0.102880658436214,0.9917695473251029,43,0.09706546275395034,,8,3,0,1090.0,0.47963422728054866,30
pred_bau05,pred_bau05,Roche pRED Bau 05,KO,Konstruktion,GROB,Grobmontage,198,1898.0,5.0,9.585858585858587,20.0,35.0,919.0,395.0,18.0,2020-06-10,2022-12-15,0.14320987654320988,0.8987654320987655,4,0.020202020202020204,,4,4,0,203.0,0.3449654671028717,10
pred_bau05,pred_bau05,Roche pRED Bau 05,KO,Konstruktion,FEIN,Feinmontage,12,170.0,15.0,14.166666666666666,20.0,20.0,502.0,107.0,3.0,2021-08-02,2022-12-16,0.4872427983539095,0.8995884773662551,0,0.0,,5,3,0,170.0,0.030897855325336242,20
pred_bau05,pred_bau05,Roche pRED Bau 05,KO,Konstruktion,END,Endmontage,358,3434.0,10.0,9.59217877094972,19.30000000000001,48.0,822.0,633.0,22.0,2020-09-29,2022-12-29,0.2345679012345679,0.9102880658436214,43,0.12011173184357542,,7,5,0,387.0,0.624136677571792,30
pred_bau05,pred_bau05,Roche pRED Bau 05,KT,Kälte,FEIN,Feinmontage,19,378.0,20.0,19.894736842105264,30.0,50.0,237.0,237.0,4.0,2020-06-05,2021-01-27,0.1390946502057613,0.3333333333333333,0,0.0,,3,0,0,378.0,1.0,20
pred_bau05,pred_bau05,Roche pRED Bau 05,LF,Lüftung,FEIN,Feinmontage,14,395.0,30.0,28.214285714285715,30.0,100.0,461.0,314.0,5.0,2020-04-17,2021-07-21,0.09876543209876543,0.4773662551440329,1,0.07142857142857142,,7,0,0,395.0,1.0,20
pred_bau05,pred_bau05,Roche pRED Bau 05,OTH,Sonstige,GROB,Grobmontage,58,734.0,10.0,12.655172413793103,21.50000000000002,45.0,831.0,282.0,13.0,2020-03-16,2022-06-24,0.07242798353909465,0.7555555555555555,3,0.05172413793103448,,1,1,0,20.0,0.3902179691653376,10
pred_bau05,pred_bau05,Roche pRED Bau 05,OTH,Sonstige,FEIN,Feinmontage,29,316.0,9.0,10.89655172413793,21.999999999999993,40.0,159.0,120.0,9.0,2021-10-25,2022-04-01,0.5563786008230452,0.6864197530864198,2,0.06896551724137931,,1,0,0,45.0,0.16799574694311536,20
pred_bau05,pred_bau05,Roche pRED Bau 05,OTH,Sonstige,END,Endmontage,94,831.0,5.0,8.840425531914894,15.0,35.0,1128.0,483.0,7.0,2020-03-16,2023-04-17,0.07242798353909465,1.0,33,0.35106382978723405,,3,3,0,142.0,0.44178628389154706,30
pred_bau05,pred_bau05,Roche pRED Bau 05,SEC,Sicherheit,END,Endmontage,2,50.0,25.0,25.0,29.0,30.0,84.0,84.0,1.0,2020-10-29,2021-01-20,0.25925925925925924,0.32757201646090534,0,0.0,,1,0,0,50.0,1.0,30
pred_bau05,pred_bau05,Roche pRED Bau 05,SN,Sanitär,GROB,Grobmontage,18,180.0,9.5,10.0,20.0,25.0,519.0,176.0,3.0,2020-09-03,2022-02-03,0.21316872427983538,0.6395061728395062,0,0.0,,1,0,0,11.0,0.3185840707964602,10
pred_bau05,pred_bau05,Roche pRED Bau 05,SN,Sanitär,FEIN,Feinmontage,10,200.0,20.0,20.0,22.99999999999999,50.0,561.0,219.0,4.0,2020-08-20,2022-03-03,0.20164609053497942,0.6625514403292181,1,0.1,,7,0,0,150.0,0.35398230088495575,20
pred_bau05,pred_bau05,Roche pRED Bau 05,SN,Sanitär,END,Endmontage,18,185.0,9.5,10.277777777777779,16.500000000000004,30.0,596.0,226.0,2.0,2020-08-27,2022-04-14,0.2074074074074074,0.697119341563786,1,0.05555555555555555,,1,0,0,21.0,0.3274336283185841,30
pred_bau05,pred_bau05,Roche pRED Bau 05,SPEC,Spezialmedien,FEIN,Feinmontage,1,20.0,20.0,20.0,20.0,20.0,28.0,28.0,1.0,2020-11-19,2020-12-16,0.2765432098765432,0.29876543209876544,0,0.0,,1,0,0,20.0,1.0,20
pred_bau05,pred_bau05,Roche pRED Bau 05,SPR,Sprinkler,FEIN,Feinmontage,9,200.0,20.0,22.22222222222222,30.0,30.0,336.0,204.0,3.0,2020-08-20,2021-07-21,0.20164609053497942,0.4773662551440329,1,0.1111111111111111,,7,0,0,200.0,1.0,20
pred_bau07,pred_bau07,Roche pRED Bau 07,EL,Elektro,GROB,Grobmontage,72,1430.0,20.0,19.86111111111111,40.0,50.0,888.0,694.0,7.0,2020-06-10,2022-11-14,0.27867095391211144,0.7540192926045016,17,0.2361111111111111,,10,0,0,15.0,0.7759088442756376,10
pred_bau07,pred_bau07,Roche pRED Bau 07,EL,Elektro,FEIN,Feinmontage,24,398.0,10.0,16.583333333333332,41.4,42.0,992.0,307.0,5.0,2021-02-08,2023-10-27,0.40889603429796356,0.939978563772776,0,0.0,,5,0,0,62.0,0.2159522517634292,20
pred_bau07,pred_bau07,Roche pRED Bau 07,EL,Elektro,END,Endmontage,3,15.0,5.0,5.0,5.0,5.0,119.0,21.0,1.0,2022-03-22,2022-07-18,0.6270096463022508,0.6902465166130761,0,0.0,,0,0,0,15.0,0.008138903960933261,30
pred_bau07,pred_bau07,Roche pRED Bau 07,EQUIP,Ausstattung,FEIN,Feinmontage,18,220.0,10.0,12.222222222222221,16.000000000000014,30.0,366.0,174.0,4.0,2021-03-01,2022-03-01,0.42015005359056806,0.6157556270096463,3,0.16666666666666666,,9,0,0,220.0,0.7857142857142857,20
pred_bau07,pred_bau07,Roche pRED Bau 07,EQUIP,Ausstattung,END,Endmontage,4,60.0,15.0,15.0,15.0,15.0,21.0,21.0,4.0,2023-08-08,2023-08-28,0.8971061093247589,0.9078242229367631,0,0.0,,4,0,0,60.0,0.21428571428571427,30
pred_bau07,pred_bau07,Roche pRED Bau 07,HZ,Heizung,GROB,Grobmontage,87,1748.0,15.0,20.091954022988507,40.0,50.0,581.0,581.0,7.0,2020-06-19,2022-01-20,0.2834941050375134,0.5943193997856377,12,0.13793103448275862,,12,0,0,1748.0,0.8371647509578544,10
pred_bau07,pred_bau07,Roche pRED Bau 07,HZ,Heizung,FEIN,Feinmontage,17,340.0,20.0,20.0,20.0,20.0,447.0,289.0,3.0,2020-09-11,2021-12-01,0.3285101822079314,0.567524115755627,0,0.0,,12,0,0,340.0,0.16283524904214558,20
pred_bau07,pred_bau07,Roche pRED Bau 07,INT,Ausbau,GROB,Grobmontage,909,10912.0,10.0,12.004400440044005,20.0,30.0,1055.0,963.0,49.0,2020-04-03,2023-02-21,0.2422293676312969,0.8070739549839229,66,0.07260726072607261,,27,2,0,2352.0,0.30194526688618945,10
pred_bau07,pred_bau07,Roche pRED Bau 07,INT,Ausbau,FEIN,Feinmontage,663,7005.0,10.0,10.565610859728507,25.0,80.0,1115.0,943.0,37.0,2020-10-01,2023-10-20,0.3392282958199357,0.9362272240085745,71,0.10708898944193061,,25,2,0,1273.0,0.19383491518857743,20
pred_bau07,pred_bau07,Roche pRED Bau 07,INT,Ausbau,END,Endmontage,1752,18222.0,10.0,10.400684931506849,15.0,100.0,1867.0,1120.0,67.0,2019-01-07,2024-02-16,0.0,1.0,468,0.2671232876712329,,27,6,0,4774.0,0.5042198179252332,30
pred_bau07,pred_bau07,Roche pRED Bau 07,KO,Konstruktion,GROB,Grobmontage,95,2122.0,15.0,22.33684210526316,56.000000000000085,160.0,866.0,714.0,15.0,2020-05-04,2022-09-16,0.25884244372990356,0.722400857449089,3,0.031578947368421054,,6,2,0,1437.0,0.3877215421158414,10
pred_bau07,pred_bau07,Roche pRED Bau 07,KO,Konstruktion,FEIN,Feinmontage,83,1887.0,10.0,22.734939759036145,54.19999999999999,104.0,1077.0,878.0,8.0,2020-10-01,2023-09-12,0.3392282958199357,0.9158628081457664,3,0.03614457831325301,,8,1,0,1405.0,0.34478348255070346,20
pred_bau07,pred_bau07,Roche pRED Bau 07,KO,Konstruktion,END,Endmontage,135,1464.0,10.0,10.844444444444445,15.0,129.0,1248.0,888.0,11.0,2020-09-17,2024-02-16,0.3317256162915327,1.0,9,0.06666666666666667,,19,6,0,1190.0,0.2674949753334551,30
pred_bau07,pred_bau07,Roche pRED Bau 07,LF,Lüftung,FEIN,Feinmontage,22,795.0,30.0,36.13636363636363,30.0,120.0,762.0,687.0,4.0,2020-04-17,2022-05-18,0.2497320471596999,0.657556270096463,0,0.0,,13,0,0,795.0,1.0,20
pred_bau07,pred_bau07,Roche pRED Bau 07,OTH,Sonstige,GROB,Grobmontage,40,381.0,5.0,9.525,20.0,30.0,904.0,288.0,5.0,2020-05-18,2022-11-07,0.26634512325830656,0.7502679528403001,5,0.125,,2,2,0,81.0,0.43246311010215666,10
pred_bau07,pred_bau07,Roche pRED Bau 07,OTH,Sonstige,FEIN,Feinmontage,39,385.0,10.0,9.871794871794872,15.0,15.0,607.0,312.0,5.0,2021-06-07,2023-02-03,0.47266881028938906,0.797427652733119,5,0.1282051282051282,,22,0,0,210.0,0.4370034052213394,20
pred_bau07,pred_bau07,Roche pRED Bau 07,OTH,Sonstige,END,Endmontage,16,115.0,5.0,7.1875,10.0,20.0,477.0,113.0,3.0,2021-07-26,2022-11-14,0.49892818863879956,0.7540192926045016,0,0.0,,1,0,0,0.0,0.13053348467650397,30
pred_bau07,pred_bau07,Roche pRED Bau 07,SEC,Sicherheit,FEIN,Feinmontage,1,10.0,10.0,10.0,10.0,10.0,14.0,14.0,1.0,2023-03-29,2023-04-11,0.8263665594855305,0.8333333333333334,0,0.0,,1,0,0,10.0,0.01996007984031936,20
pred_bau07,pred_bau07,Roche pRED Bau 07,SEC,Sicherheit,END,Endmontage,25,491.0,20.0,19.64,30.0,30.0,246.0,246.0,6.0,2020-10-28,2021-06-30,0.3536977491961415,0.484994640943194,0,0.0,,10,0,0,491.0,0.9800399201596807,30
pred_bau07,pred_bau07,Roche pRED Bau 07,SN,Sanitär,FEIN,Feinmontage,16,320.0,20.0,20.0,20.0,20.0,455.0,299.0,3.0,2020-09-11,2021-12-09,0.3285101822079314,0.5718113612004287,1,0.0625,,11,1,0,320.0,1.0,20
pred_bau07,pred_bau07,Roche pRED Bau 07,SPEC,Spezialmedien,FEIN,Feinmontage,18,330.0,20.0,18.333333333333332,20.0,20.0,637.0,302.0,3.0,2020-09-11,2022-06-09,0.3285101822079314,0.6693461950696677,0,0.0,,13,0,0,300.0,0.5164319248826291,20
pred_bau07,pred_bau07,Roche pRED Bau 07,SPEC,Spezialmedien,END,Endmontage,32,309.0,7.5,9.65625,20.0,40.0,397.0,226.0,5.0,2022-03-07,2023-04-07,0.6189710610932476,0.8311897106109325,6,0.1875,,3,1,0,0.0,0.4835680751173709,30
pred_bau07,pred_bau07,Roche pRED Bau 07,SPR,Sprinkler,FEIN,Feinmontage,18,345.0,20.0,19.166666666666668,20.0,20.0,862.0,300.0,3.0,2020-09-11,2023-01-20,0.3285101822079314,0.789924973204716,0,0.0,,13,0,0,345.0,1.0,20
uh1,uh1,UH1 CS Master Schedule V6,EL,Elektro,GROB,Grobmontage,80,672.0,10.0,8.4,10.0,10.0,1656.0,383.0,6.0,2023-10-30,2028-05-11,0.22373152217339193,0.884938074310827,0,0.0,,8,6,4,0.0,0.225201072386059,10
uh1,uh1,UH1 CS Master Schedule V6,EL,Elektro,FEIN,Feinmontage,259,2302.0,10.0,8.888030888030888,10.0,10.0,1660.0,846.0,9.0,2024-05-09,2028-11-23,0.3004394726328406,0.9632441070715142,0,0.0,,9,7,0,362.0,0.7714477211796247,20
uh1,uh1,UH1 CS Master Schedule V6,EL,Elektro,END,Endmontage,1,10.0,10.0,10.0,10.0,10.0,12.0,12.0,1.0,2022-11-07,2022-11-18,0.08110267678785457,0.08549740311626049,0,0.0,,0,0,0,10.0,0.003351206434316354,30
uh1,uh1,UH1 CS Master Schedule V6,ENV,Gebäudehülle,GROB,Grobmontage,1,10.0,10.0,10.0,10.0,10.0,14.0,14.0,1.0,2022-11-02,2022-11-15,0.07910507391130643,0.0842988413903316,0,0.0,,0,0,0,10.0,0.004904364884747425,10
uh1,uh1,UH1 CS Master Schedule V6,ENV,Gebäudehülle,END,Endmontage,148,2029.0,10.0,13.70945945945946,30.0,45.0,2363.0,1314.0,6.0,2022-05-09,2028-10-26,0.008389932081502197,0.9520575309628446,0,0.0,,9,7,4,315.0,0.9950956351152526,30
uh1,uh1,UH1 CS Master Schedule V6,EQUIP,Ausstattung,GROB,Grobmontage,4,8.0,2.0,2.0,2.0,2.0,634.0,10.0,1.0,2023-10-24,2025-07-18,0.22133439872153415,0.47423092289252894,0,0.0,,0,0,0,0.0,0.0047789725209080045,10
uh1,uh1,UH1 CS Master Schedule V6,EQUIP,Ausstattung,END,Endmontage,115,1666.0,15.0,14.486956521739131,20.0,89.0,1628.0,801.0,11.0,2024-04-29,2028-10-12,0.2964442668797443,0.9464642429085098,0,0.0,,12,7,0,89.0,0.995221027479092,30
uh1,uh1,UH1 CS Master Schedule V6,HZ,Heizung,GROB,Grobmontage,41,362.0,10.0,8.829268292682928,10.0,10.0,1281.0,289.0,3.0,2024-11-08,2028-05-11,0.3735517379145026,0.884938074310827,0,0.0,,8,7,4,0.0,0.3333333333333333,10
uh1,uh1,UH1 CS Master Schedule V6,HZ,Heizung,FEIN,Feinmontage,41,362.0,10.0,8.829268292682928,10.0,10.0,1303.0,277.0,3.0,2025-02-06,2028-08-31,0.40950858969236914,0.9296843787455054,0,0.0,,8,7,0,0.0,0.3333333333333333,20
uh1,uh1,UH1 CS Master Schedule V6,HZ,Heizung,END,Endmontage,41,362.0,10.0,8.829268292682928,10.0,10.0,1311.0,266.0,3.0,2025-02-26,2028-09-28,0.4174990011985617,0.9408709548541749,0,0.0,,8,7,0,362.0,0.3333333333333333,30
uh1,uh1,UH1 CS Master Schedule V6,INT,Ausbau,GROB,Grobmontage,94,816.0,10.0,8.680851063829786,10.0,10.0,1583.0,469.0,6.0,2024-03-07,2028-07-06,0.275269676388334,0.9073112265281662,0,0.0,,8,7,4,394.0,0.12151898734177215,10
uh1,uh1,UH1 CS Master Schedule V6,INT,Ausbau,FEIN,Feinmontage,48,412.0,10.0,8.583333333333334,10.0,10.0,1618.0,358.0,3.0,2024-02-29,2028-08-03,0.2724730323611666,0.9184978026368358,0,0.0,,8,7,2,382.0,0.06135517498138496,20
uh1,uh1,UH1 CS Master Schedule V6,INT,Ausbau,END,Endmontage,516,5487.0,10.0,10.633720930232558,20.0,41.0,2233.0,1065.0,22.0,2022-08-05,2028-09-14,0.043547742708749504,0.9352776667998401,0,0.0,,12,7,4,1431.0,0.8171258376768429,30
uh1,uh1,UH1 CS Master Schedule V6,KO,Konstruktion,GROB,Grobmontage,370,3278.0,10.0,8.85945945945946,10.0,120.0,2392.0,914.0,21.0,2022-07-25,2029-02-09,0.03915301638034359,0.9944067119456652,0,0.0,,11,7,4,130.0,0.6760156733347081,10
uh1,uh1,UH1 CS Master Schedule V6,KO,Konstruktion,FEIN,Feinmontage,16,48.0,3.0,3.0,5.0,5.0,1506.0,67.0,4.0,2023-12-11,2028-01-24,0.24051138633639632,0.8417898521773871,0,0.0,,5,4,0,40.0,0.009898948236749845,20
uh1,uh1,UH1 CS Master Schedule V6,KO,Konstruktion,END,Endmontage,171,1523.0,10.0,8.90643274853801,10.0,55.0,2164.0,591.0,10.0,2022-05-12,2028-04-13,0.009588493807431082,0.8737514982021574,0,0.0,,8,7,4,1523.0,0.31408537842854195,30
uh1,uh1,UH1 CS Master Schedule V6,LF,Lüftung,GROB,Grobmontage,4,8.0,2.0,2.0,2.0,2.0,636.0,12.0,1.0,2023-11-01,2025-07-28,0.2245305633240112,0.47822612864562525,0,0.0,,0,0,0,0.0,0.006700167504187605,10
uh1,uh1,UH1 CS Master Schedule V6,LF,Lüftung,FEIN,Feinmontage,127,1126.0,10.0,8.866141732283465,10.0,10.0,1646.0,775.0,5.0,2024-04-25,2028-10-26,0.2948461845785058,0.9520575309628446,0,0.0,,8,7,4,402.0,0.9430485762144054,20
uh1,uh1,UH1 CS Master Schedule V6,LF,Lüftung,END,Endmontage,4,60.0,10.0,15.0,24.000000000000004,30.0,1085.0,84.0,1.0,2025-09-12,2028-08-31,0.49660407510986815,0.9296843787455054,0,0.0,,3,2,0,30.0,0.05025125628140704,30
uh1,uh1,UH1 CS Master Schedule V6,OTH,Sonstige,GROB,Grobmontage,20,349.0,10.0,17.45,43.70000000000001,50.0,2111.0,333.0,3.0,2022-06-20,2028-03-30,0.025169796244506593,0.8681582101478226,0,0.0,,3,1,5,289.0,0.1051838456901748,10
uh1,uh1,UH1 CS Master Schedule V6,OTH,Sonstige,FEIN,Feinmontage,23,443.0,10.0,19.26086956521739,58.00000000000003,80.0,2399.0,418.0,3.0,2022-08-01,2029-02-23,0.04194966040751099,1.0,0,0.0,,3,7,2,363.0,0.13351416515973477,20
uh1,uh1,UH1 CS Master Schedule V6,OTH,Sonstige,END,Endmontage,149,2526.0,10.0,16.953020134228186,20.0,714.0,2426.0,1850.0,7.0,2022-04-18,2028-12-07,0.0,0.968837395125849,0,0.0,,11,6,7,1370.0,0.7613019891500904,30
uh1,uh1,UH1 CS Master Schedule V6,SEC,Sicherheit,GROB,Grobmontage,8,70.0,10.0,8.75,10.0,10.0,2135.0,70.0,2.0,2023-02-17,2028-12-21,0.12185377546943668,0.9744306831801838,0,0.0,,0,6,0,10.0,0.16587677725118483,10
uh1,uh1,UH1 CS Master Schedule V6,SEC,Sicherheit,FEIN,Feinmontage,38,332.0,10.0,8.736842105263158,10.0,10.0,1255.0,274.0,3.0,2024-09-11,2028-02-17,0.35037954454654413,0.8513783459848182,0,0.0,,8,6,4,0.0,0.7867298578199052,20
uh1,uh1,UH1 CS Master Schedule V6,SEC,Sicherheit,END,Endmontage,2,20.0,10.0,10.0,10.0,10.0,2462.0,34.0,1.0,2022-04-18,2029-01-12,0.0,0.9832201358369956,0,0.0,,0,1,0,20.0,0.04739336492890995,30
uh1,uh1,UH1 CS Master Schedule V6,SITE,Umgebung,GROB,Grobmontage,3,19.0,5.0,6.333333333333333,9.0,10.0,675.0,23.0,1.0,2022-08-29,2024-07-03,0.05313623651618058,0.32241310427487013,0,0.0,,0,0,0,19.0,0.7916666666666666,10
uh1,uh1,UH1 CS Master Schedule V6,SITE,Umgebung,END,Endmontage,1,5.0,5.0,5.0,5.0,5.0,5.0,5.0,1.0,2022-10-24,2022-10-28,0.07550938873351977,0.07710747103475829,0,0.0,,0,0,0,5.0,0.20833333333333334,30
uh1,uh1,UH1 CS Master Schedule V6,SN,Sanitär,GROB,Grobmontage,8,48.0,6.0,6.0,10.0,10.0,845.0,64.0,1.0,2023-10-26,2026-02-16,0.22213343987215342,0.5593288054334798,0,0.0,,0,0,0,40.0,0.041025641025641026,10
uh1,uh1,UH1 CS Master Schedule V6,SN,Sanitär,FEIN,Feinmontage,80,760.0,10.0,9.5,10.0,66.0,1950.0,658.0,3.0,2023-05-01,2028-08-31,0.15101877746703954,0.9296843787455054,0,0.0,,8,7,5,66.0,0.6495726495726496,20
uh1,uh1,UH1 CS Master Schedule V6,SN,Sanitär,END,Endmontage,41,362.0,10.0,8.829268292682928,10.0,10.0,1289.0,298.0,3.0,2024-11-28,2028-06-08,0.38154214942069514,0.8961246504194966,0,0.0,,8,7,2,362.0,0.3094017094017094,30
uh1,uh1,UH1 CS Master Schedule V6,SPR,Sprinkler,GROB,Grobmontage,4,40.0,10.0,10.0,10.0,10.0,649.0,56.0,1.0,2024-04-25,2026-02-02,0.2948461845785058,0.5537355173791451,0,0.0,,0,0,0,40.0,1.0,10
uh1,uh1,UH1 CS Master Schedule V6,TRANS,Transport,FEIN,Feinmontage,6,190.0,40.0,31.666666666666668,40.0,40.0,1225.0,154.0,2.0,2024-06-13,2027-10-20,0.31442269276867757,0.8034358769476628,0,0.0,,0,5,0,0.0,1.0,20
usb,usb,USB NBK2 Basel,AUTO,Automation,END,Endmontage,18,450.0,25.0,25.0,30.0,40.0,505.0,314.0,8.0,2028-09-28,2030-02-14,0.5384057971014493,0.9036231884057971,0,0.0,,18,0,0,0.0,1.0,30
usb,usb,USB NBK2 Basel,EL,Elektro,GROB,Grobmontage,75,866.0,10.0,11.546666666666667,20.0,30.0,837.0,563.0,6.0,2026-11-02,2029-02-15,0.034057971014492754,0.6398550724637682,0,0.0,,20,0,0,40.0,0.20252572497661367,10
usb,usb,USB NBK2 Basel,EL,Elektro,FEIN,Feinmontage,233,2677.0,10.0,11.489270386266094,20.0,40.0,1191.0,1066.0,10.0,2026-09-17,2029-12-20,0.0007246376811594203,0.8630434782608696,0,0.0,,20,0,0,0.0,0.6260523854069223,20
usb,usb,USB NBK2 Basel,EL,Elektro,END,Endmontage,148,733.0,3.0,4.952702702702703,10.0,40.0,1065.0,641.0,5.0,2026-09-17,2029-08-16,0.0007246376811594203,0.7717391304347826,0,0.0,,20,0,0,123.0,0.17142188961646398,30
usb,usb,USB NBK2 Basel,ENV,Gebäudehülle,GROB,Grobmontage,13,13.0,1.0,1.0,1.0,1.0,328.0,12.0,2.0,2027-06-23,2028-05-15,0.2028985507246377,0.4398550724637681,0,0.0,,13,0,0,13.0,0.24528301886792453,10
usb,usb,USB NBK2 Basel,ENV,Gebäudehülle,FEIN,Feinmontage,1,20.0,20.0,20.0,20.0,20.0,29.0,29.0,1.0,2028-07-10,2028-08-07,0.48043478260869565,0.5007246376811594,0,0.0,,1,0,0,0.0,0.37735849056603776,20
usb,usb,USB NBK2 Basel,ENV,Gebäudehülle,END,Endmontage,1,20.0,20.0,20.0,20.0,20.0,26.0,26.0,1.0,2028-06-12,2028-07-07,0.4601449275362319,0.4782608695652174,0,0.0,,1,0,0,0.0,0.37735849056603776,30
usb,usb,USB NBK2 Basel,EQUIP,Ausstattung,GROB,Grobmontage,16,160.0,7.5,10.0,20.0,20.0,568.0,223.0,2.0,2026-11-26,2028-06-15,0.05144927536231884,0.4623188405797101,0,0.0,,15,0,0,0.0,0.07223476297968397,10
usb,usb,USB NBK2 Basel,EQUIP,Ausstattung,END,Endmontage,91,2055.0,20.0,22.582417582417584,20.0,120.0,1085.0,779.0,11.0,2027-05-11,2030-04-29,0.17173913043478262,0.9572463768115942,0,0.0,,16,0,0,200.0,0.927765237020316,30
usb,usb,USB NBK2 Basel,GAS,Gas,GROB,Grobmontage,16,380.0,20.0,23.75,35.0,50.0,593.0,456.0,2.0,2027-02-08,2028-09-22,0.10507246376811594,0.5340579710144927,0,0.0,,16,0,0,0.0,0.9743589743589743,10
usb,usb,USB NBK2 Basel,GAS,Gas,FEIN,Feinmontage,1,10.0,10.0,10.0,10.0,10.0,14.0,14.0,1.0,2028-06-21,2028-07-04,0.4666666666666667,0.47608695652173916,0,0.0,,0,0,0,10.0,0.02564102564102564,20
usb,usb,USB NBK2 Basel,HZ,Heizung,GROB,Grobmontage,77,1214.0,14.0,15.766233766233766,30.0,50.0,732.0,693.0,8.0,2026-10-06,2028-10-06,0.014492753623188406,0.5442028985507247,0,0.0,,20,0,0,10.0,0.5591893136803316,10
usb,usb,USB NBK2 Basel,HZ,Heizung,FEIN,Feinmontage,56,613.0,10.0,10.946428571428571,20.0,20.0,819.0,532.0,4.0,2027-01-26,2029-04-23,0.09565217391304348,0.6884057971014492,0,0.0,,19,0,0,0.0,0.2823583602026716,20
usb,usb,USB NBK2 Basel,HZ,Heizung,END,Endmontage,33,344.0,10.0,10.424242424242424,15.0,15.0,840.0,434.0,4.0,2027-04-30,2029-08-16,0.16376811594202897,0.7717391304347826,0,0.0,,19,0,0,109.0,0.15845232611699678,30
usb,usb,USB NBK2 Basel,INT,Ausbau,GROB,Grobmontage,96,889.0,10.0,9.260416666666666,15.0,30.0,773.0,572.0,6.0,2026-09-16,2028-10-27,0.0,0.5594202898550724,0,0.0,,20,0,0,290.0,0.17590027700831026,10
usb,usb,USB NBK2 Basel,INT,Ausbau,FEIN,Feinmontage,1,20.0,20.0,20.0,20.0,20.0,29.0,29.0,1.0,2028-07-10,2028-08-07,0.48043478260869565,0.5007246376811594,0,0.0,,1,0,0,0.0,0.003957261574990107,20
usb,usb,USB NBK2 Basel,INT,Ausbau,END,Endmontage,429,4145.0,10.0,9.662004662004662,20.0,80.0,1071.0,958.0,15.0,2026-09-25,2029-08-30,0.006521739130434782,0.7818840579710145,0,0.0,,20,0,0,659.0,0.8201424614166997,30
usb,usb,USB NBK2 Basel,KO,Konstruktion,GROB,Grobmontage,92,587.0,3.0,6.380434782608695,14.500000000000028,30.0,709.0,425.0,6.0,2026-09-21,2028-08-29,0.0036231884057971015,0.5166666666666667,0,0.0,,6,0,0,83.0,0.9750830564784053,10
usb,usb,USB NBK2 Basel,KO,Konstruktion,FEIN,Feinmontage,1,15.0,15.0,15.0,15.0,15.0,21.0,21.0,1.0,2028-08-22,2028-09-11,0.5115942028985507,0.5260869565217391,0,0.0,,1,0,0,0.0,0.024916943521594685,20
usb,usb,USB NBK2 Basel,KT,Kälte,GROB,Grobmontage,2,12.0,6.0,6.0,9.2,10.0,365.0,16.0,1.0,2027-01-28,2028-01-27,0.09710144927536232,0.36086956521739133,0,0.0,,2,0,0,0.0,1.0,10
usb,usb,USB NBK2 Basel,LF,Lüftung,GROB,Grobmontage,73,1126.0,10.0,15.424657534246576,30.0,50.0,733.0,681.0,7.0,2026-10-19,2028-10-20,0.02391304347826087,0.5543478260869565,0,0.0,,20,0,0,0.0,0.40945454545454546,10
usb,usb,USB NBK2 Basel,LF,Lüftung,FEIN,Feinmontage,11,200.0,15.0,18.181818181818183,25.0,30.0,784.0,251.0,3.0,2027-02-03,2029-03-27,0.10144927536231885,0.6688405797101449,0,0.0,,5,0,0,0.0,0.07272727272727272,20
usb,usb,USB NBK2 Basel,LF,Lüftung,END,Endmontage,51,1424.0,15.0,27.92156862745098,60.0,60.0,1173.0,761.0,9.0,2027-04-12,2030-06-27,0.15072463768115943,1.0,0,0.0,,19,0,0,1189.0,0.5178181818181818,30
usb,usb,USB NBK2 Basel,OTH,Sonstige,END,Endmontage,171,516.0,2.0,3.017543859649123,5.0,5.0,952.0,466.0,4.0,2027-01-29,2029-09-06,0.09782608695652174,0.7869565217391304,0,0.0,,20,0,0,0.0,1.0,30
usb,usb,USB NBK2 Basel,SEC,Sicherheit,FEIN,Feinmontage,21,230.0,10.0,10.952380952380953,10.0,20.0,561.0,259.0,3.0,2027-04-09,2028-10-20,0.14855072463768115,0.5543478260869565,0,0.0,,16,0,0,0.0,1.0,20
usb,usb,USB NBK2 Basel,SN,Sanitär,GROB,Grobmontage,65,1038.0,14.0,15.96923076923077,30.0,50.0,740.0,661.0,7.0,2026-10-05,2028-10-13,0.013768115942028985,0.5492753623188406,0,0.0,,20,0,0,0.0,0.46153846153846156,10
usb,usb,USB NBK2 Basel,SN,Sanitär,FEIN,Feinmontage,46,660.0,10.0,14.347826086956522,20.0,20.0,959.0,388.0,9.0,2027-03-12,2029-10-25,0.1282608695652174,0.822463768115942,0,0.0,,17,0,1,500.0,0.2934637616718542,20
usb,usb,USB NBK2 Basel,SN,Sanitär,END,Endmontage,60,551.0,10.0,9.183333333333334,15.0,20.0,898.0,551.0,4.0,2027-03-03,2029-08-16,0.12173913043478261,0.7717391304347826,0,0.0,,20,0,0,120.0,0.2449977767896843,30
usb,usb,USB NBK2 Basel,SPEC,Spezialmedien,FEIN,Feinmontage,1,5.0,5.0,5.0,5.0,5.0,5.0,5.0,1.0,2028-06-26,2028-06-30,0.4702898550724638,0.4731884057971015,0,0.0,,1,0,0,0.0,1.0,20
usb,usb,USB NBK2 Basel,SPR,Sprinkler,GROB,Grobmontage,65,1046.0,14.0,16.092307692307692,30.0,50.0,712.0,660.0,7.0,2026-10-26,2028-10-06,0.028985507246376812,0.5442028985507247,0,0.0,,20,0,0,0.0,0.9500454132606722,10
usb,usb,USB NBK2 Basel,SPR,Sprinkler,FEIN,Feinmontage,4,55.0,12.5,13.75,18.5,20.0,838.0,74.0,1.0,2026-12-07,2029-03-23,0.059420289855072465,0.6659420289855073,0,0.0,,3,0,0,0.0,0.049954586739327886,20
usb,usb,USB NBK2 Basel,TRANS,Transport,GROB,Grobmontage,25,412.0,20.0,16.48,20.0,50.0,677.0,470.0,3.0,2026-11-16,2028-09-22,0.04420289855072464,0.5340579710144927,0,0.0,,18,0,0,0.0,0.8728813559322034,10
usb,usb,USB NBK2 Basel,TRANS,Transport,FEIN,Feinmontage,3,60.0,20.0,20.0,20.0,20.0,360.0,87.0,1.0,2027-03-08,2028-03-01,0.12536231884057972,0.3855072463768116,0,0.0,,3,0,0,0.0,0.1271186440677966,20
